case_id,person_id,nom,case_type,field,assignment,src_row,dst_row,match_status,match_confidence,source_fields,source_value,destination_value,source_normalized,destination_normalized,expected_value,alt_expected_value,stage1_result,rule_id,rule_name,rule_type,rule_outcome,rule_note,certainty,deterministic_verdict,verdict,confidence,priority,priority_score,explanation,ai_hypothesis,ai_suggested_action,ai_suggested_verdict,proposed_action,pattern_id,systemic,ambiguity_id,quality_flag,inputs,context,evidence,mapping_ref,confidence_detail,priority_detail,human_decision,human_decision_source,human_comment,human_decided_at,reviewed_verdict
C-2762457-S8-D7-contractTypeCode,2762457,Pre2762457 Nom2762457,COMPARAISON_CHAMP,contractTypeCode,P · poste 30106 · emploi 6203 · début 2009-03-30,8,7,APPARIE,1.0,"CatégorieEmploi, EMPT_CD, EstPermanent, PERM_IND, EstTempsPlein, FT_IND",V,WHX,v,whx,JWN,,DIFFERENT,R_CONTRACT_TYPE,Type d'employé : table SI PERM_IND / FT_IND / EMPTP_CD,REGLE_DETERMINISTE,MISMATCH,,DERIVE,ANOMALIE,ANOMALIE,0.95,HAUTE,85,"Niveau 2 : R_CONTRACT_TYPE [Mapping.xlsx › Mapping, lignes 24-40] attend 'JWN' (ligne de règle appliquée : SI PERM_IND=1 et FT_IND=1 et EMPTP_CD=""V"" --> Mettre ""JWN"") ; la destination contient 'WHX'. Aucune règle documentée n'explique l'écart.","Valeurs probablement interverties avec l'employé 4625374 (ligne destination 8) : cet enregistrement a reçu 'WHX' attendu chez 4625374, qui a reçu la valeur attendue ici ('JWN').",Corriger les deux enregistrements (2762457 et 4625374) ; vérifier l'ordre/la clé de chargement de l'interface.,,Corriger contractTypeCode dans le système B : 'WHX' → 'JWN' (valeur dérivée de la source). Validation humaine requise.,P-SWAP-contractTypeCode-2762457-4625374,False,,,"{""CatégorieEmploi"": ""V"", ""EstPermanent"": ""Oui (1)"", ""EstTempsPlein"": ""Oui (1)""}",,"Employe_Source_Anonymise_VF.xlsx ligne 8 ; Employe_Destination_Anonymise_VF.xlsx ligne 7 ; Mapping.xlsx › Mapping, lignes 24-40","Mapping.xlsx › Mapping, lignes 24-40",base ANOMALIE=0.90 ; ×appariement 1.00 ; motif corroborant +0.05 = 0.95,verdict 45 + impact champ 25 + confiance +10 + motif récurrent +5 = 85,,,,,ANOMALIE
C-2911996-S16-D15-weeklyHoursOverride,2911996,Pre2911996 Nom2911996,COMPARAISON_CHAMP,weeklyHoursOverride,P · poste 12548 · emploi 6051 · début 2000-04-01,16,15,APPARIE,1.0,HeuresNormeHebdo,35,40,35,40,35,,DIFFERENT,R_DIRECT,Copie directe (mapping N/A),COMPARAISON_BRUTE,MISMATCH,valeur destination égale à heures_semaine_poste,CERTAIN,ANOMALIE,ANOMALIE,0.95,HAUTE,85,Niveau 1 : copie directe attendue (mapping N/A) mais HeuresNormeHebdo='35' ≠ weeklyHoursOverride='40' (valeur destination égale à heures_semaine_poste). Aucune règle documentée n'explique l'écart.,La destination semble avoir repris la valeur par défaut du poste (détail du poste) au lieu de la valeur propre à l'employé. (valeur destination '40' = valeur du poste),Vérifier pourquoi l'interface n'a pas transmis la valeur employé (règle de repli sur le poste ?) puis corriger la valeur destination.,,Corriger weeklyHoursOverride dans le système B : '40' → '35' (valeur dérivée de la source). Validation humaine requise.,P-REC-REPLI_VALEUR_DEFAUT_POSTE,False,,,"{""HeuresNormeHebdo"": ""35""}","{""heures_semaine_poste"": 40, ""CodeQuart"": ""8""}","Employe_Source_Anonymise_VF.xlsx ligne 16 ; Employe_Destination_Anonymise_VF.xlsx ligne 15 ; Mapping.xlsx › Mapping, ligne 51 ; détail_du_poste.xlsx (contexte) lignes 75","Mapping.xlsx › Mapping, ligne 51",base ANOMALIE=0.90 ; ×appariement 1.00 ; motif corroborant +0.05 = 0.95,verdict 45 + impact champ 25 + confiance +10 + motif récurrent +5 = 85,,,,,ANOMALIE
C-2911996-S16-D15-dailyHoursOverride,2911996,Pre2911996 Nom2911996,COMPARAISON_CHAMP,dailyHoursOverride,P · poste 12548 · emploi 6051 · début 2000-04-01,16,15,APPARIE,1.0,HeuresNormeQuotidienne,7,8,7,8,7,,DIFFERENT,R_DIRECT,Copie directe (mapping N/A),COMPARAISON_BRUTE,MISMATCH,valeur destination égale à heures_jour_poste,CERTAIN,ANOMALIE,ANOMALIE,0.95,HAUTE,85,Niveau 1 : copie directe attendue (mapping N/A) mais HeuresNormeQuotidienne='7' ≠ dailyHoursOverride='8' (valeur destination égale à heures_jour_poste). Aucune règle documentée n'explique l'écart.,La destination semble avoir repris la valeur par défaut du poste (détail du poste) au lieu de la valeur propre à l'employé. (valeur destination '8' = valeur du poste),Vérifier pourquoi l'interface n'a pas transmis la valeur employé (règle de repli sur le poste ?) puis corriger la valeur destination.,,Corriger dailyHoursOverride dans le système B : '8' → '7' (valeur dérivée de la source). Validation humaine requise.,P-REC-REPLI_VALEUR_DEFAUT_POSTE,False,,,"{""HeuresNormeQuotidienne"": ""7""}","{""heures_jour_poste"": 8, ""CodeQuart"": ""8""}","Employe_Source_Anonymise_VF.xlsx ligne 16 ; Employe_Destination_Anonymise_VF.xlsx ligne 15 ; Mapping.xlsx › Mapping, ligne 52 ; détail_du_poste.xlsx (contexte) lignes 75","Mapping.xlsx › Mapping, ligne 52",base ANOMALIE=0.90 ; ×appariement 1.00 ; motif corroborant +0.05 = 0.95,verdict 45 + impact champ 25 + confiance +10 + motif récurrent +5 = 85,,,,,ANOMALIE
C-3712987-S18-D17-contractTypeCode,3712987,Pre3712987 Nom3712987,COMPARAISON_CHAMP,contractTypeCode,P · poste 86337 · emploi 6031 · début 2016-05-09,18,17,APPARIE,1.0,"CatégorieEmploi, EMPT_CD, EstPermanent, PERM_IND, EstTempsPlein, FT_IND",V,XFLR,v,xflr,JWN,,DIFFERENT,R_CONTRACT_TYPE,Type d'employé : table SI PERM_IND / FT_IND / EMPTP_CD,REGLE_DETERMINISTE,MISMATCH,,DERIVE,ANOMALIE,ANOMALIE,0.95,HAUTE,85,"Niveau 2 : R_CONTRACT_TYPE [Mapping.xlsx › Mapping, lignes 24-40] attend 'JWN' (ligne de règle appliquée : SI PERM_IND=1 et FT_IND=1 et EMPTP_CD=""V"" --> Mettre ""JWN"") ; la destination contient 'XFLR'. Aucune règle documentée n'explique l'écart.","Valeurs probablement interverties avec l'employé 7254364 (ligne destination 18) : cet enregistrement a reçu 'XFLR' attendu chez 7254364, qui a reçu la valeur attendue ici ('JWN').",Corriger les deux enregistrements (3712987 et 7254364) ; vérifier l'ordre/la clé de chargement de l'interface.,,Corriger contractTypeCode dans le système B : 'XFLR' → 'JWN' (valeur dérivée de la source). Validation humaine requise.,P-SWAP-contractTypeCode-3712987-7254364,False,,,"{""CatégorieEmploi"": ""V"", ""EstPermanent"": ""Oui (1)"", ""EstTempsPlein"": ""Oui (1)""}",,"Employe_Source_Anonymise_VF.xlsx ligne 18 ; Employe_Destination_Anonymise_VF.xlsx ligne 17 ; Mapping.xlsx › Mapping, lignes 24-40","Mapping.xlsx › Mapping, lignes 24-40",base ANOMALIE=0.90 ; ×appariement 1.00 ; motif corroborant +0.05 = 0.95,verdict 45 + impact champ 25 + confiance +10 + motif récurrent +5 = 85,,,,,ANOMALIE
C-4402456-S17-D16-weeklyHoursOverride,4402456,Pre4402456 Nom4402456,COMPARAISON_CHAMP,weeklyHoursOverride,P · poste 26586 · emploi 6031 · début 2001-02-05,17,16,APPARIE,1.0,HeuresNormeHebdo,36,40,36,40,36,,DIFFERENT,R_DIRECT,Copie directe (mapping N/A),COMPARAISON_BRUTE,MISMATCH,valeur destination égale à heures_semaine_poste,CERTAIN,ANOMALIE,ANOMALIE,0.95,HAUTE,85,Niveau 1 : copie directe attendue (mapping N/A) mais HeuresNormeHebdo='36' ≠ weeklyHoursOverride='40' (valeur destination égale à heures_semaine_poste). Aucune règle documentée n'explique l'écart.,La destination semble avoir repris la valeur par défaut du poste (détail du poste) au lieu de la valeur propre à l'employé. (valeur destination '40' = valeur du poste),Vérifier pourquoi l'interface n'a pas transmis la valeur employé (règle de repli sur le poste ?) puis corriger la valeur destination.,,Corriger weeklyHoursOverride dans le système B : '40' → '36' (valeur dérivée de la source). Validation humaine requise.,P-REC-REPLI_VALEUR_DEFAUT_POSTE,False,,,"{""HeuresNormeHebdo"": ""36""}","{""heures_semaine_poste"": 40, ""CodeQuart"": ""9""}","Employe_Source_Anonymise_VF.xlsx ligne 17 ; Employe_Destination_Anonymise_VF.xlsx ligne 16 ; Mapping.xlsx › Mapping, ligne 51 ; détail_du_poste.xlsx (contexte) lignes 80","Mapping.xlsx › Mapping, ligne 51",base ANOMALIE=0.90 ; ×appariement 1.00 ; motif corroborant +0.05 = 0.95,verdict 45 + impact champ 25 + confiance +10 + motif récurrent +5 = 85,,,,,ANOMALIE
C-4402456-S17-D16-dailyHoursOverride,4402456,Pre4402456 Nom4402456,COMPARAISON_CHAMP,dailyHoursOverride,P · poste 26586 · emploi 6031 · début 2001-02-05,17,16,APPARIE,1.0,HeuresNormeQuotidienne,7.2,8,7.2,8,7.2,,DIFFERENT,R_DIRECT,Copie directe (mapping N/A),COMPARAISON_BRUTE,MISMATCH,valeur destination égale à heures_jour_poste,CERTAIN,ANOMALIE,ANOMALIE,0.95,HAUTE,85,Niveau 1 : copie directe attendue (mapping N/A) mais HeuresNormeQuotidienne='7.2' ≠ dailyHoursOverride='8' (valeur destination égale à heures_jour_poste). Aucune règle documentée n'explique l'écart.,La destination semble avoir repris la valeur par défaut du poste (détail du poste) au lieu de la valeur propre à l'employé. (valeur destination '8' = valeur du poste),Vérifier pourquoi l'interface n'a pas transmis la valeur employé (règle de repli sur le poste ?) puis corriger la valeur destination.,,Corriger dailyHoursOverride dans le système B : '8' → '7.2' (valeur dérivée de la source). Validation humaine requise.,P-REC-REPLI_VALEUR_DEFAUT_POSTE,False,,,"{""HeuresNormeQuotidienne"": ""7.2""}","{""heures_jour_poste"": 8, ""CodeQuart"": ""9""}","Employe_Source_Anonymise_VF.xlsx ligne 17 ; Employe_Destination_Anonymise_VF.xlsx ligne 16 ; Mapping.xlsx › Mapping, ligne 52 ; détail_du_poste.xlsx (contexte) lignes 80","Mapping.xlsx › Mapping, ligne 52",base ANOMALIE=0.90 ; ×appariement 1.00 ; motif corroborant +0.05 = 0.95,verdict 45 + impact champ 25 + confiance +10 + motif récurrent +5 = 85,,,,,ANOMALIE
C-4625374-S9-D8-contractTypeCode,4625374,Pre4625374 Nom4625374,COMPARAISON_CHAMP,contractTypeCode,P · poste 43478 · emploi 6203 · début 2025-03-24,9,8,APPARIE,1.0,"CatégorieEmploi, EMPT_CD, EstPermanent, PERM_IND, EstTempsPlein, FT_IND",O,JWN,o,jwn,WHX,,DIFFERENT,R_CONTRACT_TYPE,Type d'employé : table SI PERM_IND / FT_IND / EMPTP_CD,REGLE_DETERMINISTE,MISMATCH,,DERIVE,ANOMALIE,ANOMALIE,0.95,HAUTE,85,"Niveau 2 : R_CONTRACT_TYPE [Mapping.xlsx › Mapping, lignes 24-40] attend 'WHX' (ligne de règle appliquée : SI EMPTP_CD=""O"" (Occasionnel - Surnuméraire) --> Mettre ""WHX"") ; la destination contient 'JWN'. Aucune règle documentée n'explique l'écart.","Valeurs probablement interverties avec l'employé 2762457 (ligne destination 7) : cet enregistrement a reçu 'JWN' attendu chez 2762457, qui a reçu la valeur attendue ici ('WHX').",Corriger les deux enregistrements (2762457 et 4625374) ; vérifier l'ordre/la clé de chargement de l'interface.,,Corriger contractTypeCode dans le système B : 'JWN' → 'WHX' (valeur dérivée de la source). Validation humaine requise.,P-SWAP-contractTypeCode-2762457-4625374,False,,,"{""CatégorieEmploi"": ""O"", ""EstPermanent"": ""Non (0)"", ""EstTempsPlein"": ""Non (0)""}",,"Employe_Source_Anonymise_VF.xlsx ligne 9 ; Employe_Destination_Anonymise_VF.xlsx ligne 8 ; Mapping.xlsx › Mapping, lignes 24-40","Mapping.xlsx › Mapping, lignes 24-40",base ANOMALIE=0.90 ; ×appariement 1.00 ; motif corroborant +0.05 = 0.95,verdict 45 + impact champ 25 + confiance +10 + motif récurrent +5 = 85,,,,,ANOMALIE
C-7254364-S19-D18-contractTypeCode,7254364,Pre7254364 Nom7254364,COMPARAISON_CHAMP,contractTypeCode,P · poste 14553 · emploi 6754 · début 2025-10-20,19,18,APPARIE,1.0,"CatégorieEmploi, EMPT_CD, EstPermanent, PERM_IND, EstTempsPlein, FT_IND",V,JWN,v,jwn,XFLR,,DIFFERENT,R_CONTRACT_TYPE,Type d'employé : table SI PERM_IND / FT_IND / EMPTP_CD,REGLE_DETERMINISTE,MISMATCH,,DERIVE,ANOMALIE,ANOMALIE,0.95,HAUTE,85,"Niveau 2 : R_CONTRACT_TYPE [Mapping.xlsx › Mapping, lignes 24-40] attend 'XFLR' (ligne de règle appliquée : SI PERM_IND=1 et FT_IND=0 et EMPTP_CD=""V"" --> Mettre ""XFLR"") ; la destination contient 'JWN'. Aucune règle documentée n'explique l'écart.","Valeurs probablement interverties avec l'employé 3712987 (ligne destination 17) : cet enregistrement a reçu 'JWN' attendu chez 3712987, qui a reçu la valeur attendue ici ('XFLR').",Corriger les deux enregistrements (3712987 et 7254364) ; vérifier l'ordre/la clé de chargement de l'interface.,,Corriger contractTypeCode dans le système B : 'JWN' → 'XFLR' (valeur dérivée de la source). Validation humaine requise.,P-SWAP-contractTypeCode-3712987-7254364,False,,,"{""CatégorieEmploi"": ""V"", ""EstPermanent"": ""Oui (1)"", ""EstTempsPlein"": ""Non (0)""}",,"Employe_Source_Anonymise_VF.xlsx ligne 19 ; Employe_Destination_Anonymise_VF.xlsx ligne 18 ; Mapping.xlsx › Mapping, lignes 24-40","Mapping.xlsx › Mapping, lignes 24-40",base ANOMALIE=0.90 ; ×appariement 1.00 ; motif corroborant +0.05 = 0.95,verdict 45 + impact champ 25 + confiance +10 + motif récurrent +5 = 85,,,,,ANOMALIE
C-7683990-S22-D22-weeklyHoursOverride,7683990,Pre7683990 Nom7683990,COMPARAISON_CHAMP,weeklyHoursOverride,P · poste 15514 · emploi 6725 · début 2015-03-23,22,22,APPARIE,1.0,HeuresNormeHebdo,36,40,36,40,36,,DIFFERENT,R_DIRECT,Copie directe (mapping N/A),COMPARAISON_BRUTE,MISMATCH,valeur destination égale à heures_semaine_poste,CERTAIN,ANOMALIE,ANOMALIE,0.95,HAUTE,85,Niveau 1 : copie directe attendue (mapping N/A) mais HeuresNormeHebdo='36' ≠ weeklyHoursOverride='40' (valeur destination égale à heures_semaine_poste). Aucune règle documentée n'explique l'écart.,La destination semble avoir repris la valeur par défaut du poste (détail du poste) au lieu de la valeur propre à l'employé. (valeur destination '40' = valeur du poste),Vérifier pourquoi l'interface n'a pas transmis la valeur employé (règle de repli sur le poste ?) puis corriger la valeur destination.,,Corriger weeklyHoursOverride dans le système B : '40' → '36' (valeur dérivée de la source). Validation humaine requise.,P-REC-REPLI_VALEUR_DEFAUT_POSTE,False,,,"{""HeuresNormeHebdo"": ""36""}","{""heures_semaine_poste"": 40, ""CodeQuart"": ""9""}","Employe_Source_Anonymise_VF.xlsx ligne 22 ; Employe_Destination_Anonymise_VF.xlsx ligne 22 ; Mapping.xlsx › Mapping, ligne 51 ; détail_du_poste.xlsx (contexte) lignes 105","Mapping.xlsx › Mapping, ligne 51",base ANOMALIE=0.90 ; ×appariement 1.00 ; motif corroborant +0.05 = 0.95,verdict 45 + impact champ 25 + confiance +10 + motif récurrent +5 = 85,,,,,ANOMALIE
C-7683990-S22-D22-dailyHoursOverride,7683990,Pre7683990 Nom7683990,COMPARAISON_CHAMP,dailyHoursOverride,P · poste 15514 · emploi 6725 · début 2015-03-23,22,22,APPARIE,1.0,HeuresNormeQuotidienne,7.2,8,7.2,8,7.2,,DIFFERENT,R_DIRECT,Copie directe (mapping N/A),COMPARAISON_BRUTE,MISMATCH,valeur destination égale à heures_jour_poste,CERTAIN,ANOMALIE,ANOMALIE,0.95,HAUTE,85,Niveau 1 : copie directe attendue (mapping N/A) mais HeuresNormeQuotidienne='7.2' ≠ dailyHoursOverride='8' (valeur destination égale à heures_jour_poste). Aucune règle documentée n'explique l'écart.,La destination semble avoir repris la valeur par défaut du poste (détail du poste) au lieu de la valeur propre à l'employé. (valeur destination '8' = valeur du poste),Vérifier pourquoi l'interface n'a pas transmis la valeur employé (règle de repli sur le poste ?) puis corriger la valeur destination.,,Corriger dailyHoursOverride dans le système B : '8' → '7.2' (valeur dérivée de la source). Validation humaine requise.,P-REC-REPLI_VALEUR_DEFAUT_POSTE,False,,,"{""HeuresNormeQuotidienne"": ""7.2""}","{""heures_jour_poste"": 8, ""CodeQuart"": ""9""}","Employe_Source_Anonymise_VF.xlsx ligne 22 ; Employe_Destination_Anonymise_VF.xlsx ligne 22 ; Mapping.xlsx › Mapping, ligne 52 ; détail_du_poste.xlsx (contexte) lignes 105","Mapping.xlsx › Mapping, ligne 52",base ANOMALIE=0.90 ; ×appariement 1.00 ; motif corroborant +0.05 = 0.95,verdict 45 + impact champ 25 + confiance +10 + motif récurrent +5 = 85,,,,,ANOMALIE
C-3241002-S14-D13-siteName,3241002,Pre3241002 Nom3241002,COMPARAISON_CHAMP,siteName,P · poste 88622 · emploi 6203 · début 2009-03-30,14,13,APPARIE,1.0,LibelléSite,Emplacement48,Emplacement35,emplacement48,emplacement35,Emplacement48,,DIFFERENT,R_DIRECT,Copie directe (mapping N/A),COMPARAISON_BRUTE,MISMATCH,,CERTAIN,ANOMALIE,ANOMALIE,0.95,HAUTE,68,Niveau 1 : copie directe attendue (mapping N/A) mais LibelléSite='Emplacement48' ≠ siteName='Emplacement35'. Aucune règle documentée n'explique l'écart.,"Valeurs probablement interverties avec l'employé 6035643 (ligne destination 12) : cet enregistrement a reçu 'Emplacement35' attendu chez 6035643, qui a reçu la valeur attendue ici ('Emplacement48').",Corriger les deux enregistrements (3241002 et 6035643) ; vérifier l'ordre/la clé de chargement de l'interface.,,Corriger siteName dans le système B : 'Emplacement35' → 'Emplacement48' (valeur dérivée de la source). Validation humaine requise.,P-SWAP-siteName-3241002-6035643,False,,,"{""LibelléSite"": ""Emplacement48""}",,"Employe_Source_Anonymise_VF.xlsx ligne 14 ; Employe_Destination_Anonymise_VF.xlsx ligne 13 ; Mapping.xlsx › Mapping, ligne 9","Mapping.xlsx › Mapping, ligne 9",base ANOMALIE=0.90 ; ×appariement 1.00 ; motif corroborant +0.05 = 0.95,verdict 45 + impact champ 8 + confiance +10 + motif récurrent +5 = 68,,,,,ANOMALIE
C-6035643-S13-D12-siteName,6035643,Pre6035643 Nom6035643,COMPARAISON_CHAMP,siteName,P · poste 47056 · emploi 6622 · début 2023-02-13,13,12,APPARIE,1.0,LibelléSite,Emplacement35,Emplacement48,emplacement35,emplacement48,Emplacement35,,DIFFERENT,R_DIRECT,Copie directe (mapping N/A),COMPARAISON_BRUTE,MISMATCH,,CERTAIN,ANOMALIE,ANOMALIE,0.95,HAUTE,68,Niveau 1 : copie directe attendue (mapping N/A) mais LibelléSite='Emplacement35' ≠ siteName='Emplacement48'. Aucune règle documentée n'explique l'écart.,"Valeurs probablement interverties avec l'employé 3241002 (ligne destination 13) : cet enregistrement a reçu 'Emplacement48' attendu chez 3241002, qui a reçu la valeur attendue ici ('Emplacement35').",Corriger les deux enregistrements (3241002 et 6035643) ; vérifier l'ordre/la clé de chargement de l'interface.,,Corriger siteName dans le système B : 'Emplacement48' → 'Emplacement35' (valeur dérivée de la source). Validation humaine requise.,P-SWAP-siteName-3241002-6035643,False,,,"{""LibelléSite"": ""Emplacement35""}",,"Employe_Source_Anonymise_VF.xlsx ligne 13 ; Employe_Destination_Anonymise_VF.xlsx ligne 12 ; Mapping.xlsx › Mapping, ligne 9","Mapping.xlsx › Mapping, ligne 9",base ANOMALIE=0.90 ; ×appariement 1.00 ; motif corroborant +0.05 = 0.95,verdict 45 + impact champ 8 + confiance +10 + motif récurrent +5 = 68,,,,,ANOMALIE
C-1545850-S2-D2-positionName,1545850,Pre1545850 Nom1545850,COMPARAISON_CHAMP,positionName,P · poste 35342 · emploi 6585 · début 2016-04-01,2,2,APPARIE,1.0,IntituléEmploi,Empl6585,3649-Empl3649,empl6585,3649-empl3649,6585-Empl6585,,DIFFERENT,R_CONCAT_POSITION,Concaténation CodeEmploi + '-' + IntituléEmploi,REGLE_DETERMINISTE,MISMATCH,code et libellé différent(s) de la concaténation attendue,DERIVE,ANOMALIE,ANOMALIE,0.9,BASSE,39,"Niveau 2 : R_CONCAT_POSITION [Mapping.xlsx › Mapping, ligne 15] attend '6585-Empl6585' (CodeEmploi + '-' + IntituléEmploi) ; la destination contient '3649-Empl3649' (code et libellé différent(s) de la concaténation attendue). Aucune règle documentée n'explique l'écart.","22/22 affectations concernées (100%). La valeur cible ne respecte pas la transformation définie par le mapping ; substitution cohérente 1:1 sur 9 valeurs distinctes (ex. 'empl6585' → '3649-empl3649', 'empl6900' → '5123-empl5123', 'empl6972' → '5126-empl5126'). Cause probablement systémique (règle d'interface), pas propre à chaque employé. [Clarification officielle 2026-10-04 : L'écart sur positionName est une erreur réelle (pas un effet de l'anonymisation).]",Vérifier la transformation une seule fois avec l'équipe d'intégration plutôt que 22 dossiers ; corriger l'interface puis recharger.,,Corriger positionName dans le système B : '3649-Empl3649' → '6585-Empl6585' (valeur dérivée de la source). Validation humaine requise.,P-SYS-positionName,True,,,"{""CodeEmploi"": ""6585"", ""IntituléEmploi"": ""Empl6585""}","{""code_destination"": ""3649"", ""libelle_destination"": ""Empl3649""}","Employe_Source_Anonymise_VF.xlsx ligne 2 ; Employe_Destination_Anonymise_VF.xlsx ligne 2 ; Mapping.xlsx › Mapping, ligne 15","Mapping.xlsx › Mapping, ligne 15",base ANOMALIE=0.90 ; ×appariement 1.00 = 0.90,verdict 45 + impact champ 10 + confiance +9 + traité au niveau du groupe systémique −25 = 39,,,,,ANOMALIE
C-2173396-S15-D14-positionName,2173396,Pre2173396 Nom2173396,COMPARAISON_CHAMP,positionName,P · poste 69289 · emploi 6900 · début 2019-04-29,15,14,APPARIE,1.0,IntituléEmploi,Empl6900,5123-Empl5123,empl6900,5123-empl5123,6900-Empl6900,,DIFFERENT,R_CONCAT_POSITION,Concaténation CodeEmploi + '-' + IntituléEmploi,REGLE_DETERMINISTE,MISMATCH,code et libellé différent(s) de la concaténation attendue,DERIVE,ANOMALIE,ANOMALIE,0.9,BASSE,39,"Niveau 2 : R_CONCAT_POSITION [Mapping.xlsx › Mapping, ligne 15] attend '6900-Empl6900' (CodeEmploi + '-' + IntituléEmploi) ; la destination contient '5123-Empl5123' (code et libellé différent(s) de la concaténation attendue). Aucune règle documentée n'explique l'écart.","22/22 affectations concernées (100%). La valeur cible ne respecte pas la transformation définie par le mapping ; substitution cohérente 1:1 sur 9 valeurs distinctes (ex. 'empl6585' → '3649-empl3649', 'empl6900' → '5123-empl5123', 'empl6972' → '5126-empl5126'). Cause probablement systémique (règle d'interface), pas propre à chaque employé. [Clarification officielle 2026-10-04 : L'écart sur positionName est une erreur réelle (pas un effet de l'anonymisation).]",Vérifier la transformation une seule fois avec l'équipe d'intégration plutôt que 22 dossiers ; corriger l'interface puis recharger.,,Corriger positionName dans le système B : '5123-Empl5123' → '6900-Empl6900' (valeur dérivée de la source). Validation humaine requise.,P-SYS-positionName,True,,,"{""CodeEmploi"": ""6900"", ""IntituléEmploi"": ""Empl6900""}","{""code_destination"": ""5123"", ""libelle_destination"": ""Empl5123""}","Employe_Source_Anonymise_VF.xlsx ligne 15 ; Employe_Destination_Anonymise_VF.xlsx ligne 14 ; Mapping.xlsx › Mapping, ligne 15","Mapping.xlsx › Mapping, ligne 15",base ANOMALIE=0.90 ; ×appariement 1.00 = 0.90,verdict 45 + impact champ 10 + confiance +9 + traité au niveau du groupe systémique −25 = 39,,,,,ANOMALIE
C-2648214-S20-D19-positionName,2648214,Pre2648214 Nom2648214,COMPARAISON_CHAMP,positionName,P · poste 73721 · emploi 6972 · début 2001-02-05,20,19,APPARIE,1.0,IntituléEmploi,Empl6972,5126-Empl5126,empl6972,5126-empl5126,6972-Empl6972,,DIFFERENT,R_CONCAT_POSITION,Concaténation CodeEmploi + '-' + IntituléEmploi,REGLE_DETERMINISTE,MISMATCH,code et libellé différent(s) de la concaténation attendue,DERIVE,ANOMALIE,ANOMALIE,0.9,BASSE,39,"Niveau 2 : R_CONCAT_POSITION [Mapping.xlsx › Mapping, ligne 15] attend '6972-Empl6972' (CodeEmploi + '-' + IntituléEmploi) ; la destination contient '5126-Empl5126' (code et libellé différent(s) de la concaténation attendue). Aucune règle documentée n'explique l'écart.","22/22 affectations concernées (100%). La valeur cible ne respecte pas la transformation définie par le mapping ; substitution cohérente 1:1 sur 9 valeurs distinctes (ex. 'empl6585' → '3649-empl3649', 'empl6900' → '5123-empl5123', 'empl6972' → '5126-empl5126'). Cause probablement systémique (règle d'interface), pas propre à chaque employé. [Clarification officielle 2026-10-04 : L'écart sur positionName est une erreur réelle (pas un effet de l'anonymisation).]",Vérifier la transformation une seule fois avec l'équipe d'intégration plutôt que 22 dossiers ; corriger l'interface puis recharger.,,Corriger positionName dans le système B : '5126-Empl5126' → '6972-Empl6972' (valeur dérivée de la source). Validation humaine requise.,P-SYS-positionName,True,,,"{""CodeEmploi"": ""6972"", ""IntituléEmploi"": ""Empl6972""}","{""code_destination"": ""5126"", ""libelle_destination"": ""Empl5126""}","Employe_Source_Anonymise_VF.xlsx ligne 20 ; Employe_Destination_Anonymise_VF.xlsx ligne 19 ; Mapping.xlsx › Mapping, ligne 15","Mapping.xlsx › Mapping, ligne 15",base ANOMALIE=0.90 ; ×appariement 1.00 = 0.90,verdict 45 + impact champ 10 + confiance +9 + traité au niveau du groupe systémique −25 = 39,,,,,ANOMALIE
C-2747515-S10-D9-positionName,2747515,Pre2747515 Nom2747515,COMPARAISON_CHAMP,positionName,P · poste 63970 · emploi 6203 · début 2009-03-30,10,9,APPARIE,1.0,IntituléEmploi,Empl6203,4367-Empl4367,empl6203,4367-empl4367,6203-Empl6203,,DIFFERENT,R_CONCAT_POSITION,Concaténation CodeEmploi + '-' + IntituléEmploi,REGLE_DETERMINISTE,MISMATCH,code et libellé différent(s) de la concaténation attendue,DERIVE,ANOMALIE,ANOMALIE,0.9,BASSE,39,"Niveau 2 : R_CONCAT_POSITION [Mapping.xlsx › Mapping, ligne 15] attend '6203-Empl6203' (CodeEmploi + '-' + IntituléEmploi) ; la destination contient '4367-Empl4367' (code et libellé différent(s) de la concaténation attendue). Aucune règle documentée n'explique l'écart.","22/22 affectations concernées (100%). La valeur cible ne respecte pas la transformation définie par le mapping ; substitution cohérente 1:1 sur 9 valeurs distinctes (ex. 'empl6585' → '3649-empl3649', 'empl6900' → '5123-empl5123', 'empl6972' → '5126-empl5126'). Cause probablement systémique (règle d'interface), pas propre à chaque employé. [Clarification officielle 2026-10-04 : L'écart sur positionName est une erreur réelle (pas un effet de l'anonymisation).]",Vérifier la transformation une seule fois avec l'équipe d'intégration plutôt que 22 dossiers ; corriger l'interface puis recharger.,,Corriger positionName dans le système B : '4367-Empl4367' → '6203-Empl6203' (valeur dérivée de la source). Validation humaine requise.,P-SYS-positionName,True,,,"{""CodeEmploi"": ""6203"", ""IntituléEmploi"": ""Empl6203""}","{""code_destination"": ""4367"", ""libelle_destination"": ""Empl4367""}","Employe_Source_Anonymise_VF.xlsx ligne 10 ; Employe_Destination_Anonymise_VF.xlsx ligne 9 ; Mapping.xlsx › Mapping, ligne 15","Mapping.xlsx › Mapping, ligne 15",base ANOMALIE=0.90 ; ×appariement 1.00 = 0.90,verdict 45 + impact champ 10 + confiance +9 + traité au niveau du groupe systémique −25 = 39,,,,,ANOMALIE
C-2762457-S8-D7-positionName,2762457,Pre2762457 Nom2762457,COMPARAISON_CHAMP,positionName,P · poste 30106 · emploi 6203 · début 2009-03-30,8,7,APPARIE,1.0,IntituléEmploi,Empl6203,4367-Empl4367,empl6203,4367-empl4367,6203-Empl6203,,DIFFERENT,R_CONCAT_POSITION,Concaténation CodeEmploi + '-' + IntituléEmploi,REGLE_DETERMINISTE,MISMATCH,code et libellé différent(s) de la concaténation attendue,DERIVE,ANOMALIE,ANOMALIE,0.9,BASSE,39,"Niveau 2 : R_CONCAT_POSITION [Mapping.xlsx › Mapping, ligne 15] attend '6203-Empl6203' (CodeEmploi + '-' + IntituléEmploi) ; la destination contient '4367-Empl4367' (code et libellé différent(s) de la concaténation attendue). Aucune règle documentée n'explique l'écart.","22/22 affectations concernées (100%). La valeur cible ne respecte pas la transformation définie par le mapping ; substitution cohérente 1:1 sur 9 valeurs distinctes (ex. 'empl6585' → '3649-empl3649', 'empl6900' → '5123-empl5123', 'empl6972' → '5126-empl5126'). Cause probablement systémique (règle d'interface), pas propre à chaque employé. [Clarification officielle 2026-10-04 : L'écart sur positionName est une erreur réelle (pas un effet de l'anonymisation).]",Vérifier la transformation une seule fois avec l'équipe d'intégration plutôt que 22 dossiers ; corriger l'interface puis recharger.,,Corriger positionName dans le système B : '4367-Empl4367' → '6203-Empl6203' (valeur dérivée de la source). Validation humaine requise.,P-SYS-positionName,True,,,"{""CodeEmploi"": ""6203"", ""IntituléEmploi"": ""Empl6203""}","{""code_destination"": ""4367"", ""libelle_destination"": ""Empl4367""}","Employe_Source_Anonymise_VF.xlsx ligne 8 ; Employe_Destination_Anonymise_VF.xlsx ligne 7 ; Mapping.xlsx › Mapping, ligne 15","Mapping.xlsx › Mapping, ligne 15",base ANOMALIE=0.90 ; ×appariement 1.00 = 0.90,verdict 45 + impact champ 10 + confiance +9 + traité au niveau du groupe systémique −25 = 39,,,,,ANOMALIE
C-2911996-S16-D15-positionName,2911996,Pre2911996 Nom2911996,COMPARAISON_CHAMP,positionName,P · poste 12548 · emploi 6051 · début 2000-04-01,16,15,APPARIE,1.0,IntituléEmploi,Empl6051,0449-Empl0449,empl6051,0449-empl0449,6051-Empl6051,,DIFFERENT,R_CONCAT_POSITION,Concaténation CodeEmploi + '-' + IntituléEmploi,REGLE_DETERMINISTE,MISMATCH,code et libellé différent(s) de la concaténation attendue,DERIVE,ANOMALIE,ANOMALIE,0.9,BASSE,39,"Niveau 2 : R_CONCAT_POSITION [Mapping.xlsx › Mapping, ligne 15] attend '6051-Empl6051' (CodeEmploi + '-' + IntituléEmploi) ; la destination contient '0449-Empl0449' (code et libellé différent(s) de la concaténation attendue). Aucune règle documentée n'explique l'écart.","22/22 affectations concernées (100%). La valeur cible ne respecte pas la transformation définie par le mapping ; substitution cohérente 1:1 sur 9 valeurs distinctes (ex. 'empl6585' → '3649-empl3649', 'empl6900' → '5123-empl5123', 'empl6972' → '5126-empl5126'). Cause probablement systémique (règle d'interface), pas propre à chaque employé. [Clarification officielle 2026-10-04 : L'écart sur positionName est une erreur réelle (pas un effet de l'anonymisation).]",Vérifier la transformation une seule fois avec l'équipe d'intégration plutôt que 22 dossiers ; corriger l'interface puis recharger.,,Corriger positionName dans le système B : '0449-Empl0449' → '6051-Empl6051' (valeur dérivée de la source). Validation humaine requise.,P-SYS-positionName,True,,,"{""CodeEmploi"": ""6051"", ""IntituléEmploi"": ""Empl6051""}","{""code_destination"": ""0449"", ""libelle_destination"": ""Empl0449""}","Employe_Source_Anonymise_VF.xlsx ligne 16 ; Employe_Destination_Anonymise_VF.xlsx ligne 15 ; Mapping.xlsx › Mapping, ligne 15","Mapping.xlsx › Mapping, ligne 15",base ANOMALIE=0.90 ; ×appariement 1.00 = 0.90,verdict 45 + impact champ 10 + confiance +9 + traité au niveau du groupe systémique −25 = 39,,,,,ANOMALIE
C-3241002-S14-D13-positionName,3241002,Pre3241002 Nom3241002,COMPARAISON_CHAMP,positionName,P · poste 88622 · emploi 6203 · début 2009-03-30,14,13,APPARIE,1.0,IntituléEmploi,Empl6203,4367-Empl4367,empl6203,4367-empl4367,6203-Empl6203,,DIFFERENT,R_CONCAT_POSITION,Concaténation CodeEmploi + '-' + IntituléEmploi,REGLE_DETERMINISTE,MISMATCH,code et libellé différent(s) de la concaténation attendue,DERIVE,ANOMALIE,ANOMALIE,0.9,BASSE,39,"Niveau 2 : R_CONCAT_POSITION [Mapping.xlsx › Mapping, ligne 15] attend '6203-Empl6203' (CodeEmploi + '-' + IntituléEmploi) ; la destination contient '4367-Empl4367' (code et libellé différent(s) de la concaténation attendue). Aucune règle documentée n'explique l'écart.","22/22 affectations concernées (100%). La valeur cible ne respecte pas la transformation définie par le mapping ; substitution cohérente 1:1 sur 9 valeurs distinctes (ex. 'empl6585' → '3649-empl3649', 'empl6900' → '5123-empl5123', 'empl6972' → '5126-empl5126'). Cause probablement systémique (règle d'interface), pas propre à chaque employé. [Clarification officielle 2026-10-04 : L'écart sur positionName est une erreur réelle (pas un effet de l'anonymisation).]",Vérifier la transformation une seule fois avec l'équipe d'intégration plutôt que 22 dossiers ; corriger l'interface puis recharger.,,Corriger positionName dans le système B : '4367-Empl4367' → '6203-Empl6203' (valeur dérivée de la source). Validation humaine requise.,P-SYS-positionName,True,,,"{""CodeEmploi"": ""6203"", ""IntituléEmploi"": ""Empl6203""}","{""code_destination"": ""4367"", ""libelle_destination"": ""Empl4367""}","Employe_Source_Anonymise_VF.xlsx ligne 14 ; Employe_Destination_Anonymise_VF.xlsx ligne 13 ; Mapping.xlsx › Mapping, ligne 15","Mapping.xlsx › Mapping, ligne 15",base ANOMALIE=0.90 ; ×appariement 1.00 = 0.90,verdict 45 + impact champ 10 + confiance +9 + traité au niveau du groupe systémique −25 = 39,,,,,ANOMALIE
C-3712987-S18-D17-positionName,3712987,Pre3712987 Nom3712987,COMPARAISON_CHAMP,positionName,P · poste 86337 · emploi 6031 · début 2016-05-09,18,17,APPARIE,1.0,IntituléEmploi,Empl6031,0485-Empl0485,empl6031,0485-empl0485,6031-Empl6031,,DIFFERENT,R_CONCAT_POSITION,Concaténation CodeEmploi + '-' + IntituléEmploi,REGLE_DETERMINISTE,MISMATCH,code et libellé différent(s) de la concaténation attendue,DERIVE,ANOMALIE,ANOMALIE,0.9,BASSE,39,"Niveau 2 : R_CONCAT_POSITION [Mapping.xlsx › Mapping, ligne 15] attend '6031-Empl6031' (CodeEmploi + '-' + IntituléEmploi) ; la destination contient '0485-Empl0485' (code et libellé différent(s) de la concaténation attendue). Aucune règle documentée n'explique l'écart.","22/22 affectations concernées (100%). La valeur cible ne respecte pas la transformation définie par le mapping ; substitution cohérente 1:1 sur 9 valeurs distinctes (ex. 'empl6585' → '3649-empl3649', 'empl6900' → '5123-empl5123', 'empl6972' → '5126-empl5126'). Cause probablement systémique (règle d'interface), pas propre à chaque employé. [Clarification officielle 2026-10-04 : L'écart sur positionName est une erreur réelle (pas un effet de l'anonymisation).]",Vérifier la transformation une seule fois avec l'équipe d'intégration plutôt que 22 dossiers ; corriger l'interface puis recharger.,,Corriger positionName dans le système B : '0485-Empl0485' → '6031-Empl6031' (valeur dérivée de la source). Validation humaine requise.,P-SYS-positionName,True,,,"{""CodeEmploi"": ""6031"", ""IntituléEmploi"": ""Empl6031""}","{""code_destination"": ""0485"", ""libelle_destination"": ""Empl0485""}","Employe_Source_Anonymise_VF.xlsx ligne 18 ; Employe_Destination_Anonymise_VF.xlsx ligne 17 ; Mapping.xlsx › Mapping, ligne 15","Mapping.xlsx › Mapping, ligne 15",base ANOMALIE=0.90 ; ×appariement 1.00 = 0.90,verdict 45 + impact champ 10 + confiance +9 + traité au niveau du groupe systémique −25 = 39,,,,,ANOMALIE
C-4402456-S17-D16-positionName,4402456,Pre4402456 Nom4402456,COMPARAISON_CHAMP,positionName,P · poste 26586 · emploi 6031 · début 2001-02-05,17,16,APPARIE,1.0,IntituléEmploi,Empl6031,0485-Empl0485,empl6031,0485-empl0485,6031-Empl6031,,DIFFERENT,R_CONCAT_POSITION,Concaténation CodeEmploi + '-' + IntituléEmploi,REGLE_DETERMINISTE,MISMATCH,code et libellé différent(s) de la concaténation attendue,DERIVE,ANOMALIE,ANOMALIE,0.9,BASSE,39,"Niveau 2 : R_CONCAT_POSITION [Mapping.xlsx › Mapping, ligne 15] attend '6031-Empl6031' (CodeEmploi + '-' + IntituléEmploi) ; la destination contient '0485-Empl0485' (code et libellé différent(s) de la concaténation attendue). Aucune règle documentée n'explique l'écart.","22/22 affectations concernées (100%). La valeur cible ne respecte pas la transformation définie par le mapping ; substitution cohérente 1:1 sur 9 valeurs distinctes (ex. 'empl6585' → '3649-empl3649', 'empl6900' → '5123-empl5123', 'empl6972' → '5126-empl5126'). Cause probablement systémique (règle d'interface), pas propre à chaque employé. [Clarification officielle 2026-10-04 : L'écart sur positionName est une erreur réelle (pas un effet de l'anonymisation).]",Vérifier la transformation une seule fois avec l'équipe d'intégration plutôt que 22 dossiers ; corriger l'interface puis recharger.,,Corriger positionName dans le système B : '0485-Empl0485' → '6031-Empl6031' (valeur dérivée de la source). Validation humaine requise.,P-SYS-positionName,True,,,"{""CodeEmploi"": ""6031"", ""IntituléEmploi"": ""Empl6031""}","{""code_destination"": ""0485"", ""libelle_destination"": ""Empl0485""}","Employe_Source_Anonymise_VF.xlsx ligne 17 ; Employe_Destination_Anonymise_VF.xlsx ligne 16 ; Mapping.xlsx › Mapping, ligne 15","Mapping.xlsx › Mapping, ligne 15",base ANOMALIE=0.90 ; ×appariement 1.00 = 0.90,verdict 45 + impact champ 10 + confiance +9 + traité au niveau du groupe systémique −25 = 39,,,,,ANOMALIE
C-4625374-S9-D8-positionName,4625374,Pre4625374 Nom4625374,COMPARAISON_CHAMP,positionName,P · poste 43478 · emploi 6203 · début 2025-03-24,9,8,APPARIE,1.0,IntituléEmploi,Empl6203,4367-Empl4367,empl6203,4367-empl4367,6203-Empl6203,,DIFFERENT,R_CONCAT_POSITION,Concaténation CodeEmploi + '-' + IntituléEmploi,REGLE_DETERMINISTE,MISMATCH,code et libellé différent(s) de la concaténation attendue,DERIVE,ANOMALIE,ANOMALIE,0.9,BASSE,39,"Niveau 2 : R_CONCAT_POSITION [Mapping.xlsx › Mapping, ligne 15] attend '6203-Empl6203' (CodeEmploi + '-' + IntituléEmploi) ; la destination contient '4367-Empl4367' (code et libellé différent(s) de la concaténation attendue). Aucune règle documentée n'explique l'écart.","22/22 affectations concernées (100%). La valeur cible ne respecte pas la transformation définie par le mapping ; substitution cohérente 1:1 sur 9 valeurs distinctes (ex. 'empl6585' → '3649-empl3649', 'empl6900' → '5123-empl5123', 'empl6972' → '5126-empl5126'). Cause probablement systémique (règle d'interface), pas propre à chaque employé. [Clarification officielle 2026-10-04 : L'écart sur positionName est une erreur réelle (pas un effet de l'anonymisation).]",Vérifier la transformation une seule fois avec l'équipe d'intégration plutôt que 22 dossiers ; corriger l'interface puis recharger.,,Corriger positionName dans le système B : '4367-Empl4367' → '6203-Empl6203' (valeur dérivée de la source). Validation humaine requise.,P-SYS-positionName,True,,,"{""CodeEmploi"": ""6203"", ""IntituléEmploi"": ""Empl6203""}","{""code_destination"": ""4367"", ""libelle_destination"": ""Empl4367""}","Employe_Source_Anonymise_VF.xlsx ligne 9 ; Employe_Destination_Anonymise_VF.xlsx ligne 8 ; Mapping.xlsx › Mapping, ligne 15","Mapping.xlsx › Mapping, ligne 15",base ANOMALIE=0.90 ; ×appariement 1.00 = 0.90,verdict 45 + impact champ 10 + confiance +9 + traité au niveau du groupe systémique −25 = 39,,,,,ANOMALIE
C-4880692-S11-D10-positionName,4880692,Pre4880692 Nom4880692,COMPARAISON_CHAMP,positionName,P · poste 35161 · emploi 6203 · début 2009-03-30,11,10,APPARIE,1.0,IntituléEmploi,Empl6203,4367-Empl4367,empl6203,4367-empl4367,6203-Empl6203,,DIFFERENT,R_CONCAT_POSITION,Concaténation CodeEmploi + '-' + IntituléEmploi,REGLE_DETERMINISTE,MISMATCH,code et libellé différent(s) de la concaténation attendue,DERIVE,ANOMALIE,ANOMALIE,0.9,BASSE,39,"Niveau 2 : R_CONCAT_POSITION [Mapping.xlsx › Mapping, ligne 15] attend '6203-Empl6203' (CodeEmploi + '-' + IntituléEmploi) ; la destination contient '4367-Empl4367' (code et libellé différent(s) de la concaténation attendue). Aucune règle documentée n'explique l'écart.","22/22 affectations concernées (100%). La valeur cible ne respecte pas la transformation définie par le mapping ; substitution cohérente 1:1 sur 9 valeurs distinctes (ex. 'empl6585' → '3649-empl3649', 'empl6900' → '5123-empl5123', 'empl6972' → '5126-empl5126'). Cause probablement systémique (règle d'interface), pas propre à chaque employé. [Clarification officielle 2026-10-04 : L'écart sur positionName est une erreur réelle (pas un effet de l'anonymisation).]",Vérifier la transformation une seule fois avec l'équipe d'intégration plutôt que 22 dossiers ; corriger l'interface puis recharger.,,Corriger positionName dans le système B : '4367-Empl4367' → '6203-Empl6203' (valeur dérivée de la source). Validation humaine requise.,P-SYS-positionName,True,,,"{""CodeEmploi"": ""6203"", ""IntituléEmploi"": ""Empl6203""}","{""code_destination"": ""4367"", ""libelle_destination"": ""Empl4367""}","Employe_Source_Anonymise_VF.xlsx ligne 11 ; Employe_Destination_Anonymise_VF.xlsx ligne 10 ; Mapping.xlsx › Mapping, ligne 15","Mapping.xlsx › Mapping, ligne 15",base ANOMALIE=0.90 ; ×appariement 1.00 = 0.90,verdict 45 + impact champ 10 + confiance +9 + traité au niveau du groupe systémique −25 = 39,,,,,ANOMALIE
C-6035643-S13-D12-positionName,6035643,Pre6035643 Nom6035643,COMPARAISON_CHAMP,positionName,P · poste 47056 · emploi 6622 · début 2023-02-13,13,12,APPARIE,1.0,IntituléEmploi,Empl6622,4368-Empl4368,empl6622,4368-empl4368,6622-Empl6622,,DIFFERENT,R_CONCAT_POSITION,Concaténation CodeEmploi + '-' + IntituléEmploi,REGLE_DETERMINISTE,MISMATCH,code et libellé différent(s) de la concaténation attendue,DERIVE,ANOMALIE,ANOMALIE,0.9,BASSE,39,"Niveau 2 : R_CONCAT_POSITION [Mapping.xlsx › Mapping, ligne 15] attend '6622-Empl6622' (CodeEmploi + '-' + IntituléEmploi) ; la destination contient '4368-Empl4368' (code et libellé différent(s) de la concaténation attendue). Aucune règle documentée n'explique l'écart.","22/22 affectations concernées (100%). La valeur cible ne respecte pas la transformation définie par le mapping ; substitution cohérente 1:1 sur 9 valeurs distinctes (ex. 'empl6585' → '3649-empl3649', 'empl6900' → '5123-empl5123', 'empl6972' → '5126-empl5126'). Cause probablement systémique (règle d'interface), pas propre à chaque employé. [Clarification officielle 2026-10-04 : L'écart sur positionName est une erreur réelle (pas un effet de l'anonymisation).]",Vérifier la transformation une seule fois avec l'équipe d'intégration plutôt que 22 dossiers ; corriger l'interface puis recharger.,,Corriger positionName dans le système B : '4368-Empl4368' → '6622-Empl6622' (valeur dérivée de la source). Validation humaine requise.,P-SYS-positionName,True,,,"{""CodeEmploi"": ""6622"", ""IntituléEmploi"": ""Empl6622""}","{""code_destination"": ""4368"", ""libelle_destination"": ""Empl4368""}","Employe_Source_Anonymise_VF.xlsx ligne 13 ; Employe_Destination_Anonymise_VF.xlsx ligne 12 ; Mapping.xlsx › Mapping, ligne 15","Mapping.xlsx › Mapping, ligne 15",base ANOMALIE=0.90 ; ×appariement 1.00 = 0.90,verdict 45 + impact champ 10 + confiance +9 + traité au niveau du groupe systémique −25 = 39,,,,,ANOMALIE
C-6783031-S7-D6-positionName,6783031,Pre6783031 Nom6783031,COMPARAISON_CHAMP,positionName,P · poste 23999 · emploi 6203 · début 2009-03-30,7,6,APPARIE,1.0,IntituléEmploi,Empl6203,4367-Empl4367,empl6203,4367-empl4367,6203-Empl6203,,DIFFERENT,R_CONCAT_POSITION,Concaténation CodeEmploi + '-' + IntituléEmploi,REGLE_DETERMINISTE,MISMATCH,code et libellé différent(s) de la concaténation attendue,DERIVE,ANOMALIE,ANOMALIE,0.9,BASSE,39,"Niveau 2 : R_CONCAT_POSITION [Mapping.xlsx › Mapping, ligne 15] attend '6203-Empl6203' (CodeEmploi + '-' + IntituléEmploi) ; la destination contient '4367-Empl4367' (code et libellé différent(s) de la concaténation attendue). Aucune règle documentée n'explique l'écart.","22/22 affectations concernées (100%). La valeur cible ne respecte pas la transformation définie par le mapping ; substitution cohérente 1:1 sur 9 valeurs distinctes (ex. 'empl6585' → '3649-empl3649', 'empl6900' → '5123-empl5123', 'empl6972' → '5126-empl5126'). Cause probablement systémique (règle d'interface), pas propre à chaque employé. [Clarification officielle 2026-10-04 : L'écart sur positionName est une erreur réelle (pas un effet de l'anonymisation).]",Vérifier la transformation une seule fois avec l'équipe d'intégration plutôt que 22 dossiers ; corriger l'interface puis recharger.,,Corriger positionName dans le système B : '4367-Empl4367' → '6203-Empl6203' (valeur dérivée de la source). Validation humaine requise.,P-SYS-positionName,True,,,"{""CodeEmploi"": ""6203"", ""IntituléEmploi"": ""Empl6203""}","{""code_destination"": ""4367"", ""libelle_destination"": ""Empl4367""}","Employe_Source_Anonymise_VF.xlsx ligne 7 ; Employe_Destination_Anonymise_VF.xlsx ligne 6 ; Mapping.xlsx › Mapping, ligne 15","Mapping.xlsx › Mapping, ligne 15",base ANOMALIE=0.90 ; ×appariement 1.00 = 0.90,verdict 45 + impact champ 10 + confiance +9 + traité au niveau du groupe systémique −25 = 39,,,,,ANOMALIE
C-7070325-S12-D11-positionName,7070325,Pre7070325 Nom7070325,COMPARAISON_CHAMP,positionName,P · poste 81864 · emploi 6622 · début 2009-07-06,12,11,APPARIE,1.0,IntituléEmploi,Empl6622,4368-Empl4368,empl6622,4368-empl4368,6622-Empl6622,,DIFFERENT,R_CONCAT_POSITION,Concaténation CodeEmploi + '-' + IntituléEmploi,REGLE_DETERMINISTE,MISMATCH,code et libellé différent(s) de la concaténation attendue,DERIVE,ANOMALIE,ANOMALIE,0.9,BASSE,39,"Niveau 2 : R_CONCAT_POSITION [Mapping.xlsx › Mapping, ligne 15] attend '6622-Empl6622' (CodeEmploi + '-' + IntituléEmploi) ; la destination contient '4368-Empl4368' (code et libellé différent(s) de la concaténation attendue). Aucune règle documentée n'explique l'écart.","22/22 affectations concernées (100%). La valeur cible ne respecte pas la transformation définie par le mapping ; substitution cohérente 1:1 sur 9 valeurs distinctes (ex. 'empl6585' → '3649-empl3649', 'empl6900' → '5123-empl5123', 'empl6972' → '5126-empl5126'). Cause probablement systémique (règle d'interface), pas propre à chaque employé. [Clarification officielle 2026-10-04 : L'écart sur positionName est une erreur réelle (pas un effet de l'anonymisation).]",Vérifier la transformation une seule fois avec l'équipe d'intégration plutôt que 22 dossiers ; corriger l'interface puis recharger.,,Corriger positionName dans le système B : '4368-Empl4368' → '6622-Empl6622' (valeur dérivée de la source). Validation humaine requise.,P-SYS-positionName,True,,,"{""CodeEmploi"": ""6622"", ""IntituléEmploi"": ""Empl6622""}","{""code_destination"": ""4368"", ""libelle_destination"": ""Empl4368""}","Employe_Source_Anonymise_VF.xlsx ligne 12 ; Employe_Destination_Anonymise_VF.xlsx ligne 11 ; Mapping.xlsx › Mapping, ligne 15","Mapping.xlsx › Mapping, ligne 15",base ANOMALIE=0.90 ; ×appariement 1.00 = 0.90,verdict 45 + impact champ 10 + confiance +9 + traité au niveau du groupe systémique −25 = 39,,,,,ANOMALIE
C-7254364-S19-D18-positionName,7254364,Pre7254364 Nom7254364,COMPARAISON_CHAMP,positionName,P · poste 14553 · emploi 6754 · début 2025-10-20,19,18,APPARIE,1.0,IntituléEmploi,Empl6754,0509-Empl0509,empl6754,0509-empl0509,6754-Empl6754,,DIFFERENT,R_CONCAT_POSITION,Concaténation CodeEmploi + '-' + IntituléEmploi,REGLE_DETERMINISTE,MISMATCH,code et libellé différent(s) de la concaténation attendue,DERIVE,ANOMALIE,ANOMALIE,0.9,BASSE,39,"Niveau 2 : R_CONCAT_POSITION [Mapping.xlsx › Mapping, ligne 15] attend '6754-Empl6754' (CodeEmploi + '-' + IntituléEmploi) ; la destination contient '0509-Empl0509' (code et libellé différent(s) de la concaténation attendue). Aucune règle documentée n'explique l'écart.","22/22 affectations concernées (100%). La valeur cible ne respecte pas la transformation définie par le mapping ; substitution cohérente 1:1 sur 9 valeurs distinctes (ex. 'empl6585' → '3649-empl3649', 'empl6900' → '5123-empl5123', 'empl6972' → '5126-empl5126'). Cause probablement systémique (règle d'interface), pas propre à chaque employé. [Clarification officielle 2026-10-04 : L'écart sur positionName est une erreur réelle (pas un effet de l'anonymisation).]",Vérifier la transformation une seule fois avec l'équipe d'intégration plutôt que 22 dossiers ; corriger l'interface puis recharger.,,Corriger positionName dans le système B : '0509-Empl0509' → '6754-Empl6754' (valeur dérivée de la source). Validation humaine requise.,P-SYS-positionName,True,,,"{""CodeEmploi"": ""6754"", ""IntituléEmploi"": ""Empl6754""}","{""code_destination"": ""0509"", ""libelle_destination"": ""Empl0509""}","Employe_Source_Anonymise_VF.xlsx ligne 19 ; Employe_Destination_Anonymise_VF.xlsx ligne 18 ; Mapping.xlsx › Mapping, ligne 15","Mapping.xlsx › Mapping, ligne 15",base ANOMALIE=0.90 ; ×appariement 1.00 = 0.90,verdict 45 + impact champ 10 + confiance +9 + traité au niveau du groupe systémique −25 = 39,,,,,ANOMALIE
C-7603160-S6-D5-positionName,7603160,Pre7603160 Nom7603160,COMPARAISON_CHAMP,positionName,P · poste 83560 · emploi 6203 · début 2009-03-30,6,5,APPARIE,1.0,IntituléEmploi,Empl6203,4367-Empl4367,empl6203,4367-empl4367,6203-Empl6203,,DIFFERENT,R_CONCAT_POSITION,Concaténation CodeEmploi + '-' + IntituléEmploi,REGLE_DETERMINISTE,MISMATCH,code et libellé différent(s) de la concaténation attendue,DERIVE,ANOMALIE,ANOMALIE,0.9,BASSE,39,"Niveau 2 : R_CONCAT_POSITION [Mapping.xlsx › Mapping, ligne 15] attend '6203-Empl6203' (CodeEmploi + '-' + IntituléEmploi) ; la destination contient '4367-Empl4367' (code et libellé différent(s) de la concaténation attendue). Aucune règle documentée n'explique l'écart.","22/22 affectations concernées (100%). La valeur cible ne respecte pas la transformation définie par le mapping ; substitution cohérente 1:1 sur 9 valeurs distinctes (ex. 'empl6585' → '3649-empl3649', 'empl6900' → '5123-empl5123', 'empl6972' → '5126-empl5126'). Cause probablement systémique (règle d'interface), pas propre à chaque employé. [Clarification officielle 2026-10-04 : L'écart sur positionName est une erreur réelle (pas un effet de l'anonymisation).]",Vérifier la transformation une seule fois avec l'équipe d'intégration plutôt que 22 dossiers ; corriger l'interface puis recharger.,,Corriger positionName dans le système B : '4367-Empl4367' → '6203-Empl6203' (valeur dérivée de la source). Validation humaine requise.,P-SYS-positionName,True,,,"{""CodeEmploi"": ""6203"", ""IntituléEmploi"": ""Empl6203""}","{""code_destination"": ""4367"", ""libelle_destination"": ""Empl4367""}","Employe_Source_Anonymise_VF.xlsx ligne 6 ; Employe_Destination_Anonymise_VF.xlsx ligne 5 ; Mapping.xlsx › Mapping, ligne 15","Mapping.xlsx › Mapping, ligne 15",base ANOMALIE=0.90 ; ×appariement 1.00 = 0.90,verdict 45 + impact champ 10 + confiance +9 + traité au niveau du groupe systémique −25 = 39,,,,,ANOMALIE
C-7683990-S22-D22-positionName,7683990,Pre7683990 Nom7683990,COMPARAISON_CHAMP,positionName,P · poste 15514 · emploi 6725 · début 2015-03-23,22,22,APPARIE,1.0,IntituléEmploi,Empl6725,4051-Empl4051,empl6725,4051-empl4051,6725-Empl6725,,DIFFERENT,R_CONCAT_POSITION,Concaténation CodeEmploi + '-' + IntituléEmploi,REGLE_DETERMINISTE,MISMATCH,code et libellé différent(s) de la concaténation attendue,DERIVE,ANOMALIE,ANOMALIE,0.9,BASSE,39,"Niveau 2 : R_CONCAT_POSITION [Mapping.xlsx › Mapping, ligne 15] attend '6725-Empl6725' (CodeEmploi + '-' + IntituléEmploi) ; la destination contient '4051-Empl4051' (code et libellé différent(s) de la concaténation attendue). Aucune règle documentée n'explique l'écart.","22/22 affectations concernées (100%). La valeur cible ne respecte pas la transformation définie par le mapping ; substitution cohérente 1:1 sur 9 valeurs distinctes (ex. 'empl6585' → '3649-empl3649', 'empl6900' → '5123-empl5123', 'empl6972' → '5126-empl5126'). Cause probablement systémique (règle d'interface), pas propre à chaque employé. [Clarification officielle 2026-10-04 : L'écart sur positionName est une erreur réelle (pas un effet de l'anonymisation).]",Vérifier la transformation une seule fois avec l'équipe d'intégration plutôt que 22 dossiers ; corriger l'interface puis recharger.,,Corriger positionName dans le système B : '4051-Empl4051' → '6725-Empl6725' (valeur dérivée de la source). Validation humaine requise.,P-SYS-positionName,True,,,"{""CodeEmploi"": ""6725"", ""IntituléEmploi"": ""Empl6725""}","{""code_destination"": ""4051"", ""libelle_destination"": ""Empl4051""}","Employe_Source_Anonymise_VF.xlsx ligne 22 ; Employe_Destination_Anonymise_VF.xlsx ligne 22 ; Mapping.xlsx › Mapping, ligne 15","Mapping.xlsx › Mapping, ligne 15",base ANOMALIE=0.90 ; ×appariement 1.00 = 0.90,verdict 45 + impact champ 10 + confiance +9 + traité au niveau du groupe systémique −25 = 39,,,,,ANOMALIE
C-7683990-S23-D23-positionName,7683990,Pre7683990 Nom7683990,COMPARAISON_CHAMP,positionName,S · poste 23841 · emploi 6754 · début 2025-11-17,23,23,APPARIE,1.0,IntituléEmploi,Empl6754,0509-Empl0509,empl6754,0509-empl0509,6754-Empl6754,,DIFFERENT,R_CONCAT_POSITION,Concaténation CodeEmploi + '-' + IntituléEmploi,REGLE_DETERMINISTE,MISMATCH,code et libellé différent(s) de la concaténation attendue,DERIVE,ANOMALIE,ANOMALIE,0.9,BASSE,39,"Niveau 2 : R_CONCAT_POSITION [Mapping.xlsx › Mapping, ligne 15] attend '6754-Empl6754' (CodeEmploi + '-' + IntituléEmploi) ; la destination contient '0509-Empl0509' (code et libellé différent(s) de la concaténation attendue). Aucune règle documentée n'explique l'écart.","22/22 affectations concernées (100%). La valeur cible ne respecte pas la transformation définie par le mapping ; substitution cohérente 1:1 sur 9 valeurs distinctes (ex. 'empl6585' → '3649-empl3649', 'empl6900' → '5123-empl5123', 'empl6972' → '5126-empl5126'). Cause probablement systémique (règle d'interface), pas propre à chaque employé. [Clarification officielle 2026-10-04 : L'écart sur positionName est une erreur réelle (pas un effet de l'anonymisation).]",Vérifier la transformation une seule fois avec l'équipe d'intégration plutôt que 22 dossiers ; corriger l'interface puis recharger.,,Corriger positionName dans le système B : '0509-Empl0509' → '6754-Empl6754' (valeur dérivée de la source). Validation humaine requise.,P-SYS-positionName,True,,,"{""CodeEmploi"": ""6754"", ""IntituléEmploi"": ""Empl6754""}","{""code_destination"": ""0509"", ""libelle_destination"": ""Empl0509""}","Employe_Source_Anonymise_VF.xlsx ligne 23 ; Employe_Destination_Anonymise_VF.xlsx ligne 23 ; Mapping.xlsx › Mapping, ligne 15","Mapping.xlsx › Mapping, ligne 15",base ANOMALIE=0.90 ; ×appariement 1.00 = 0.90,verdict 45 + impact champ 10 + confiance +9 + traité au niveau du groupe systémique −25 = 39,,,,,ANOMALIE
C-7683990-S24-D21-positionName,7683990,Pre7683990 Nom7683990,COMPARAISON_CHAMP,positionName,S · poste 98689 · emploi 6031 · début 2024-02-12,24,21,APPARIE,1.0,IntituléEmploi,Empl6031,0485-Empl0485,empl6031,0485-empl0485,6031-Empl6031,,DIFFERENT,R_CONCAT_POSITION,Concaténation CodeEmploi + '-' + IntituléEmploi,REGLE_DETERMINISTE,MISMATCH,code et libellé différent(s) de la concaténation attendue,DERIVE,ANOMALIE,ANOMALIE,0.9,BASSE,39,"Niveau 2 : R_CONCAT_POSITION [Mapping.xlsx › Mapping, ligne 15] attend '6031-Empl6031' (CodeEmploi + '-' + IntituléEmploi) ; la destination contient '0485-Empl0485' (code et libellé différent(s) de la concaténation attendue). Aucune règle documentée n'explique l'écart.","22/22 affectations concernées (100%). La valeur cible ne respecte pas la transformation définie par le mapping ; substitution cohérente 1:1 sur 9 valeurs distinctes (ex. 'empl6585' → '3649-empl3649', 'empl6900' → '5123-empl5123', 'empl6972' → '5126-empl5126'). Cause probablement systémique (règle d'interface), pas propre à chaque employé. [Clarification officielle 2026-10-04 : L'écart sur positionName est une erreur réelle (pas un effet de l'anonymisation).]",Vérifier la transformation une seule fois avec l'équipe d'intégration plutôt que 22 dossiers ; corriger l'interface puis recharger.,,Corriger positionName dans le système B : '0485-Empl0485' → '6031-Empl6031' (valeur dérivée de la source). Validation humaine requise.,P-SYS-positionName,True,,,"{""CodeEmploi"": ""6031"", ""IntituléEmploi"": ""Empl6031""}","{""code_destination"": ""0485"", ""libelle_destination"": ""Empl0485""}","Employe_Source_Anonymise_VF.xlsx ligne 24 ; Employe_Destination_Anonymise_VF.xlsx ligne 21 ; Mapping.xlsx › Mapping, ligne 15","Mapping.xlsx › Mapping, ligne 15",base ANOMALIE=0.90 ; ×appariement 1.00 = 0.90,verdict 45 + impact champ 10 + confiance +9 + traité au niveau du groupe systémique −25 = 39,,,,,ANOMALIE
C-8142123-S5-D4-positionName,8142123,Pre8142123 Nom8142123,COMPARAISON_CHAMP,positionName,P · poste 26800 · emploi 6203 · début 2009-03-30,5,4,APPARIE,1.0,IntituléEmploi,Empl6203,4367-Empl4367,empl6203,4367-empl4367,6203-Empl6203,,DIFFERENT,R_CONCAT_POSITION,Concaténation CodeEmploi + '-' + IntituléEmploi,REGLE_DETERMINISTE,MISMATCH,code et libellé différent(s) de la concaténation attendue,DERIVE,ANOMALIE,ANOMALIE,0.9,BASSE,39,"Niveau 2 : R_CONCAT_POSITION [Mapping.xlsx › Mapping, ligne 15] attend '6203-Empl6203' (CodeEmploi + '-' + IntituléEmploi) ; la destination contient '4367-Empl4367' (code et libellé différent(s) de la concaténation attendue). Aucune règle documentée n'explique l'écart.","22/22 affectations concernées (100%). La valeur cible ne respecte pas la transformation définie par le mapping ; substitution cohérente 1:1 sur 9 valeurs distinctes (ex. 'empl6585' → '3649-empl3649', 'empl6900' → '5123-empl5123', 'empl6972' → '5126-empl5126'). Cause probablement systémique (règle d'interface), pas propre à chaque employé. [Clarification officielle 2026-10-04 : L'écart sur positionName est une erreur réelle (pas un effet de l'anonymisation).]",Vérifier la transformation une seule fois avec l'équipe d'intégration plutôt que 22 dossiers ; corriger l'interface puis recharger.,,Corriger positionName dans le système B : '4367-Empl4367' → '6203-Empl6203' (valeur dérivée de la source). Validation humaine requise.,P-SYS-positionName,True,,,"{""CodeEmploi"": ""6203"", ""IntituléEmploi"": ""Empl6203""}","{""code_destination"": ""4367"", ""libelle_destination"": ""Empl4367""}","Employe_Source_Anonymise_VF.xlsx ligne 5 ; Employe_Destination_Anonymise_VF.xlsx ligne 4 ; Mapping.xlsx › Mapping, ligne 15","Mapping.xlsx › Mapping, ligne 15",base ANOMALIE=0.90 ; ×appariement 1.00 = 0.90,verdict 45 + impact champ 10 + confiance +9 + traité au niveau du groupe systémique −25 = 39,,,,,ANOMALIE
C-8644330-S21-D20-positionName,8644330,Pre8644330 Nom8644330,COMPARAISON_CHAMP,positionName,P · poste 67970 · emploi 6031 · début 2001-02-05,21,20,APPARIE,1.0,IntituléEmploi,Empl6031,0485-Empl0485,empl6031,0485-empl0485,6031-Empl6031,,DIFFERENT,R_CONCAT_POSITION,Concaténation CodeEmploi + '-' + IntituléEmploi,REGLE_DETERMINISTE,MISMATCH,code et libellé différent(s) de la concaténation attendue,DERIVE,ANOMALIE,ANOMALIE,0.9,BASSE,39,"Niveau 2 : R_CONCAT_POSITION [Mapping.xlsx › Mapping, ligne 15] attend '6031-Empl6031' (CodeEmploi + '-' + IntituléEmploi) ; la destination contient '0485-Empl0485' (code et libellé différent(s) de la concaténation attendue). Aucune règle documentée n'explique l'écart.","22/22 affectations concernées (100%). La valeur cible ne respecte pas la transformation définie par le mapping ; substitution cohérente 1:1 sur 9 valeurs distinctes (ex. 'empl6585' → '3649-empl3649', 'empl6900' → '5123-empl5123', 'empl6972' → '5126-empl5126'). Cause probablement systémique (règle d'interface), pas propre à chaque employé. [Clarification officielle 2026-10-04 : L'écart sur positionName est une erreur réelle (pas un effet de l'anonymisation).]",Vérifier la transformation une seule fois avec l'équipe d'intégration plutôt que 22 dossiers ; corriger l'interface puis recharger.,,Corriger positionName dans le système B : '0485-Empl0485' → '6031-Empl6031' (valeur dérivée de la source). Validation humaine requise.,P-SYS-positionName,True,,,"{""CodeEmploi"": ""6031"", ""IntituléEmploi"": ""Empl6031""}","{""code_destination"": ""0485"", ""libelle_destination"": ""Empl0485""}","Employe_Source_Anonymise_VF.xlsx ligne 21 ; Employe_Destination_Anonymise_VF.xlsx ligne 20 ; Mapping.xlsx › Mapping, ligne 15","Mapping.xlsx › Mapping, ligne 15",base ANOMALIE=0.90 ; ×appariement 1.00 = 0.90,verdict 45 + impact champ 10 + confiance +9 + traité au niveau du groupe systémique −25 = 39,,,,,ANOMALIE
C-9989151-S4-D3-positionName,9989151,Pre9989151 Nom9989151,COMPARAISON_CHAMP,positionName,P · poste 31109 · emploi 6203 · début 2009-03-30,4,3,APPARIE,1.0,IntituléEmploi,Empl6203,4367-Empl4367,empl6203,4367-empl4367,6203-Empl6203,,DIFFERENT,R_CONCAT_POSITION,Concaténation CodeEmploi + '-' + IntituléEmploi,REGLE_DETERMINISTE,MISMATCH,code et libellé différent(s) de la concaténation attendue,DERIVE,ANOMALIE,ANOMALIE,0.9,BASSE,39,"Niveau 2 : R_CONCAT_POSITION [Mapping.xlsx › Mapping, ligne 15] attend '6203-Empl6203' (CodeEmploi + '-' + IntituléEmploi) ; la destination contient '4367-Empl4367' (code et libellé différent(s) de la concaténation attendue). Aucune règle documentée n'explique l'écart.","22/22 affectations concernées (100%). La valeur cible ne respecte pas la transformation définie par le mapping ; substitution cohérente 1:1 sur 9 valeurs distinctes (ex. 'empl6585' → '3649-empl3649', 'empl6900' → '5123-empl5123', 'empl6972' → '5126-empl5126'). Cause probablement systémique (règle d'interface), pas propre à chaque employé. [Clarification officielle 2026-10-04 : L'écart sur positionName est une erreur réelle (pas un effet de l'anonymisation).]",Vérifier la transformation une seule fois avec l'équipe d'intégration plutôt que 22 dossiers ; corriger l'interface puis recharger.,,Corriger positionName dans le système B : '4367-Empl4367' → '6203-Empl6203' (valeur dérivée de la source). Validation humaine requise.,P-SYS-positionName,True,,,"{""CodeEmploi"": ""6203"", ""IntituléEmploi"": ""Empl6203""}","{""code_destination"": ""4367"", ""libelle_destination"": ""Empl4367""}","Employe_Source_Anonymise_VF.xlsx ligne 4 ; Employe_Destination_Anonymise_VF.xlsx ligne 3 ; Mapping.xlsx › Mapping, ligne 15","Mapping.xlsx › Mapping, ligne 15",base ANOMALIE=0.90 ; ×appariement 1.00 = 0.90,verdict 45 + impact champ 10 + confiance +9 + traité au niveau du groupe systémique −25 = 39,,,,,ANOMALIE
C-1545850-S2-D2-contactEmail,1545850,Pre1545850 Nom1545850,COMPARAISON_CHAMP,contactEmail,P · poste 35342 · emploi 6585 · début 2016-04-01,2,2,APPARIE,1.0,Adresse courriel travail,,dev-08-v2_PNom10370370@loto-quebec.com,,dev-08-v2_pnom10370370@loto-quebec.com,PNom1545850850@loto-quebec.com,,NON_COMPARABLE,R_EMAIL,"Courriel : initiale prénom + nom + 3 derniers chiffres du matricule + @domaine, sans accents",REGLE_DETERMINISTE,MISMATCH,"structure conforme à la règle (initiale + nom + 3 derniers chiffres du code), mais l'identifiant 'nom10370' ne correspond pas au Matricule/personID (attendu 'nom1545850') ; préfixe 'dev-08-v2_' ignoré ; profil caractéristique d'un artefact d'anonymisation",DERIVE,ANOMALIE,ANOMALIE,0.9,BASSE,34,"Niveau 2 : R_EMAIL [Mapping.xlsx › Mapping, lignes 4-6] attend 'PNom1545850850@loto-quebec.com' (initiale 'P' + nom 'Nom1545850' + '850' + '@loto-quebec.com' (accents retirés)) ; la destination contient 'dev-08-v2_PNom10370370@loto-quebec.com' (structure conforme à la règle (initiale + nom + 3 derniers chiffres du code), mais l'identifiant 'nom10370' ne correspond pas au Matricule/personID (attendu 'nom1545850') ; préfixe 'dev-08-v2_' ignoré ; profil caractéristique d'un artefact d'anonymisation). Aucune règle documentée n'explique l'écart.","22/22 dossiers affectés (100%). Le préfixe d'environnement est autorisé, mais l'identifiant utilisé après normalisation ne correspond pas au Matricule/personID. Cause connue dans le jeu fourni : artefact d'anonymisation. [Clarification officielle 2026-10-04 : « code » = Matricule/personID ; le préfixe destination (ex. dev-08-v2_) est autorisé et ignoré ; l'identifiant anonymisé différent dans l'adresse est une erreur d'anonymisation, pertinente à détecter comme anomalie.]",Une seule décision / investigation : corriger la génération des courriels (ou l'anonymisation de l'extraction) pour tous les dossiers.,,Corriger contactEmail dans le système B : 'dev-08-v2_PNom10370370@loto-quebec.com' → 'PNom1545850850@loto-quebec.com' (valeur dérivée de la source). Validation humaine requise.,P-SYS-contactEmail,True,,,"{""PrénomUsuel"": ""Pre1545850"", ""NomFamille"": ""Nom1545850"", ""Matricule"": ""1545850""}",,"Employe_Source_Anonymise_VF.xlsx ligne 2 ; Employe_Destination_Anonymise_VF.xlsx ligne 2 ; Mapping.xlsx › Mapping, lignes 4-6","Mapping.xlsx › Mapping, lignes 4-6",base ANOMALIE=0.90 ; ×appariement 1.00 = 0.90,verdict 45 + impact champ 5 + confiance +9 + traité au niveau du groupe systémique −25 = 34,,,,,ANOMALIE
C-2173396-S15-D14-contactEmail,2173396,Pre2173396 Nom2173396,COMPARAISON_CHAMP,contactEmail,P · poste 69289 · emploi 6900 · début 2019-04-29,15,14,APPARIE,1.0,Adresse courriel travail,,dev-08-v2_PNom10437437@loto-quebec.com,,dev-08-v2_pnom10437437@loto-quebec.com,PNom2173396396@loto-quebec.com,,NON_COMPARABLE,R_EMAIL,"Courriel : initiale prénom + nom + 3 derniers chiffres du matricule + @domaine, sans accents",REGLE_DETERMINISTE,MISMATCH,"structure conforme à la règle (initiale + nom + 3 derniers chiffres du code), mais l'identifiant 'nom10437' ne correspond pas au Matricule/personID (attendu 'nom2173396') ; préfixe 'dev-08-v2_' ignoré ; profil caractéristique d'un artefact d'anonymisation",DERIVE,ANOMALIE,ANOMALIE,0.9,BASSE,34,"Niveau 2 : R_EMAIL [Mapping.xlsx › Mapping, lignes 4-6] attend 'PNom2173396396@loto-quebec.com' (initiale 'P' + nom 'Nom2173396' + '396' + '@loto-quebec.com' (accents retirés)) ; la destination contient 'dev-08-v2_PNom10437437@loto-quebec.com' (structure conforme à la règle (initiale + nom + 3 derniers chiffres du code), mais l'identifiant 'nom10437' ne correspond pas au Matricule/personID (attendu 'nom2173396') ; préfixe 'dev-08-v2_' ignoré ; profil caractéristique d'un artefact d'anonymisation). Aucune règle documentée n'explique l'écart.","22/22 dossiers affectés (100%). Le préfixe d'environnement est autorisé, mais l'identifiant utilisé après normalisation ne correspond pas au Matricule/personID. Cause connue dans le jeu fourni : artefact d'anonymisation. [Clarification officielle 2026-10-04 : « code » = Matricule/personID ; le préfixe destination (ex. dev-08-v2_) est autorisé et ignoré ; l'identifiant anonymisé différent dans l'adresse est une erreur d'anonymisation, pertinente à détecter comme anomalie.]",Une seule décision / investigation : corriger la génération des courriels (ou l'anonymisation de l'extraction) pour tous les dossiers.,,Corriger contactEmail dans le système B : 'dev-08-v2_PNom10437437@loto-quebec.com' → 'PNom2173396396@loto-quebec.com' (valeur dérivée de la source). Validation humaine requise.,P-SYS-contactEmail,True,,,"{""PrénomUsuel"": ""Pre2173396"", ""NomFamille"": ""Nom2173396"", ""Matricule"": ""2173396""}",,"Employe_Source_Anonymise_VF.xlsx ligne 15 ; Employe_Destination_Anonymise_VF.xlsx ligne 14 ; Mapping.xlsx › Mapping, lignes 4-6","Mapping.xlsx › Mapping, lignes 4-6",base ANOMALIE=0.90 ; ×appariement 1.00 = 0.90,verdict 45 + impact champ 5 + confiance +9 + traité au niveau du groupe systémique −25 = 34,,,,,ANOMALIE
C-2648214-S20-D19-contactEmail,2648214,Pre2648214 Nom2648214,COMPARAISON_CHAMP,contactEmail,P · poste 73721 · emploi 6972 · début 2001-02-05,20,19,APPARIE,1.0,Adresse courriel travail,,dev-08-v2_PNom10470470@loto-quebec.com,,dev-08-v2_pnom10470470@loto-quebec.com,PNom2648214214@loto-quebec.com,,NON_COMPARABLE,R_EMAIL,"Courriel : initiale prénom + nom + 3 derniers chiffres du matricule + @domaine, sans accents",REGLE_DETERMINISTE,MISMATCH,"structure conforme à la règle (initiale + nom + 3 derniers chiffres du code), mais l'identifiant 'nom10470' ne correspond pas au Matricule/personID (attendu 'nom2648214') ; préfixe 'dev-08-v2_' ignoré ; profil caractéristique d'un artefact d'anonymisation",DERIVE,ANOMALIE,ANOMALIE,0.9,BASSE,34,"Niveau 2 : R_EMAIL [Mapping.xlsx › Mapping, lignes 4-6] attend 'PNom2648214214@loto-quebec.com' (initiale 'P' + nom 'Nom2648214' + '214' + '@loto-quebec.com' (accents retirés)) ; la destination contient 'dev-08-v2_PNom10470470@loto-quebec.com' (structure conforme à la règle (initiale + nom + 3 derniers chiffres du code), mais l'identifiant 'nom10470' ne correspond pas au Matricule/personID (attendu 'nom2648214') ; préfixe 'dev-08-v2_' ignoré ; profil caractéristique d'un artefact d'anonymisation). Aucune règle documentée n'explique l'écart.","22/22 dossiers affectés (100%). Le préfixe d'environnement est autorisé, mais l'identifiant utilisé après normalisation ne correspond pas au Matricule/personID. Cause connue dans le jeu fourni : artefact d'anonymisation. [Clarification officielle 2026-10-04 : « code » = Matricule/personID ; le préfixe destination (ex. dev-08-v2_) est autorisé et ignoré ; l'identifiant anonymisé différent dans l'adresse est une erreur d'anonymisation, pertinente à détecter comme anomalie.]",Une seule décision / investigation : corriger la génération des courriels (ou l'anonymisation de l'extraction) pour tous les dossiers.,,Corriger contactEmail dans le système B : 'dev-08-v2_PNom10470470@loto-quebec.com' → 'PNom2648214214@loto-quebec.com' (valeur dérivée de la source). Validation humaine requise.,P-SYS-contactEmail,True,,,"{""PrénomUsuel"": ""Pre2648214"", ""NomFamille"": ""Nom2648214"", ""Matricule"": ""2648214""}",,"Employe_Source_Anonymise_VF.xlsx ligne 20 ; Employe_Destination_Anonymise_VF.xlsx ligne 19 ; Mapping.xlsx › Mapping, lignes 4-6","Mapping.xlsx › Mapping, lignes 4-6",base ANOMALIE=0.90 ; ×appariement 1.00 = 0.90,verdict 45 + impact champ 5 + confiance +9 + traité au niveau du groupe systémique −25 = 34,,,,,ANOMALIE
C-2747515-S10-D9-contactEmail,2747515,Pre2747515 Nom2747515,COMPARAISON_CHAMP,contactEmail,P · poste 63970 · emploi 6203 · début 2009-03-30,10,9,APPARIE,1.0,Adresse courriel travail,,dev-08-v2_PNom10402402@loto-quebec.com,,dev-08-v2_pnom10402402@loto-quebec.com,PNom2747515515@loto-quebec.com,,NON_COMPARABLE,R_EMAIL,"Courriel : initiale prénom + nom + 3 derniers chiffres du matricule + @domaine, sans accents",REGLE_DETERMINISTE,MISMATCH,"structure conforme à la règle (initiale + nom + 3 derniers chiffres du code), mais l'identifiant 'nom10402' ne correspond pas au Matricule/personID (attendu 'nom2747515') ; préfixe 'dev-08-v2_' ignoré ; profil caractéristique d'un artefact d'anonymisation",DERIVE,ANOMALIE,ANOMALIE,0.9,BASSE,34,"Niveau 2 : R_EMAIL [Mapping.xlsx › Mapping, lignes 4-6] attend 'PNom2747515515@loto-quebec.com' (initiale 'P' + nom 'Nom2747515' + '515' + '@loto-quebec.com' (accents retirés)) ; la destination contient 'dev-08-v2_PNom10402402@loto-quebec.com' (structure conforme à la règle (initiale + nom + 3 derniers chiffres du code), mais l'identifiant 'nom10402' ne correspond pas au Matricule/personID (attendu 'nom2747515') ; préfixe 'dev-08-v2_' ignoré ; profil caractéristique d'un artefact d'anonymisation). Aucune règle documentée n'explique l'écart.","22/22 dossiers affectés (100%). Le préfixe d'environnement est autorisé, mais l'identifiant utilisé après normalisation ne correspond pas au Matricule/personID. Cause connue dans le jeu fourni : artefact d'anonymisation. [Clarification officielle 2026-10-04 : « code » = Matricule/personID ; le préfixe destination (ex. dev-08-v2_) est autorisé et ignoré ; l'identifiant anonymisé différent dans l'adresse est une erreur d'anonymisation, pertinente à détecter comme anomalie.]",Une seule décision / investigation : corriger la génération des courriels (ou l'anonymisation de l'extraction) pour tous les dossiers.,,Corriger contactEmail dans le système B : 'dev-08-v2_PNom10402402@loto-quebec.com' → 'PNom2747515515@loto-quebec.com' (valeur dérivée de la source). Validation humaine requise.,P-SYS-contactEmail,True,,,"{""PrénomUsuel"": ""Pre2747515"", ""NomFamille"": ""Nom2747515"", ""Matricule"": ""2747515""}",,"Employe_Source_Anonymise_VF.xlsx ligne 10 ; Employe_Destination_Anonymise_VF.xlsx ligne 9 ; Mapping.xlsx › Mapping, lignes 4-6","Mapping.xlsx › Mapping, lignes 4-6",base ANOMALIE=0.90 ; ×appariement 1.00 = 0.90,verdict 45 + impact champ 5 + confiance +9 + traité au niveau du groupe systémique −25 = 34,,,,,ANOMALIE
C-2762457-S8-D7-contactEmail,2762457,Pre2762457 Nom2762457,COMPARAISON_CHAMP,contactEmail,P · poste 30106 · emploi 6203 · début 2009-03-30,8,7,APPARIE,1.0,Adresse courriel travail,,dev-08-v2_PNom10398398@loto-quebec.com,,dev-08-v2_pnom10398398@loto-quebec.com,PNom2762457457@loto-quebec.com,,NON_COMPARABLE,R_EMAIL,"Courriel : initiale prénom + nom + 3 derniers chiffres du matricule + @domaine, sans accents",REGLE_DETERMINISTE,MISMATCH,"structure conforme à la règle (initiale + nom + 3 derniers chiffres du code), mais l'identifiant 'nom10398' ne correspond pas au Matricule/personID (attendu 'nom2762457') ; préfixe 'dev-08-v2_' ignoré ; profil caractéristique d'un artefact d'anonymisation",DERIVE,ANOMALIE,ANOMALIE,0.9,BASSE,34,"Niveau 2 : R_EMAIL [Mapping.xlsx › Mapping, lignes 4-6] attend 'PNom2762457457@loto-quebec.com' (initiale 'P' + nom 'Nom2762457' + '457' + '@loto-quebec.com' (accents retirés)) ; la destination contient 'dev-08-v2_PNom10398398@loto-quebec.com' (structure conforme à la règle (initiale + nom + 3 derniers chiffres du code), mais l'identifiant 'nom10398' ne correspond pas au Matricule/personID (attendu 'nom2762457') ; préfixe 'dev-08-v2_' ignoré ; profil caractéristique d'un artefact d'anonymisation). Aucune règle documentée n'explique l'écart.","22/22 dossiers affectés (100%). Le préfixe d'environnement est autorisé, mais l'identifiant utilisé après normalisation ne correspond pas au Matricule/personID. Cause connue dans le jeu fourni : artefact d'anonymisation. [Clarification officielle 2026-10-04 : « code » = Matricule/personID ; le préfixe destination (ex. dev-08-v2_) est autorisé et ignoré ; l'identifiant anonymisé différent dans l'adresse est une erreur d'anonymisation, pertinente à détecter comme anomalie.]",Une seule décision / investigation : corriger la génération des courriels (ou l'anonymisation de l'extraction) pour tous les dossiers.,,Corriger contactEmail dans le système B : 'dev-08-v2_PNom10398398@loto-quebec.com' → 'PNom2762457457@loto-quebec.com' (valeur dérivée de la source). Validation humaine requise.,P-SYS-contactEmail,True,,,"{""PrénomUsuel"": ""Pre2762457"", ""NomFamille"": ""Nom2762457"", ""Matricule"": ""2762457""}",,"Employe_Source_Anonymise_VF.xlsx ligne 8 ; Employe_Destination_Anonymise_VF.xlsx ligne 7 ; Mapping.xlsx › Mapping, lignes 4-6","Mapping.xlsx › Mapping, lignes 4-6",base ANOMALIE=0.90 ; ×appariement 1.00 = 0.90,verdict 45 + impact champ 5 + confiance +9 + traité au niveau du groupe systémique −25 = 34,,,,,ANOMALIE
C-2911996-S16-D15-contactEmail,2911996,Pre2911996 Nom2911996,COMPARAISON_CHAMP,contactEmail,P · poste 12548 · emploi 6051 · début 2000-04-01,16,15,APPARIE,1.0,Adresse courriel travail,,dev-08-v2_PNom10446446@loto-quebec.com,,dev-08-v2_pnom10446446@loto-quebec.com,PNom2911996996@loto-quebec.com,,NON_COMPARABLE,R_EMAIL,"Courriel : initiale prénom + nom + 3 derniers chiffres du matricule + @domaine, sans accents",REGLE_DETERMINISTE,MISMATCH,"structure conforme à la règle (initiale + nom + 3 derniers chiffres du code), mais l'identifiant 'nom10446' ne correspond pas au Matricule/personID (attendu 'nom2911996') ; préfixe 'dev-08-v2_' ignoré ; profil caractéristique d'un artefact d'anonymisation",DERIVE,ANOMALIE,ANOMALIE,0.9,BASSE,34,"Niveau 2 : R_EMAIL [Mapping.xlsx › Mapping, lignes 4-6] attend 'PNom2911996996@loto-quebec.com' (initiale 'P' + nom 'Nom2911996' + '996' + '@loto-quebec.com' (accents retirés)) ; la destination contient 'dev-08-v2_PNom10446446@loto-quebec.com' (structure conforme à la règle (initiale + nom + 3 derniers chiffres du code), mais l'identifiant 'nom10446' ne correspond pas au Matricule/personID (attendu 'nom2911996') ; préfixe 'dev-08-v2_' ignoré ; profil caractéristique d'un artefact d'anonymisation). Aucune règle documentée n'explique l'écart.","22/22 dossiers affectés (100%). Le préfixe d'environnement est autorisé, mais l'identifiant utilisé après normalisation ne correspond pas au Matricule/personID. Cause connue dans le jeu fourni : artefact d'anonymisation. [Clarification officielle 2026-10-04 : « code » = Matricule/personID ; le préfixe destination (ex. dev-08-v2_) est autorisé et ignoré ; l'identifiant anonymisé différent dans l'adresse est une erreur d'anonymisation, pertinente à détecter comme anomalie.]",Une seule décision / investigation : corriger la génération des courriels (ou l'anonymisation de l'extraction) pour tous les dossiers.,,Corriger contactEmail dans le système B : 'dev-08-v2_PNom10446446@loto-quebec.com' → 'PNom2911996996@loto-quebec.com' (valeur dérivée de la source). Validation humaine requise.,P-SYS-contactEmail,True,,,"{""PrénomUsuel"": ""Pre2911996"", ""NomFamille"": ""Nom2911996"", ""Matricule"": ""2911996""}",,"Employe_Source_Anonymise_VF.xlsx ligne 16 ; Employe_Destination_Anonymise_VF.xlsx ligne 15 ; Mapping.xlsx › Mapping, lignes 4-6","Mapping.xlsx › Mapping, lignes 4-6",base ANOMALIE=0.90 ; ×appariement 1.00 = 0.90,verdict 45 + impact champ 5 + confiance +9 + traité au niveau du groupe systémique −25 = 34,,,,,ANOMALIE
C-3241002-S14-D13-contactEmail,3241002,Pre3241002 Nom3241002,COMPARAISON_CHAMP,contactEmail,P · poste 88622 · emploi 6203 · début 2009-03-30,14,13,APPARIE,1.0,Adresse courriel travail,,dev-08-v2_PNom10434434@loto-quebec.com,,dev-08-v2_pnom10434434@loto-quebec.com,PNom3241002002@loto-quebec.com,,NON_COMPARABLE,R_EMAIL,"Courriel : initiale prénom + nom + 3 derniers chiffres du matricule + @domaine, sans accents",REGLE_DETERMINISTE,MISMATCH,"structure conforme à la règle (initiale + nom + 3 derniers chiffres du code), mais l'identifiant 'nom10434' ne correspond pas au Matricule/personID (attendu 'nom3241002') ; préfixe 'dev-08-v2_' ignoré ; profil caractéristique d'un artefact d'anonymisation",DERIVE,ANOMALIE,ANOMALIE,0.9,BASSE,34,"Niveau 2 : R_EMAIL [Mapping.xlsx › Mapping, lignes 4-6] attend 'PNom3241002002@loto-quebec.com' (initiale 'P' + nom 'Nom3241002' + '002' + '@loto-quebec.com' (accents retirés)) ; la destination contient 'dev-08-v2_PNom10434434@loto-quebec.com' (structure conforme à la règle (initiale + nom + 3 derniers chiffres du code), mais l'identifiant 'nom10434' ne correspond pas au Matricule/personID (attendu 'nom3241002') ; préfixe 'dev-08-v2_' ignoré ; profil caractéristique d'un artefact d'anonymisation). Aucune règle documentée n'explique l'écart.","22/22 dossiers affectés (100%). Le préfixe d'environnement est autorisé, mais l'identifiant utilisé après normalisation ne correspond pas au Matricule/personID. Cause connue dans le jeu fourni : artefact d'anonymisation. [Clarification officielle 2026-10-04 : « code » = Matricule/personID ; le préfixe destination (ex. dev-08-v2_) est autorisé et ignoré ; l'identifiant anonymisé différent dans l'adresse est une erreur d'anonymisation, pertinente à détecter comme anomalie.]",Une seule décision / investigation : corriger la génération des courriels (ou l'anonymisation de l'extraction) pour tous les dossiers.,,Corriger contactEmail dans le système B : 'dev-08-v2_PNom10434434@loto-quebec.com' → 'PNom3241002002@loto-quebec.com' (valeur dérivée de la source). Validation humaine requise.,P-SYS-contactEmail,True,,,"{""PrénomUsuel"": ""Pre3241002"", ""NomFamille"": ""Nom3241002"", ""Matricule"": ""3241002""}",,"Employe_Source_Anonymise_VF.xlsx ligne 14 ; Employe_Destination_Anonymise_VF.xlsx ligne 13 ; Mapping.xlsx › Mapping, lignes 4-6","Mapping.xlsx › Mapping, lignes 4-6",base ANOMALIE=0.90 ; ×appariement 1.00 = 0.90,verdict 45 + impact champ 5 + confiance +9 + traité au niveau du groupe systémique −25 = 34,,,,,ANOMALIE
C-3712987-S18-D17-contactEmail,3712987,Pre3712987 Nom3712987,COMPARAISON_CHAMP,contactEmail,P · poste 86337 · emploi 6031 · début 2016-05-09,18,17,APPARIE,1.0,Adresse courriel travail,,dev-08-v2_PNom10465465@loto-quebec.com,,dev-08-v2_pnom10465465@loto-quebec.com,PNom3712987987@loto-quebec.com,,NON_COMPARABLE,R_EMAIL,"Courriel : initiale prénom + nom + 3 derniers chiffres du matricule + @domaine, sans accents",REGLE_DETERMINISTE,MISMATCH,"structure conforme à la règle (initiale + nom + 3 derniers chiffres du code), mais l'identifiant 'nom10465' ne correspond pas au Matricule/personID (attendu 'nom3712987') ; préfixe 'dev-08-v2_' ignoré ; profil caractéristique d'un artefact d'anonymisation",DERIVE,ANOMALIE,ANOMALIE,0.9,BASSE,34,"Niveau 2 : R_EMAIL [Mapping.xlsx › Mapping, lignes 4-6] attend 'PNom3712987987@loto-quebec.com' (initiale 'P' + nom 'Nom3712987' + '987' + '@loto-quebec.com' (accents retirés)) ; la destination contient 'dev-08-v2_PNom10465465@loto-quebec.com' (structure conforme à la règle (initiale + nom + 3 derniers chiffres du code), mais l'identifiant 'nom10465' ne correspond pas au Matricule/personID (attendu 'nom3712987') ; préfixe 'dev-08-v2_' ignoré ; profil caractéristique d'un artefact d'anonymisation). Aucune règle documentée n'explique l'écart.","22/22 dossiers affectés (100%). Le préfixe d'environnement est autorisé, mais l'identifiant utilisé après normalisation ne correspond pas au Matricule/personID. Cause connue dans le jeu fourni : artefact d'anonymisation. [Clarification officielle 2026-10-04 : « code » = Matricule/personID ; le préfixe destination (ex. dev-08-v2_) est autorisé et ignoré ; l'identifiant anonymisé différent dans l'adresse est une erreur d'anonymisation, pertinente à détecter comme anomalie.]",Une seule décision / investigation : corriger la génération des courriels (ou l'anonymisation de l'extraction) pour tous les dossiers.,,Corriger contactEmail dans le système B : 'dev-08-v2_PNom10465465@loto-quebec.com' → 'PNom3712987987@loto-quebec.com' (valeur dérivée de la source). Validation humaine requise.,P-SYS-contactEmail,True,,,"{""PrénomUsuel"": ""Pre3712987"", ""NomFamille"": ""Nom3712987"", ""Matricule"": ""3712987""}",,"Employe_Source_Anonymise_VF.xlsx ligne 18 ; Employe_Destination_Anonymise_VF.xlsx ligne 17 ; Mapping.xlsx › Mapping, lignes 4-6","Mapping.xlsx › Mapping, lignes 4-6",base ANOMALIE=0.90 ; ×appariement 1.00 = 0.90,verdict 45 + impact champ 5 + confiance +9 + traité au niveau du groupe systémique −25 = 34,,,,,ANOMALIE
C-4402456-S17-D16-contactEmail,4402456,Pre4402456 Nom4402456,COMPARAISON_CHAMP,contactEmail,P · poste 26586 · emploi 6031 · début 2001-02-05,17,16,APPARIE,1.0,Adresse courriel travail,,dev-08-v2_PNom10460460@loto-quebec.com,,dev-08-v2_pnom10460460@loto-quebec.com,PNom4402456456@loto-quebec.com,,NON_COMPARABLE,R_EMAIL,"Courriel : initiale prénom + nom + 3 derniers chiffres du matricule + @domaine, sans accents",REGLE_DETERMINISTE,MISMATCH,"structure conforme à la règle (initiale + nom + 3 derniers chiffres du code), mais l'identifiant 'nom10460' ne correspond pas au Matricule/personID (attendu 'nom4402456') ; préfixe 'dev-08-v2_' ignoré ; profil caractéristique d'un artefact d'anonymisation",DERIVE,ANOMALIE,ANOMALIE,0.9,BASSE,34,"Niveau 2 : R_EMAIL [Mapping.xlsx › Mapping, lignes 4-6] attend 'PNom4402456456@loto-quebec.com' (initiale 'P' + nom 'Nom4402456' + '456' + '@loto-quebec.com' (accents retirés)) ; la destination contient 'dev-08-v2_PNom10460460@loto-quebec.com' (structure conforme à la règle (initiale + nom + 3 derniers chiffres du code), mais l'identifiant 'nom10460' ne correspond pas au Matricule/personID (attendu 'nom4402456') ; préfixe 'dev-08-v2_' ignoré ; profil caractéristique d'un artefact d'anonymisation). Aucune règle documentée n'explique l'écart.","22/22 dossiers affectés (100%). Le préfixe d'environnement est autorisé, mais l'identifiant utilisé après normalisation ne correspond pas au Matricule/personID. Cause connue dans le jeu fourni : artefact d'anonymisation. [Clarification officielle 2026-10-04 : « code » = Matricule/personID ; le préfixe destination (ex. dev-08-v2_) est autorisé et ignoré ; l'identifiant anonymisé différent dans l'adresse est une erreur d'anonymisation, pertinente à détecter comme anomalie.]",Une seule décision / investigation : corriger la génération des courriels (ou l'anonymisation de l'extraction) pour tous les dossiers.,,Corriger contactEmail dans le système B : 'dev-08-v2_PNom10460460@loto-quebec.com' → 'PNom4402456456@loto-quebec.com' (valeur dérivée de la source). Validation humaine requise.,P-SYS-contactEmail,True,,,"{""PrénomUsuel"": ""Pre4402456"", ""NomFamille"": ""Nom4402456"", ""Matricule"": ""4402456""}",,"Employe_Source_Anonymise_VF.xlsx ligne 17 ; Employe_Destination_Anonymise_VF.xlsx ligne 16 ; Mapping.xlsx › Mapping, lignes 4-6","Mapping.xlsx › Mapping, lignes 4-6",base ANOMALIE=0.90 ; ×appariement 1.00 = 0.90,verdict 45 + impact champ 5 + confiance +9 + traité au niveau du groupe systémique −25 = 34,,,,,ANOMALIE
C-4625374-S9-D8-contactEmail,4625374,Pre4625374 Nom4625374,COMPARAISON_CHAMP,contactEmail,P · poste 43478 · emploi 6203 · début 2025-03-24,9,8,APPARIE,1.0,Adresse courriel travail,,dev-08-v2_PNom10401401@loto-quebec.com,,dev-08-v2_pnom10401401@loto-quebec.com,PNom4625374374@loto-quebec.com,,NON_COMPARABLE,R_EMAIL,"Courriel : initiale prénom + nom + 3 derniers chiffres du matricule + @domaine, sans accents",REGLE_DETERMINISTE,MISMATCH,"structure conforme à la règle (initiale + nom + 3 derniers chiffres du code), mais l'identifiant 'nom10401' ne correspond pas au Matricule/personID (attendu 'nom4625374') ; préfixe 'dev-08-v2_' ignoré ; profil caractéristique d'un artefact d'anonymisation",DERIVE,ANOMALIE,ANOMALIE,0.9,BASSE,34,"Niveau 2 : R_EMAIL [Mapping.xlsx › Mapping, lignes 4-6] attend 'PNom4625374374@loto-quebec.com' (initiale 'P' + nom 'Nom4625374' + '374' + '@loto-quebec.com' (accents retirés)) ; la destination contient 'dev-08-v2_PNom10401401@loto-quebec.com' (structure conforme à la règle (initiale + nom + 3 derniers chiffres du code), mais l'identifiant 'nom10401' ne correspond pas au Matricule/personID (attendu 'nom4625374') ; préfixe 'dev-08-v2_' ignoré ; profil caractéristique d'un artefact d'anonymisation). Aucune règle documentée n'explique l'écart.","22/22 dossiers affectés (100%). Le préfixe d'environnement est autorisé, mais l'identifiant utilisé après normalisation ne correspond pas au Matricule/personID. Cause connue dans le jeu fourni : artefact d'anonymisation. [Clarification officielle 2026-10-04 : « code » = Matricule/personID ; le préfixe destination (ex. dev-08-v2_) est autorisé et ignoré ; l'identifiant anonymisé différent dans l'adresse est une erreur d'anonymisation, pertinente à détecter comme anomalie.]",Une seule décision / investigation : corriger la génération des courriels (ou l'anonymisation de l'extraction) pour tous les dossiers.,,Corriger contactEmail dans le système B : 'dev-08-v2_PNom10401401@loto-quebec.com' → 'PNom4625374374@loto-quebec.com' (valeur dérivée de la source). Validation humaine requise.,P-SYS-contactEmail,True,,,"{""PrénomUsuel"": ""Pre4625374"", ""NomFamille"": ""Nom4625374"", ""Matricule"": ""4625374""}",,"Employe_Source_Anonymise_VF.xlsx ligne 9 ; Employe_Destination_Anonymise_VF.xlsx ligne 8 ; Mapping.xlsx › Mapping, lignes 4-6","Mapping.xlsx › Mapping, lignes 4-6",base ANOMALIE=0.90 ; ×appariement 1.00 = 0.90,verdict 45 + impact champ 5 + confiance +9 + traité au niveau du groupe systémique −25 = 34,,,,,ANOMALIE
C-4880692-S11-D10-contactEmail,4880692,Pre4880692 Nom4880692,COMPARAISON_CHAMP,contactEmail,P · poste 35161 · emploi 6203 · début 2009-03-30,11,10,APPARIE,1.0,Adresse courriel travail,,dev-08-v2_PNom10404404@loto-quebec.com,,dev-08-v2_pnom10404404@loto-quebec.com,PNom4880692692@loto-quebec.com,,NON_COMPARABLE,R_EMAIL,"Courriel : initiale prénom + nom + 3 derniers chiffres du matricule + @domaine, sans accents",REGLE_DETERMINISTE,MISMATCH,"structure conforme à la règle (initiale + nom + 3 derniers chiffres du code), mais l'identifiant 'nom10404' ne correspond pas au Matricule/personID (attendu 'nom4880692') ; préfixe 'dev-08-v2_' ignoré ; profil caractéristique d'un artefact d'anonymisation",DERIVE,ANOMALIE,ANOMALIE,0.9,BASSE,34,"Niveau 2 : R_EMAIL [Mapping.xlsx › Mapping, lignes 4-6] attend 'PNom4880692692@loto-quebec.com' (initiale 'P' + nom 'Nom4880692' + '692' + '@loto-quebec.com' (accents retirés)) ; la destination contient 'dev-08-v2_PNom10404404@loto-quebec.com' (structure conforme à la règle (initiale + nom + 3 derniers chiffres du code), mais l'identifiant 'nom10404' ne correspond pas au Matricule/personID (attendu 'nom4880692') ; préfixe 'dev-08-v2_' ignoré ; profil caractéristique d'un artefact d'anonymisation). Aucune règle documentée n'explique l'écart.","22/22 dossiers affectés (100%). Le préfixe d'environnement est autorisé, mais l'identifiant utilisé après normalisation ne correspond pas au Matricule/personID. Cause connue dans le jeu fourni : artefact d'anonymisation. [Clarification officielle 2026-10-04 : « code » = Matricule/personID ; le préfixe destination (ex. dev-08-v2_) est autorisé et ignoré ; l'identifiant anonymisé différent dans l'adresse est une erreur d'anonymisation, pertinente à détecter comme anomalie.]",Une seule décision / investigation : corriger la génération des courriels (ou l'anonymisation de l'extraction) pour tous les dossiers.,,Corriger contactEmail dans le système B : 'dev-08-v2_PNom10404404@loto-quebec.com' → 'PNom4880692692@loto-quebec.com' (valeur dérivée de la source). Validation humaine requise.,P-SYS-contactEmail,True,,,"{""PrénomUsuel"": ""Pre4880692"", ""NomFamille"": ""Nom4880692"", ""Matricule"": ""4880692""}",,"Employe_Source_Anonymise_VF.xlsx ligne 11 ; Employe_Destination_Anonymise_VF.xlsx ligne 10 ; Mapping.xlsx › Mapping, lignes 4-6","Mapping.xlsx › Mapping, lignes 4-6",base ANOMALIE=0.90 ; ×appariement 1.00 = 0.90,verdict 45 + impact champ 5 + confiance +9 + traité au niveau du groupe systémique −25 = 34,,,,,ANOMALIE
C-6035643-S13-D12-contactEmail,6035643,Pre6035643 Nom6035643,COMPARAISON_CHAMP,contactEmail,P · poste 47056 · emploi 6622 · début 2023-02-13,13,12,APPARIE,1.0,Adresse courriel travail,,dev-08-v2_PNom10430430@loto-quebec.com,,dev-08-v2_pnom10430430@loto-quebec.com,PNom6035643643@loto-quebec.com,,NON_COMPARABLE,R_EMAIL,"Courriel : initiale prénom + nom + 3 derniers chiffres du matricule + @domaine, sans accents",REGLE_DETERMINISTE,MISMATCH,"structure conforme à la règle (initiale + nom + 3 derniers chiffres du code), mais l'identifiant 'nom10430' ne correspond pas au Matricule/personID (attendu 'nom6035643') ; préfixe 'dev-08-v2_' ignoré ; profil caractéristique d'un artefact d'anonymisation",DERIVE,ANOMALIE,ANOMALIE,0.9,BASSE,34,"Niveau 2 : R_EMAIL [Mapping.xlsx › Mapping, lignes 4-6] attend 'PNom6035643643@loto-quebec.com' (initiale 'P' + nom 'Nom6035643' + '643' + '@loto-quebec.com' (accents retirés)) ; la destination contient 'dev-08-v2_PNom10430430@loto-quebec.com' (structure conforme à la règle (initiale + nom + 3 derniers chiffres du code), mais l'identifiant 'nom10430' ne correspond pas au Matricule/personID (attendu 'nom6035643') ; préfixe 'dev-08-v2_' ignoré ; profil caractéristique d'un artefact d'anonymisation). Aucune règle documentée n'explique l'écart.","22/22 dossiers affectés (100%). Le préfixe d'environnement est autorisé, mais l'identifiant utilisé après normalisation ne correspond pas au Matricule/personID. Cause connue dans le jeu fourni : artefact d'anonymisation. [Clarification officielle 2026-10-04 : « code » = Matricule/personID ; le préfixe destination (ex. dev-08-v2_) est autorisé et ignoré ; l'identifiant anonymisé différent dans l'adresse est une erreur d'anonymisation, pertinente à détecter comme anomalie.]",Une seule décision / investigation : corriger la génération des courriels (ou l'anonymisation de l'extraction) pour tous les dossiers.,,Corriger contactEmail dans le système B : 'dev-08-v2_PNom10430430@loto-quebec.com' → 'PNom6035643643@loto-quebec.com' (valeur dérivée de la source). Validation humaine requise.,P-SYS-contactEmail,True,,,"{""PrénomUsuel"": ""Pre6035643"", ""NomFamille"": ""Nom6035643"", ""Matricule"": ""6035643""}",,"Employe_Source_Anonymise_VF.xlsx ligne 13 ; Employe_Destination_Anonymise_VF.xlsx ligne 12 ; Mapping.xlsx › Mapping, lignes 4-6","Mapping.xlsx › Mapping, lignes 4-6",base ANOMALIE=0.90 ; ×appariement 1.00 = 0.90,verdict 45 + impact champ 5 + confiance +9 + traité au niveau du groupe systémique −25 = 34,,,,,ANOMALIE
C-6783031-S7-D6-contactEmail,6783031,Pre6783031 Nom6783031,COMPARAISON_CHAMP,contactEmail,P · poste 23999 · emploi 6203 · début 2009-03-30,7,6,APPARIE,1.0,Adresse courriel travail,,dev-08-v2_PNom10389389@loto-quebec.com,,dev-08-v2_pnom10389389@loto-quebec.com,PNom6783031031@loto-quebec.com,,NON_COMPARABLE,R_EMAIL,"Courriel : initiale prénom + nom + 3 derniers chiffres du matricule + @domaine, sans accents",REGLE_DETERMINISTE,MISMATCH,"structure conforme à la règle (initiale + nom + 3 derniers chiffres du code), mais l'identifiant 'nom10389' ne correspond pas au Matricule/personID (attendu 'nom6783031') ; préfixe 'dev-08-v2_' ignoré ; profil caractéristique d'un artefact d'anonymisation",DERIVE,ANOMALIE,ANOMALIE,0.9,BASSE,34,"Niveau 2 : R_EMAIL [Mapping.xlsx › Mapping, lignes 4-6] attend 'PNom6783031031@loto-quebec.com' (initiale 'P' + nom 'Nom6783031' + '031' + '@loto-quebec.com' (accents retirés)) ; la destination contient 'dev-08-v2_PNom10389389@loto-quebec.com' (structure conforme à la règle (initiale + nom + 3 derniers chiffres du code), mais l'identifiant 'nom10389' ne correspond pas au Matricule/personID (attendu 'nom6783031') ; préfixe 'dev-08-v2_' ignoré ; profil caractéristique d'un artefact d'anonymisation). Aucune règle documentée n'explique l'écart.","22/22 dossiers affectés (100%). Le préfixe d'environnement est autorisé, mais l'identifiant utilisé après normalisation ne correspond pas au Matricule/personID. Cause connue dans le jeu fourni : artefact d'anonymisation. [Clarification officielle 2026-10-04 : « code » = Matricule/personID ; le préfixe destination (ex. dev-08-v2_) est autorisé et ignoré ; l'identifiant anonymisé différent dans l'adresse est une erreur d'anonymisation, pertinente à détecter comme anomalie.]",Une seule décision / investigation : corriger la génération des courriels (ou l'anonymisation de l'extraction) pour tous les dossiers.,,Corriger contactEmail dans le système B : 'dev-08-v2_PNom10389389@loto-quebec.com' → 'PNom6783031031@loto-quebec.com' (valeur dérivée de la source). Validation humaine requise.,P-SYS-contactEmail,True,,,"{""PrénomUsuel"": ""Pre6783031"", ""NomFamille"": ""Nom6783031"", ""Matricule"": ""6783031""}",,"Employe_Source_Anonymise_VF.xlsx ligne 7 ; Employe_Destination_Anonymise_VF.xlsx ligne 6 ; Mapping.xlsx › Mapping, lignes 4-6","Mapping.xlsx › Mapping, lignes 4-6",base ANOMALIE=0.90 ; ×appariement 1.00 = 0.90,verdict 45 + impact champ 5 + confiance +9 + traité au niveau du groupe systémique −25 = 34,,,,,ANOMALIE
C-7070325-S12-D11-contactEmail,7070325,Pre7070325 Nom7070325,COMPARAISON_CHAMP,contactEmail,P · poste 81864 · emploi 6622 · début 2009-07-06,12,11,APPARIE,1.0,Adresse courriel travail,,dev-08-v2_PNom10428428@loto-quebec.com,,dev-08-v2_pnom10428428@loto-quebec.com,PNom7070325325@loto-quebec.com,,NON_COMPARABLE,R_EMAIL,"Courriel : initiale prénom + nom + 3 derniers chiffres du matricule + @domaine, sans accents",REGLE_DETERMINISTE,MISMATCH,"structure conforme à la règle (initiale + nom + 3 derniers chiffres du code), mais l'identifiant 'nom10428' ne correspond pas au Matricule/personID (attendu 'nom7070325') ; préfixe 'dev-08-v2_' ignoré ; profil caractéristique d'un artefact d'anonymisation",DERIVE,ANOMALIE,ANOMALIE,0.9,BASSE,34,"Niveau 2 : R_EMAIL [Mapping.xlsx › Mapping, lignes 4-6] attend 'PNom7070325325@loto-quebec.com' (initiale 'P' + nom 'Nom7070325' + '325' + '@loto-quebec.com' (accents retirés)) ; la destination contient 'dev-08-v2_PNom10428428@loto-quebec.com' (structure conforme à la règle (initiale + nom + 3 derniers chiffres du code), mais l'identifiant 'nom10428' ne correspond pas au Matricule/personID (attendu 'nom7070325') ; préfixe 'dev-08-v2_' ignoré ; profil caractéristique d'un artefact d'anonymisation). Aucune règle documentée n'explique l'écart.","22/22 dossiers affectés (100%). Le préfixe d'environnement est autorisé, mais l'identifiant utilisé après normalisation ne correspond pas au Matricule/personID. Cause connue dans le jeu fourni : artefact d'anonymisation. [Clarification officielle 2026-10-04 : « code » = Matricule/personID ; le préfixe destination (ex. dev-08-v2_) est autorisé et ignoré ; l'identifiant anonymisé différent dans l'adresse est une erreur d'anonymisation, pertinente à détecter comme anomalie.]",Une seule décision / investigation : corriger la génération des courriels (ou l'anonymisation de l'extraction) pour tous les dossiers.,,Corriger contactEmail dans le système B : 'dev-08-v2_PNom10428428@loto-quebec.com' → 'PNom7070325325@loto-quebec.com' (valeur dérivée de la source). Validation humaine requise.,P-SYS-contactEmail,True,,,"{""PrénomUsuel"": ""Pre7070325"", ""NomFamille"": ""Nom7070325"", ""Matricule"": ""7070325""}",,"Employe_Source_Anonymise_VF.xlsx ligne 12 ; Employe_Destination_Anonymise_VF.xlsx ligne 11 ; Mapping.xlsx › Mapping, lignes 4-6","Mapping.xlsx › Mapping, lignes 4-6",base ANOMALIE=0.90 ; ×appariement 1.00 = 0.90,verdict 45 + impact champ 5 + confiance +9 + traité au niveau du groupe systémique −25 = 34,,,,,ANOMALIE
C-7254364-S19-D18-contactEmail,7254364,Pre7254364 Nom7254364,COMPARAISON_CHAMP,contactEmail,P · poste 14553 · emploi 6754 · début 2025-10-20,19,18,APPARIE,1.0,Adresse courriel travail,,dev-08-v2_PNom10466466@loto-quebec.com,,dev-08-v2_pnom10466466@loto-quebec.com,PNom7254364364@loto-quebec.com,,NON_COMPARABLE,R_EMAIL,"Courriel : initiale prénom + nom + 3 derniers chiffres du matricule + @domaine, sans accents",REGLE_DETERMINISTE,MISMATCH,"structure conforme à la règle (initiale + nom + 3 derniers chiffres du code), mais l'identifiant 'nom10466' ne correspond pas au Matricule/personID (attendu 'nom7254364') ; préfixe 'dev-08-v2_' ignoré ; profil caractéristique d'un artefact d'anonymisation",DERIVE,ANOMALIE,ANOMALIE,0.9,BASSE,34,"Niveau 2 : R_EMAIL [Mapping.xlsx › Mapping, lignes 4-6] attend 'PNom7254364364@loto-quebec.com' (initiale 'P' + nom 'Nom7254364' + '364' + '@loto-quebec.com' (accents retirés)) ; la destination contient 'dev-08-v2_PNom10466466@loto-quebec.com' (structure conforme à la règle (initiale + nom + 3 derniers chiffres du code), mais l'identifiant 'nom10466' ne correspond pas au Matricule/personID (attendu 'nom7254364') ; préfixe 'dev-08-v2_' ignoré ; profil caractéristique d'un artefact d'anonymisation). Aucune règle documentée n'explique l'écart.","22/22 dossiers affectés (100%). Le préfixe d'environnement est autorisé, mais l'identifiant utilisé après normalisation ne correspond pas au Matricule/personID. Cause connue dans le jeu fourni : artefact d'anonymisation. [Clarification officielle 2026-10-04 : « code » = Matricule/personID ; le préfixe destination (ex. dev-08-v2_) est autorisé et ignoré ; l'identifiant anonymisé différent dans l'adresse est une erreur d'anonymisation, pertinente à détecter comme anomalie.]",Une seule décision / investigation : corriger la génération des courriels (ou l'anonymisation de l'extraction) pour tous les dossiers.,,Corriger contactEmail dans le système B : 'dev-08-v2_PNom10466466@loto-quebec.com' → 'PNom7254364364@loto-quebec.com' (valeur dérivée de la source). Validation humaine requise.,P-SYS-contactEmail,True,,,"{""PrénomUsuel"": ""Pre7254364"", ""NomFamille"": ""Nom7254364"", ""Matricule"": ""7254364""}",,"Employe_Source_Anonymise_VF.xlsx ligne 19 ; Employe_Destination_Anonymise_VF.xlsx ligne 18 ; Mapping.xlsx › Mapping, lignes 4-6","Mapping.xlsx › Mapping, lignes 4-6",base ANOMALIE=0.90 ; ×appariement 1.00 = 0.90,verdict 45 + impact champ 5 + confiance +9 + traité au niveau du groupe systémique −25 = 34,,,,,ANOMALIE
C-7603160-S6-D5-contactEmail,7603160,Pre7603160 Nom7603160,COMPARAISON_CHAMP,contactEmail,P · poste 83560 · emploi 6203 · début 2009-03-30,6,5,APPARIE,1.0,Adresse courriel travail,,dev-08-v2_PNom10385385@loto-quebec.com,,dev-08-v2_pnom10385385@loto-quebec.com,PNom7603160160@loto-quebec.com,,NON_COMPARABLE,R_EMAIL,"Courriel : initiale prénom + nom + 3 derniers chiffres du matricule + @domaine, sans accents",REGLE_DETERMINISTE,MISMATCH,"structure conforme à la règle (initiale + nom + 3 derniers chiffres du code), mais l'identifiant 'nom10385' ne correspond pas au Matricule/personID (attendu 'nom7603160') ; préfixe 'dev-08-v2_' ignoré ; profil caractéristique d'un artefact d'anonymisation",DERIVE,ANOMALIE,ANOMALIE,0.9,BASSE,34,"Niveau 2 : R_EMAIL [Mapping.xlsx › Mapping, lignes 4-6] attend 'PNom7603160160@loto-quebec.com' (initiale 'P' + nom 'Nom7603160' + '160' + '@loto-quebec.com' (accents retirés)) ; la destination contient 'dev-08-v2_PNom10385385@loto-quebec.com' (structure conforme à la règle (initiale + nom + 3 derniers chiffres du code), mais l'identifiant 'nom10385' ne correspond pas au Matricule/personID (attendu 'nom7603160') ; préfixe 'dev-08-v2_' ignoré ; profil caractéristique d'un artefact d'anonymisation). Aucune règle documentée n'explique l'écart.","22/22 dossiers affectés (100%). Le préfixe d'environnement est autorisé, mais l'identifiant utilisé après normalisation ne correspond pas au Matricule/personID. Cause connue dans le jeu fourni : artefact d'anonymisation. [Clarification officielle 2026-10-04 : « code » = Matricule/personID ; le préfixe destination (ex. dev-08-v2_) est autorisé et ignoré ; l'identifiant anonymisé différent dans l'adresse est une erreur d'anonymisation, pertinente à détecter comme anomalie.]",Une seule décision / investigation : corriger la génération des courriels (ou l'anonymisation de l'extraction) pour tous les dossiers.,,Corriger contactEmail dans le système B : 'dev-08-v2_PNom10385385@loto-quebec.com' → 'PNom7603160160@loto-quebec.com' (valeur dérivée de la source). Validation humaine requise.,P-SYS-contactEmail,True,,,"{""PrénomUsuel"": ""Pre7603160"", ""NomFamille"": ""Nom7603160"", ""Matricule"": ""7603160""}",,"Employe_Source_Anonymise_VF.xlsx ligne 6 ; Employe_Destination_Anonymise_VF.xlsx ligne 5 ; Mapping.xlsx › Mapping, lignes 4-6","Mapping.xlsx › Mapping, lignes 4-6",base ANOMALIE=0.90 ; ×appariement 1.00 = 0.90,verdict 45 + impact champ 5 + confiance +9 + traité au niveau du groupe systémique −25 = 34,,,,,ANOMALIE
C-7683990-S22-D22-contactEmail,7683990,Pre7683990 Nom7683990,COMPARAISON_CHAMP,contactEmail,P · poste 15514 · emploi 6725 · début 2015-03-23,22,22,APPARIE,1.0,Adresse courriel travail,,dev-08-v2_PNom10477477@loto-quebec.com,,dev-08-v2_pnom10477477@loto-quebec.com,PNom7683990990@loto-quebec.com,,NON_COMPARABLE,R_EMAIL,"Courriel : initiale prénom + nom + 3 derniers chiffres du matricule + @domaine, sans accents",REGLE_DETERMINISTE,MISMATCH,"structure conforme à la règle (initiale + nom + 3 derniers chiffres du code), mais l'identifiant 'nom10477' ne correspond pas au Matricule/personID (attendu 'nom7683990') ; préfixe 'dev-08-v2_' ignoré ; profil caractéristique d'un artefact d'anonymisation",DERIVE,ANOMALIE,ANOMALIE,0.9,BASSE,34,"Niveau 2 : R_EMAIL [Mapping.xlsx › Mapping, lignes 4-6] attend 'PNom7683990990@loto-quebec.com' (initiale 'P' + nom 'Nom7683990' + '990' + '@loto-quebec.com' (accents retirés)) ; la destination contient 'dev-08-v2_PNom10477477@loto-quebec.com' (structure conforme à la règle (initiale + nom + 3 derniers chiffres du code), mais l'identifiant 'nom10477' ne correspond pas au Matricule/personID (attendu 'nom7683990') ; préfixe 'dev-08-v2_' ignoré ; profil caractéristique d'un artefact d'anonymisation). Aucune règle documentée n'explique l'écart.","22/22 dossiers affectés (100%). Le préfixe d'environnement est autorisé, mais l'identifiant utilisé après normalisation ne correspond pas au Matricule/personID. Cause connue dans le jeu fourni : artefact d'anonymisation. [Clarification officielle 2026-10-04 : « code » = Matricule/personID ; le préfixe destination (ex. dev-08-v2_) est autorisé et ignoré ; l'identifiant anonymisé différent dans l'adresse est une erreur d'anonymisation, pertinente à détecter comme anomalie.]",Une seule décision / investigation : corriger la génération des courriels (ou l'anonymisation de l'extraction) pour tous les dossiers.,,Corriger contactEmail dans le système B : 'dev-08-v2_PNom10477477@loto-quebec.com' → 'PNom7683990990@loto-quebec.com' (valeur dérivée de la source). Validation humaine requise.,P-SYS-contactEmail,True,,,"{""PrénomUsuel"": ""Pre7683990"", ""NomFamille"": ""Nom7683990"", ""Matricule"": ""7683990""}",,"Employe_Source_Anonymise_VF.xlsx ligne 22 ; Employe_Destination_Anonymise_VF.xlsx ligne 22 ; Mapping.xlsx › Mapping, lignes 4-6","Mapping.xlsx › Mapping, lignes 4-6",base ANOMALIE=0.90 ; ×appariement 1.00 = 0.90,verdict 45 + impact champ 5 + confiance +9 + traité au niveau du groupe systémique −25 = 34,,,,,ANOMALIE
C-7683990-S23-D23-contactEmail,7683990,Pre7683990 Nom7683990,COMPARAISON_CHAMP,contactEmail,S · poste 23841 · emploi 6754 · début 2025-11-17,23,23,APPARIE,1.0,Adresse courriel travail,,dev-08-v2_PNom10477477@loto-quebec.com,,dev-08-v2_pnom10477477@loto-quebec.com,PNom7683990990@loto-quebec.com,,NON_COMPARABLE,R_EMAIL,"Courriel : initiale prénom + nom + 3 derniers chiffres du matricule + @domaine, sans accents",REGLE_DETERMINISTE,MISMATCH,"structure conforme à la règle (initiale + nom + 3 derniers chiffres du code), mais l'identifiant 'nom10477' ne correspond pas au Matricule/personID (attendu 'nom7683990') ; préfixe 'dev-08-v2_' ignoré ; profil caractéristique d'un artefact d'anonymisation",DERIVE,ANOMALIE,ANOMALIE,0.9,BASSE,34,"Niveau 2 : R_EMAIL [Mapping.xlsx › Mapping, lignes 4-6] attend 'PNom7683990990@loto-quebec.com' (initiale 'P' + nom 'Nom7683990' + '990' + '@loto-quebec.com' (accents retirés)) ; la destination contient 'dev-08-v2_PNom10477477@loto-quebec.com' (structure conforme à la règle (initiale + nom + 3 derniers chiffres du code), mais l'identifiant 'nom10477' ne correspond pas au Matricule/personID (attendu 'nom7683990') ; préfixe 'dev-08-v2_' ignoré ; profil caractéristique d'un artefact d'anonymisation). Aucune règle documentée n'explique l'écart.","22/22 dossiers affectés (100%). Le préfixe d'environnement est autorisé, mais l'identifiant utilisé après normalisation ne correspond pas au Matricule/personID. Cause connue dans le jeu fourni : artefact d'anonymisation. [Clarification officielle 2026-10-04 : « code » = Matricule/personID ; le préfixe destination (ex. dev-08-v2_) est autorisé et ignoré ; l'identifiant anonymisé différent dans l'adresse est une erreur d'anonymisation, pertinente à détecter comme anomalie.]",Une seule décision / investigation : corriger la génération des courriels (ou l'anonymisation de l'extraction) pour tous les dossiers.,,Corriger contactEmail dans le système B : 'dev-08-v2_PNom10477477@loto-quebec.com' → 'PNom7683990990@loto-quebec.com' (valeur dérivée de la source). Validation humaine requise.,P-SYS-contactEmail,True,,,"{""PrénomUsuel"": ""Pre7683990"", ""NomFamille"": ""Nom7683990"", ""Matricule"": ""7683990""}",,"Employe_Source_Anonymise_VF.xlsx ligne 23 ; Employe_Destination_Anonymise_VF.xlsx ligne 23 ; Mapping.xlsx › Mapping, lignes 4-6","Mapping.xlsx › Mapping, lignes 4-6",base ANOMALIE=0.90 ; ×appariement 1.00 = 0.90,verdict 45 + impact champ 5 + confiance +9 + traité au niveau du groupe systémique −25 = 34,,,,,ANOMALIE
C-7683990-S24-D21-contactEmail,7683990,Pre7683990 Nom7683990,COMPARAISON_CHAMP,contactEmail,S · poste 98689 · emploi 6031 · début 2024-02-12,24,21,APPARIE,1.0,Adresse courriel travail,,dev-08-v2_PNom10477477@loto-quebec.com,,dev-08-v2_pnom10477477@loto-quebec.com,PNom7683990990@loto-quebec.com,,NON_COMPARABLE,R_EMAIL,"Courriel : initiale prénom + nom + 3 derniers chiffres du matricule + @domaine, sans accents",REGLE_DETERMINISTE,MISMATCH,"structure conforme à la règle (initiale + nom + 3 derniers chiffres du code), mais l'identifiant 'nom10477' ne correspond pas au Matricule/personID (attendu 'nom7683990') ; préfixe 'dev-08-v2_' ignoré ; profil caractéristique d'un artefact d'anonymisation",DERIVE,ANOMALIE,ANOMALIE,0.9,BASSE,34,"Niveau 2 : R_EMAIL [Mapping.xlsx › Mapping, lignes 4-6] attend 'PNom7683990990@loto-quebec.com' (initiale 'P' + nom 'Nom7683990' + '990' + '@loto-quebec.com' (accents retirés)) ; la destination contient 'dev-08-v2_PNom10477477@loto-quebec.com' (structure conforme à la règle (initiale + nom + 3 derniers chiffres du code), mais l'identifiant 'nom10477' ne correspond pas au Matricule/personID (attendu 'nom7683990') ; préfixe 'dev-08-v2_' ignoré ; profil caractéristique d'un artefact d'anonymisation). Aucune règle documentée n'explique l'écart.","22/22 dossiers affectés (100%). Le préfixe d'environnement est autorisé, mais l'identifiant utilisé après normalisation ne correspond pas au Matricule/personID. Cause connue dans le jeu fourni : artefact d'anonymisation. [Clarification officielle 2026-10-04 : « code » = Matricule/personID ; le préfixe destination (ex. dev-08-v2_) est autorisé et ignoré ; l'identifiant anonymisé différent dans l'adresse est une erreur d'anonymisation, pertinente à détecter comme anomalie.]",Une seule décision / investigation : corriger la génération des courriels (ou l'anonymisation de l'extraction) pour tous les dossiers.,,Corriger contactEmail dans le système B : 'dev-08-v2_PNom10477477@loto-quebec.com' → 'PNom7683990990@loto-quebec.com' (valeur dérivée de la source). Validation humaine requise.,P-SYS-contactEmail,True,,,"{""PrénomUsuel"": ""Pre7683990"", ""NomFamille"": ""Nom7683990"", ""Matricule"": ""7683990""}",,"Employe_Source_Anonymise_VF.xlsx ligne 24 ; Employe_Destination_Anonymise_VF.xlsx ligne 21 ; Mapping.xlsx › Mapping, lignes 4-6","Mapping.xlsx › Mapping, lignes 4-6",base ANOMALIE=0.90 ; ×appariement 1.00 = 0.90,verdict 45 + impact champ 5 + confiance +9 + traité au niveau du groupe systémique −25 = 34,,,,,ANOMALIE
C-8142123-S5-D4-contactEmail,8142123,Pre8142123 Nom8142123,COMPARAISON_CHAMP,contactEmail,P · poste 26800 · emploi 6203 · début 2009-03-30,5,4,APPARIE,1.0,Adresse courriel travail,,dev-08-v2_PNom10380380@loto-quebec.com,,dev-08-v2_pnom10380380@loto-quebec.com,PNom8142123123@loto-quebec.com,,NON_COMPARABLE,R_EMAIL,"Courriel : initiale prénom + nom + 3 derniers chiffres du matricule + @domaine, sans accents",REGLE_DETERMINISTE,MISMATCH,"structure conforme à la règle (initiale + nom + 3 derniers chiffres du code), mais l'identifiant 'nom10380' ne correspond pas au Matricule/personID (attendu 'nom8142123') ; préfixe 'dev-08-v2_' ignoré ; profil caractéristique d'un artefact d'anonymisation",DERIVE,ANOMALIE,ANOMALIE,0.9,BASSE,34,"Niveau 2 : R_EMAIL [Mapping.xlsx › Mapping, lignes 4-6] attend 'PNom8142123123@loto-quebec.com' (initiale 'P' + nom 'Nom8142123' + '123' + '@loto-quebec.com' (accents retirés)) ; la destination contient 'dev-08-v2_PNom10380380@loto-quebec.com' (structure conforme à la règle (initiale + nom + 3 derniers chiffres du code), mais l'identifiant 'nom10380' ne correspond pas au Matricule/personID (attendu 'nom8142123') ; préfixe 'dev-08-v2_' ignoré ; profil caractéristique d'un artefact d'anonymisation). Aucune règle documentée n'explique l'écart.","22/22 dossiers affectés (100%). Le préfixe d'environnement est autorisé, mais l'identifiant utilisé après normalisation ne correspond pas au Matricule/personID. Cause connue dans le jeu fourni : artefact d'anonymisation. [Clarification officielle 2026-10-04 : « code » = Matricule/personID ; le préfixe destination (ex. dev-08-v2_) est autorisé et ignoré ; l'identifiant anonymisé différent dans l'adresse est une erreur d'anonymisation, pertinente à détecter comme anomalie.]",Une seule décision / investigation : corriger la génération des courriels (ou l'anonymisation de l'extraction) pour tous les dossiers.,,Corriger contactEmail dans le système B : 'dev-08-v2_PNom10380380@loto-quebec.com' → 'PNom8142123123@loto-quebec.com' (valeur dérivée de la source). Validation humaine requise.,P-SYS-contactEmail,True,,,"{""PrénomUsuel"": ""Pre8142123"", ""NomFamille"": ""Nom8142123"", ""Matricule"": ""8142123""}",,"Employe_Source_Anonymise_VF.xlsx ligne 5 ; Employe_Destination_Anonymise_VF.xlsx ligne 4 ; Mapping.xlsx › Mapping, lignes 4-6","Mapping.xlsx › Mapping, lignes 4-6",base ANOMALIE=0.90 ; ×appariement 1.00 = 0.90,verdict 45 + impact champ 5 + confiance +9 + traité au niveau du groupe systémique −25 = 34,,,,,ANOMALIE
C-8644330-S21-D20-contactEmail,8644330,Pre8644330 Nom8644330,COMPARAISON_CHAMP,contactEmail,P · poste 67970 · emploi 6031 · début 2001-02-05,21,20,APPARIE,1.0,Adresse courriel travail,,dev-08-v2_PNom10473473@loto-quebec.com,,dev-08-v2_pnom10473473@loto-quebec.com,PNom8644330330@loto-quebec.com,,NON_COMPARABLE,R_EMAIL,"Courriel : initiale prénom + nom + 3 derniers chiffres du matricule + @domaine, sans accents",REGLE_DETERMINISTE,MISMATCH,"structure conforme à la règle (initiale + nom + 3 derniers chiffres du code), mais l'identifiant 'nom10473' ne correspond pas au Matricule/personID (attendu 'nom8644330') ; préfixe 'dev-08-v2_' ignoré ; profil caractéristique d'un artefact d'anonymisation",DERIVE,ANOMALIE,ANOMALIE,0.9,BASSE,34,"Niveau 2 : R_EMAIL [Mapping.xlsx › Mapping, lignes 4-6] attend 'PNom8644330330@loto-quebec.com' (initiale 'P' + nom 'Nom8644330' + '330' + '@loto-quebec.com' (accents retirés)) ; la destination contient 'dev-08-v2_PNom10473473@loto-quebec.com' (structure conforme à la règle (initiale + nom + 3 derniers chiffres du code), mais l'identifiant 'nom10473' ne correspond pas au Matricule/personID (attendu 'nom8644330') ; préfixe 'dev-08-v2_' ignoré ; profil caractéristique d'un artefact d'anonymisation). Aucune règle documentée n'explique l'écart.","22/22 dossiers affectés (100%). Le préfixe d'environnement est autorisé, mais l'identifiant utilisé après normalisation ne correspond pas au Matricule/personID. Cause connue dans le jeu fourni : artefact d'anonymisation. [Clarification officielle 2026-10-04 : « code » = Matricule/personID ; le préfixe destination (ex. dev-08-v2_) est autorisé et ignoré ; l'identifiant anonymisé différent dans l'adresse est une erreur d'anonymisation, pertinente à détecter comme anomalie.]",Une seule décision / investigation : corriger la génération des courriels (ou l'anonymisation de l'extraction) pour tous les dossiers.,,Corriger contactEmail dans le système B : 'dev-08-v2_PNom10473473@loto-quebec.com' → 'PNom8644330330@loto-quebec.com' (valeur dérivée de la source). Validation humaine requise.,P-SYS-contactEmail,True,,,"{""PrénomUsuel"": ""Pre8644330"", ""NomFamille"": ""Nom8644330"", ""Matricule"": ""8644330""}",,"Employe_Source_Anonymise_VF.xlsx ligne 21 ; Employe_Destination_Anonymise_VF.xlsx ligne 20 ; Mapping.xlsx › Mapping, lignes 4-6","Mapping.xlsx › Mapping, lignes 4-6",base ANOMALIE=0.90 ; ×appariement 1.00 = 0.90,verdict 45 + impact champ 5 + confiance +9 + traité au niveau du groupe systémique −25 = 34,,,,,ANOMALIE
C-9989151-S4-D3-contactEmail,9989151,Pre9989151 Nom9989151,COMPARAISON_CHAMP,contactEmail,P · poste 31109 · emploi 6203 · début 2009-03-30,4,3,APPARIE,1.0,Adresse courriel travail,,dev-08-v2_PNom10372372@loto-quebec.com,,dev-08-v2_pnom10372372@loto-quebec.com,PNom9989151151@loto-quebec.com,,NON_COMPARABLE,R_EMAIL,"Courriel : initiale prénom + nom + 3 derniers chiffres du matricule + @domaine, sans accents",REGLE_DETERMINISTE,MISMATCH,"structure conforme à la règle (initiale + nom + 3 derniers chiffres du code), mais l'identifiant 'nom10372' ne correspond pas au Matricule/personID (attendu 'nom9989151') ; préfixe 'dev-08-v2_' ignoré ; profil caractéristique d'un artefact d'anonymisation",DERIVE,ANOMALIE,ANOMALIE,0.9,BASSE,34,"Niveau 2 : R_EMAIL [Mapping.xlsx › Mapping, lignes 4-6] attend 'PNom9989151151@loto-quebec.com' (initiale 'P' + nom 'Nom9989151' + '151' + '@loto-quebec.com' (accents retirés)) ; la destination contient 'dev-08-v2_PNom10372372@loto-quebec.com' (structure conforme à la règle (initiale + nom + 3 derniers chiffres du code), mais l'identifiant 'nom10372' ne correspond pas au Matricule/personID (attendu 'nom9989151') ; préfixe 'dev-08-v2_' ignoré ; profil caractéristique d'un artefact d'anonymisation). Aucune règle documentée n'explique l'écart.","22/22 dossiers affectés (100%). Le préfixe d'environnement est autorisé, mais l'identifiant utilisé après normalisation ne correspond pas au Matricule/personID. Cause connue dans le jeu fourni : artefact d'anonymisation. [Clarification officielle 2026-10-04 : « code » = Matricule/personID ; le préfixe destination (ex. dev-08-v2_) est autorisé et ignoré ; l'identifiant anonymisé différent dans l'adresse est une erreur d'anonymisation, pertinente à détecter comme anomalie.]",Une seule décision / investigation : corriger la génération des courriels (ou l'anonymisation de l'extraction) pour tous les dossiers.,,Corriger contactEmail dans le système B : 'dev-08-v2_PNom10372372@loto-quebec.com' → 'PNom9989151151@loto-quebec.com' (valeur dérivée de la source). Validation humaine requise.,P-SYS-contactEmail,True,,,"{""PrénomUsuel"": ""Pre9989151"", ""NomFamille"": ""Nom9989151"", ""Matricule"": ""9989151""}",,"Employe_Source_Anonymise_VF.xlsx ligne 4 ; Employe_Destination_Anonymise_VF.xlsx ligne 3 ; Mapping.xlsx › Mapping, lignes 4-6","Mapping.xlsx › Mapping, lignes 4-6",base ANOMALIE=0.90 ; ×appariement 1.00 = 0.90,verdict 45 + impact champ 5 + confiance +9 + traité au niveau du groupe systémique −25 = 34,,,,,ANOMALIE
