case_id,person_id,nom,case_type,field,assignment,src_row,dst_row,match_status,match_confidence,source_fields,source_value,destination_value,source_normalized,destination_normalized,expected_value,alt_expected_value,stage1_result,rule_id,rule_name,rule_type,rule_outcome,rule_note,certainty,deterministic_verdict,verdict,confidence,priority,priority_score,explanation,ai_hypothesis,ai_suggested_action,ai_suggested_verdict,proposed_action,pattern_id,systemic,ambiguity_id,quality_flag,inputs,context,evidence,mapping_ref,confidence_detail,priority_detail,human_decision,human_decision_source,human_comment,human_decided_at,reviewed_verdict
C-2762457-S8-D7-contractTypeCode,2762457,Pre2762457 Nom2762457,COMPARAISON_CHAMP,contractTypeCode,P · poste 30106 · emploi 6203 · début 2009-03-30,8,7,APPARIE,1.0,"CatégorieEmploi, EMPT_CD, EstPermanent, PERM_IND, EstTempsPlein, FT_IND",V,WHX,v,whx,JWN,,DIFFERENT,R_CONTRACT_TYPE,Type d'employé : table SI PERM_IND / FT_IND / EMPTP_CD,REGLE_DETERMINISTE,MISMATCH,,DERIVE,ANOMALIE,ANOMALIE,0.95,HAUTE,85,"Niveau 2 : R_CONTRACT_TYPE [Mapping.xlsx › Mapping, lignes 24-40] attend 'JWN' (ligne de règle appliquée : SI PERM_IND=1 et FT_IND=1 et EMPTP_CD=""V"" --> Mettre ""JWN"") ; la destination contient 'WHX'. Aucune règle documentée n'explique l'écart.","Valeurs probablement interverties avec l'employé 4625374 (ligne destination 8) : cet enregistrement a reçu 'WHX' attendu chez 4625374, qui a reçu la valeur attendue ici ('JWN').",Corriger les deux enregistrements (2762457 et 4625374) ; vérifier l'ordre/la clé de chargement de l'interface.,,Corriger contractTypeCode dans le système B : 'WHX' → 'JWN' (valeur dérivée de la source). Validation humaine requise.,P-SWAP-contractTypeCode-2762457-4625374,False,,,"{""CatégorieEmploi"": ""V"", ""EstPermanent"": ""Oui (1)"", ""EstTempsPlein"": ""Oui (1)""}",,"Employe_Source_Anonymise_VF.xlsx ligne 8 ; Employe_Destination_Anonymise_VF.xlsx ligne 7 ; Mapping.xlsx › Mapping, lignes 24-40","Mapping.xlsx › Mapping, lignes 24-40",base ANOMALIE=0.90 ; ×appariement 1.00 ; motif corroborant +0.05 = 0.95,verdict 45 + impact champ 25 + confiance +10 + motif récurrent +5 = 85,,,,,ANOMALIE
C-2911996-S16-D15-weeklyHoursOverride,2911996,Pre2911996 Nom2911996,COMPARAISON_CHAMP,weeklyHoursOverride,P · poste 12548 · emploi 6051 · début 2000-04-01,16,15,APPARIE,1.0,HeuresNormeHebdo,35,40,35,40,35,,DIFFERENT,R_DIRECT,Copie directe (mapping N/A),COMPARAISON_BRUTE,MISMATCH,valeur destination égale à heures_semaine_poste,CERTAIN,ANOMALIE,ANOMALIE,0.95,HAUTE,85,Niveau 1 : copie directe attendue (mapping N/A) mais HeuresNormeHebdo='35' ≠ weeklyHoursOverride='40' (valeur destination égale à heures_semaine_poste). Aucune règle documentée n'explique l'écart.,La destination semble avoir repris la valeur par défaut du poste (détail du poste) au lieu de la valeur propre à l'employé. (valeur destination '40' = valeur du poste),Vérifier pourquoi l'interface n'a pas transmis la valeur employé (règle de repli sur le poste ?) puis corriger la valeur destination.,,Corriger weeklyHoursOverride dans le système B : '40' → '35' (valeur dérivée de la source). Validation humaine requise.,P-REC-REPLI_VALEUR_DEFAUT_POSTE,False,,,"{""HeuresNormeHebdo"": ""35""}","{""heures_semaine_poste"": 40, ""CodeQuart"": ""8""}","Employe_Source_Anonymise_VF.xlsx ligne 16 ; Employe_Destination_Anonymise_VF.xlsx ligne 15 ; Mapping.xlsx › Mapping, ligne 51 ; détail_du_poste.xlsx (contexte) lignes 75","Mapping.xlsx › Mapping, ligne 51",base ANOMALIE=0.90 ; ×appariement 1.00 ; motif corroborant +0.05 = 0.95,verdict 45 + impact champ 25 + confiance +10 + motif récurrent +5 = 85,,,,,ANOMALIE
C-2911996-S16-D15-dailyHoursOverride,2911996,Pre2911996 Nom2911996,COMPARAISON_CHAMP,dailyHoursOverride,P · poste 12548 · emploi 6051 · début 2000-04-01,16,15,APPARIE,1.0,HeuresNormeQuotidienne,7,8,7,8,7,,DIFFERENT,R_DIRECT,Copie directe (mapping N/A),COMPARAISON_BRUTE,MISMATCH,valeur destination égale à heures_jour_poste,CERTAIN,ANOMALIE,ANOMALIE,0.95,HAUTE,85,Niveau 1 : copie directe attendue (mapping N/A) mais HeuresNormeQuotidienne='7' ≠ dailyHoursOverride='8' (valeur destination égale à heures_jour_poste). Aucune règle documentée n'explique l'écart.,La destination semble avoir repris la valeur par défaut du poste (détail du poste) au lieu de la valeur propre à l'employé. (valeur destination '8' = valeur du poste),Vérifier pourquoi l'interface n'a pas transmis la valeur employé (règle de repli sur le poste ?) puis corriger la valeur destination.,,Corriger dailyHoursOverride dans le système B : '8' → '7' (valeur dérivée de la source). Validation humaine requise.,P-REC-REPLI_VALEUR_DEFAUT_POSTE,False,,,"{""HeuresNormeQuotidienne"": ""7""}","{""heures_jour_poste"": 8, ""CodeQuart"": ""8""}","Employe_Source_Anonymise_VF.xlsx ligne 16 ; Employe_Destination_Anonymise_VF.xlsx ligne 15 ; Mapping.xlsx › Mapping, ligne 52 ; détail_du_poste.xlsx (contexte) lignes 75","Mapping.xlsx › Mapping, ligne 52",base ANOMALIE=0.90 ; ×appariement 1.00 ; motif corroborant +0.05 = 0.95,verdict 45 + impact champ 25 + confiance +10 + motif récurrent +5 = 85,,,,,ANOMALIE
C-3712987-S18-D17-contractTypeCode,3712987,Pre3712987 Nom3712987,COMPARAISON_CHAMP,contractTypeCode,P · poste 86337 · emploi 6031 · début 2016-05-09,18,17,APPARIE,1.0,"CatégorieEmploi, EMPT_CD, EstPermanent, PERM_IND, EstTempsPlein, FT_IND",V,XFLR,v,xflr,JWN,,DIFFERENT,R_CONTRACT_TYPE,Type d'employé : table SI PERM_IND / FT_IND / EMPTP_CD,REGLE_DETERMINISTE,MISMATCH,,DERIVE,ANOMALIE,ANOMALIE,0.95,HAUTE,85,"Niveau 2 : R_CONTRACT_TYPE [Mapping.xlsx › Mapping, lignes 24-40] attend 'JWN' (ligne de règle appliquée : SI PERM_IND=1 et FT_IND=1 et EMPTP_CD=""V"" --> Mettre ""JWN"") ; la destination contient 'XFLR'. Aucune règle documentée n'explique l'écart.","Valeurs probablement interverties avec l'employé 7254364 (ligne destination 18) : cet enregistrement a reçu 'XFLR' attendu chez 7254364, qui a reçu la valeur attendue ici ('JWN').",Corriger les deux enregistrements (3712987 et 7254364) ; vérifier l'ordre/la clé de chargement de l'interface.,,Corriger contractTypeCode dans le système B : 'XFLR' → 'JWN' (valeur dérivée de la source). Validation humaine requise.,P-SWAP-contractTypeCode-3712987-7254364,False,,,"{""CatégorieEmploi"": ""V"", ""EstPermanent"": ""Oui (1)"", ""EstTempsPlein"": ""Oui (1)""}",,"Employe_Source_Anonymise_VF.xlsx ligne 18 ; Employe_Destination_Anonymise_VF.xlsx ligne 17 ; Mapping.xlsx › Mapping, lignes 24-40","Mapping.xlsx › Mapping, lignes 24-40",base ANOMALIE=0.90 ; ×appariement 1.00 ; motif corroborant +0.05 = 0.95,verdict 45 + impact champ 25 + confiance +10 + motif récurrent +5 = 85,,,,,ANOMALIE
C-4402456-S17-D16-weeklyHoursOverride,4402456,Pre4402456 Nom4402456,COMPARAISON_CHAMP,weeklyHoursOverride,P · poste 26586 · emploi 6031 · début 2001-02-05,17,16,APPARIE,1.0,HeuresNormeHebdo,36,40,36,40,36,,DIFFERENT,R_DIRECT,Copie directe (mapping N/A),COMPARAISON_BRUTE,MISMATCH,valeur destination égale à heures_semaine_poste,CERTAIN,ANOMALIE,ANOMALIE,0.95,HAUTE,85,Niveau 1 : copie directe attendue (mapping N/A) mais HeuresNormeHebdo='36' ≠ weeklyHoursOverride='40' (valeur destination égale à heures_semaine_poste). Aucune règle documentée n'explique l'écart.,La destination semble avoir repris la valeur par défaut du poste (détail du poste) au lieu de la valeur propre à l'employé. (valeur destination '40' = valeur du poste),Vérifier pourquoi l'interface n'a pas transmis la valeur employé (règle de repli sur le poste ?) puis corriger la valeur destination.,,Corriger weeklyHoursOverride dans le système B : '40' → '36' (valeur dérivée de la source). Validation humaine requise.,P-REC-REPLI_VALEUR_DEFAUT_POSTE,False,,,"{""HeuresNormeHebdo"": ""36""}","{""heures_semaine_poste"": 40, ""CodeQuart"": ""9""}","Employe_Source_Anonymise_VF.xlsx ligne 17 ; Employe_Destination_Anonymise_VF.xlsx ligne 16 ; Mapping.xlsx › Mapping, ligne 51 ; détail_du_poste.xlsx (contexte) lignes 80","Mapping.xlsx › Mapping, ligne 51",base ANOMALIE=0.90 ; ×appariement 1.00 ; motif corroborant +0.05 = 0.95,verdict 45 + impact champ 25 + confiance +10 + motif récurrent +5 = 85,,,,,ANOMALIE
C-4402456-S17-D16-dailyHoursOverride,4402456,Pre4402456 Nom4402456,COMPARAISON_CHAMP,dailyHoursOverride,P · poste 26586 · emploi 6031 · début 2001-02-05,17,16,APPARIE,1.0,HeuresNormeQuotidienne,7.2,8,7.2,8,7.2,,DIFFERENT,R_DIRECT,Copie directe (mapping N/A),COMPARAISON_BRUTE,MISMATCH,valeur destination égale à heures_jour_poste,CERTAIN,ANOMALIE,ANOMALIE,0.95,HAUTE,85,Niveau 1 : copie directe attendue (mapping N/A) mais HeuresNormeQuotidienne='7.2' ≠ dailyHoursOverride='8' (valeur destination égale à heures_jour_poste). Aucune règle documentée n'explique l'écart.,La destination semble avoir repris la valeur par défaut du poste (détail du poste) au lieu de la valeur propre à l'employé. (valeur destination '8' = valeur du poste),Vérifier pourquoi l'interface n'a pas transmis la valeur employé (règle de repli sur le poste ?) puis corriger la valeur destination.,,Corriger dailyHoursOverride dans le système B : '8' → '7.2' (valeur dérivée de la source). Validation humaine requise.,P-REC-REPLI_VALEUR_DEFAUT_POSTE,False,,,"{""HeuresNormeQuotidienne"": ""7.2""}","{""heures_jour_poste"": 8, ""CodeQuart"": ""9""}","Employe_Source_Anonymise_VF.xlsx ligne 17 ; Employe_Destination_Anonymise_VF.xlsx ligne 16 ; Mapping.xlsx › Mapping, ligne 52 ; détail_du_poste.xlsx (contexte) lignes 80","Mapping.xlsx › Mapping, ligne 52",base ANOMALIE=0.90 ; ×appariement 1.00 ; motif corroborant +0.05 = 0.95,verdict 45 + impact champ 25 + confiance +10 + motif récurrent +5 = 85,,,,,ANOMALIE
C-4625374-S9-D8-contractTypeCode,4625374,Pre4625374 Nom4625374,COMPARAISON_CHAMP,contractTypeCode,P · poste 43478 · emploi 6203 · début 2025-03-24,9,8,APPARIE,1.0,"CatégorieEmploi, EMPT_CD, EstPermanent, PERM_IND, EstTempsPlein, FT_IND",O,JWN,o,jwn,WHX,,DIFFERENT,R_CONTRACT_TYPE,Type d'employé : table SI PERM_IND / FT_IND / EMPTP_CD,REGLE_DETERMINISTE,MISMATCH,,DERIVE,ANOMALIE,ANOMALIE,0.95,HAUTE,85,"Niveau 2 : R_CONTRACT_TYPE [Mapping.xlsx › Mapping, lignes 24-40] attend 'WHX' (ligne de règle appliquée : SI EMPTP_CD=""O"" (Occasionnel - Surnuméraire) --> Mettre ""WHX"") ; la destination contient 'JWN'. Aucune règle documentée n'explique l'écart.","Valeurs probablement interverties avec l'employé 2762457 (ligne destination 7) : cet enregistrement a reçu 'JWN' attendu chez 2762457, qui a reçu la valeur attendue ici ('WHX').",Corriger les deux enregistrements (2762457 et 4625374) ; vérifier l'ordre/la clé de chargement de l'interface.,,Corriger contractTypeCode dans le système B : 'JWN' → 'WHX' (valeur dérivée de la source). Validation humaine requise.,P-SWAP-contractTypeCode-2762457-4625374,False,,,"{""CatégorieEmploi"": ""O"", ""EstPermanent"": ""Non (0)"", ""EstTempsPlein"": ""Non (0)""}",,"Employe_Source_Anonymise_VF.xlsx ligne 9 ; Employe_Destination_Anonymise_VF.xlsx ligne 8 ; Mapping.xlsx › Mapping, lignes 24-40","Mapping.xlsx › Mapping, lignes 24-40",base ANOMALIE=0.90 ; ×appariement 1.00 ; motif corroborant +0.05 = 0.95,verdict 45 + impact champ 25 + confiance +10 + motif récurrent +5 = 85,,,,,ANOMALIE
C-7254364-S19-D18-contractTypeCode,7254364,Pre7254364 Nom7254364,COMPARAISON_CHAMP,contractTypeCode,P · poste 14553 · emploi 6754 · début 2025-10-20,19,18,APPARIE,1.0,"CatégorieEmploi, EMPT_CD, EstPermanent, PERM_IND, EstTempsPlein, FT_IND",V,JWN,v,jwn,XFLR,,DIFFERENT,R_CONTRACT_TYPE,Type d'employé : table SI PERM_IND / FT_IND / EMPTP_CD,REGLE_DETERMINISTE,MISMATCH,,DERIVE,ANOMALIE,ANOMALIE,0.95,HAUTE,85,"Niveau 2 : R_CONTRACT_TYPE [Mapping.xlsx › Mapping, lignes 24-40] attend 'XFLR' (ligne de règle appliquée : SI PERM_IND=1 et FT_IND=0 et EMPTP_CD=""V"" --> Mettre ""XFLR"") ; la destination contient 'JWN'. Aucune règle documentée n'explique l'écart.","Valeurs probablement interverties avec l'employé 3712987 (ligne destination 17) : cet enregistrement a reçu 'JWN' attendu chez 3712987, qui a reçu la valeur attendue ici ('XFLR').",Corriger les deux enregistrements (3712987 et 7254364) ; vérifier l'ordre/la clé de chargement de l'interface.,,Corriger contractTypeCode dans le système B : 'JWN' → 'XFLR' (valeur dérivée de la source). Validation humaine requise.,P-SWAP-contractTypeCode-3712987-7254364,False,,,"{""CatégorieEmploi"": ""V"", ""EstPermanent"": ""Oui (1)"", ""EstTempsPlein"": ""Non (0)""}",,"Employe_Source_Anonymise_VF.xlsx ligne 19 ; Employe_Destination_Anonymise_VF.xlsx ligne 18 ; Mapping.xlsx › Mapping, lignes 24-40","Mapping.xlsx › Mapping, lignes 24-40",base ANOMALIE=0.90 ; ×appariement 1.00 ; motif corroborant +0.05 = 0.95,verdict 45 + impact champ 25 + confiance +10 + motif récurrent +5 = 85,,,,,ANOMALIE
C-7683990-S22-D22-weeklyHoursOverride,7683990,Pre7683990 Nom7683990,COMPARAISON_CHAMP,weeklyHoursOverride,P · poste 15514 · emploi 6725 · début 2015-03-23,22,22,APPARIE,1.0,HeuresNormeHebdo,36,40,36,40,36,,DIFFERENT,R_DIRECT,Copie directe (mapping N/A),COMPARAISON_BRUTE,MISMATCH,valeur destination égale à heures_semaine_poste,CERTAIN,ANOMALIE,ANOMALIE,0.95,HAUTE,85,Niveau 1 : copie directe attendue (mapping N/A) mais HeuresNormeHebdo='36' ≠ weeklyHoursOverride='40' (valeur destination égale à heures_semaine_poste). Aucune règle documentée n'explique l'écart.,La destination semble avoir repris la valeur par défaut du poste (détail du poste) au lieu de la valeur propre à l'employé. (valeur destination '40' = valeur du poste),Vérifier pourquoi l'interface n'a pas transmis la valeur employé (règle de repli sur le poste ?) puis corriger la valeur destination.,,Corriger weeklyHoursOverride dans le système B : '40' → '36' (valeur dérivée de la source). Validation humaine requise.,P-REC-REPLI_VALEUR_DEFAUT_POSTE,False,,,"{""HeuresNormeHebdo"": ""36""}","{""heures_semaine_poste"": 40, ""CodeQuart"": ""9""}","Employe_Source_Anonymise_VF.xlsx ligne 22 ; Employe_Destination_Anonymise_VF.xlsx ligne 22 ; Mapping.xlsx › Mapping, ligne 51 ; détail_du_poste.xlsx (contexte) lignes 105","Mapping.xlsx › Mapping, ligne 51",base ANOMALIE=0.90 ; ×appariement 1.00 ; motif corroborant +0.05 = 0.95,verdict 45 + impact champ 25 + confiance +10 + motif récurrent +5 = 85,,,,,ANOMALIE
C-7683990-S22-D22-dailyHoursOverride,7683990,Pre7683990 Nom7683990,COMPARAISON_CHAMP,dailyHoursOverride,P · poste 15514 · emploi 6725 · début 2015-03-23,22,22,APPARIE,1.0,HeuresNormeQuotidienne,7.2,8,7.2,8,7.2,,DIFFERENT,R_DIRECT,Copie directe (mapping N/A),COMPARAISON_BRUTE,MISMATCH,valeur destination égale à heures_jour_poste,CERTAIN,ANOMALIE,ANOMALIE,0.95,HAUTE,85,Niveau 1 : copie directe attendue (mapping N/A) mais HeuresNormeQuotidienne='7.2' ≠ dailyHoursOverride='8' (valeur destination égale à heures_jour_poste). Aucune règle documentée n'explique l'écart.,La destination semble avoir repris la valeur par défaut du poste (détail du poste) au lieu de la valeur propre à l'employé. (valeur destination '8' = valeur du poste),Vérifier pourquoi l'interface n'a pas transmis la valeur employé (règle de repli sur le poste ?) puis corriger la valeur destination.,,Corriger dailyHoursOverride dans le système B : '8' → '7.2' (valeur dérivée de la source). Validation humaine requise.,P-REC-REPLI_VALEUR_DEFAUT_POSTE,False,,,"{""HeuresNormeQuotidienne"": ""7.2""}","{""heures_jour_poste"": 8, ""CodeQuart"": ""9""}","Employe_Source_Anonymise_VF.xlsx ligne 22 ; Employe_Destination_Anonymise_VF.xlsx ligne 22 ; Mapping.xlsx › Mapping, ligne 52 ; détail_du_poste.xlsx (contexte) lignes 105","Mapping.xlsx › Mapping, ligne 52",base ANOMALIE=0.90 ; ×appariement 1.00 ; motif corroborant +0.05 = 0.95,verdict 45 + impact champ 25 + confiance +10 + motif récurrent +5 = 85,,,,,ANOMALIE
C-3241002-S14-D13-siteName,3241002,Pre3241002 Nom3241002,COMPARAISON_CHAMP,siteName,P · poste 88622 · emploi 6203 · début 2009-03-30,14,13,APPARIE,1.0,LibelléSite,Emplacement48,Emplacement35,emplacement48,emplacement35,Emplacement48,,DIFFERENT,R_DIRECT,Copie directe (mapping N/A),COMPARAISON_BRUTE,MISMATCH,,CERTAIN,ANOMALIE,ANOMALIE,0.95,HAUTE,68,Niveau 1 : copie directe attendue (mapping N/A) mais LibelléSite='Emplacement48' ≠ siteName='Emplacement35'. Aucune règle documentée n'explique l'écart.,"Valeurs probablement interverties avec l'employé 6035643 (ligne destination 12) : cet enregistrement a reçu 'Emplacement35' attendu chez 6035643, qui a reçu la valeur attendue ici ('Emplacement48').",Corriger les deux enregistrements (3241002 et 6035643) ; vérifier l'ordre/la clé de chargement de l'interface.,,Corriger siteName dans le système B : 'Emplacement35' → 'Emplacement48' (valeur dérivée de la source). Validation humaine requise.,P-SWAP-siteName-3241002-6035643,False,,,"{""LibelléSite"": ""Emplacement48""}",,"Employe_Source_Anonymise_VF.xlsx ligne 14 ; Employe_Destination_Anonymise_VF.xlsx ligne 13 ; Mapping.xlsx › Mapping, ligne 9","Mapping.xlsx › Mapping, ligne 9",base ANOMALIE=0.90 ; ×appariement 1.00 ; motif corroborant +0.05 = 0.95,verdict 45 + impact champ 8 + confiance +10 + motif récurrent +5 = 68,,,,,ANOMALIE
C-6035643-S13-D12-siteName,6035643,Pre6035643 Nom6035643,COMPARAISON_CHAMP,siteName,P · poste 47056 · emploi 6622 · début 2023-02-13,13,12,APPARIE,1.0,LibelléSite,Emplacement35,Emplacement48,emplacement35,emplacement48,Emplacement35,,DIFFERENT,R_DIRECT,Copie directe (mapping N/A),COMPARAISON_BRUTE,MISMATCH,,CERTAIN,ANOMALIE,ANOMALIE,0.95,HAUTE,68,Niveau 1 : copie directe attendue (mapping N/A) mais LibelléSite='Emplacement35' ≠ siteName='Emplacement48'. Aucune règle documentée n'explique l'écart.,"Valeurs probablement interverties avec l'employé 3241002 (ligne destination 13) : cet enregistrement a reçu 'Emplacement48' attendu chez 3241002, qui a reçu la valeur attendue ici ('Emplacement35').",Corriger les deux enregistrements (3241002 et 6035643) ; vérifier l'ordre/la clé de chargement de l'interface.,,Corriger siteName dans le système B : 'Emplacement48' → 'Emplacement35' (valeur dérivée de la source). Validation humaine requise.,P-SWAP-siteName-3241002-6035643,False,,,"{""LibelléSite"": ""Emplacement35""}",,"Employe_Source_Anonymise_VF.xlsx ligne 13 ; Employe_Destination_Anonymise_VF.xlsx ligne 12 ; Mapping.xlsx › Mapping, ligne 9","Mapping.xlsx › Mapping, ligne 9",base ANOMALIE=0.90 ; ×appariement 1.00 ; motif corroborant +0.05 = 0.95,verdict 45 + impact champ 8 + confiance +10 + motif récurrent +5 = 68,,,,,ANOMALIE
C-1545850-S3-D0-__assignment__,1545850,Pre1545850 Nom1545850,AFFECTATION_ABSENTE_DESTINATION,__assignment__,A · poste 45985 · emploi 6585 · début 2025-09-22,3,,SOURCE_SEULEMENT,0.0,"TypeAffectation, CodePoste, CodeEmploi, DateEntréePoste",A · poste 45985 · emploi 6585 · début 2025-09-22,,,,ligne destination attendue (voir action proposée),,NON_COMPARABLE,R_MATCHING,Appariement des affectations (preuves pondérées),REGLE_DETERMINISTE,INDETERMINE,"aucune ligne destination correspondante ; la ligne destination la plus proche (ligne 2, score 6) est déjà appariée à l'affectation source ligne 2 avec un score supérieur (10)",INFERE,A_INVESTIGUER,A_INVESTIGUER,0.6,HAUTE,60,"Niveau 2 (appariement) : l'affectation source A · poste 45985 · emploi 6585 · début 2025-09-22 n'a aucune ligne correspondante dans le système B ; aucune ligne destination correspondante ; la ligne destination la plus proche (ligne 2, score 6) est déjà appariée à l'affectation source ligne 2 avec un score supérieur (10). Une affectation manquante n'est pas automatiquement une erreur (affectation temporaire / secondaire, décalage de chargement) : cas soumis à investigation.","Affectation présente dans RH mais absente du système Temps : omission de l'interface, filtrage des affectations temporaires/secondaires ou décalage de chargement. Affectation concernée : A · poste 45985 · emploi 6585 · début 2025-09-22.",Confirmer avec l'équipe d'intégration si l'affectation doit exister ; valider la ligne proposée.,,Valider (ou modifier/rejeter) la création de la ligne destination proposée selon le mapping.,,False,,,,,"Employe_Source_Anonymise_VF.xlsx ligne 3 ; Mapping.xlsx › Mapping, lignes 41-45 (type d'affectation)","Mapping.xlsx › Mapping, lignes 41-45 (type d'affectation)",base A_INVESTIGUER=0.60 = 0.60,verdict 30 + impact champ 30 = 60,,,,,A_INVESTIGUER
C-3712987-S18-D17-weeklyHoursOverride,3712987,Pre3712987 Nom3712987,COMPARAISON_CHAMP,weeklyHoursOverride,P · poste 86337 · emploi 6031 · début 2016-05-09,18,17,APPARIE,1.0,HeuresNormeHebdo,,40,,40,,,SOURCE_VIDE,R_DIRECT,Copie directe (mapping N/A),REGLE_DETERMINISTE,INDETERMINE,valeur source absente alors que la destination contient '40' (égale à heures_semaine_poste du détail du poste),CERTAIN,A_INVESTIGUER,A_INVESTIGUER,0.65,HAUTE,60,"Niveau 2 : R_DIRECT [Mapping.xlsx › Mapping, ligne 51] ne permet pas de conclure : valeur source absente alors que la destination contient '40' (égale à heures_semaine_poste du détail du poste). Destination = '40'.",La destination semble avoir repris la valeur par défaut du poste (détail du poste) au lieu de la valeur propre à l'employé. (valeur destination '40' = valeur du poste),Vérifier pourquoi l'interface n'a pas transmis la valeur employé (règle de repli sur le poste ?) puis corriger la valeur destination.,,Investiguer : la règle ne permet pas de trancher (voir explication).,P-REC-REPLI_VALEUR_DEFAUT_POSTE,False,,,"{""HeuresNormeHebdo"": """"}","{""heures_semaine_poste"": 40, ""CodeQuart"": ""23""}","Employe_Source_Anonymise_VF.xlsx ligne 18 ; Employe_Destination_Anonymise_VF.xlsx ligne 17 ; Mapping.xlsx › Mapping, ligne 51 ; détail_du_poste.xlsx (contexte) lignes 85","Mapping.xlsx › Mapping, ligne 51",base A_INVESTIGUER=0.60 ; ×appariement 1.00 ; motif corroborant +0.05 = 0.65,verdict 30 + impact champ 25 + motif récurrent +5 = 60,,,,,A_INVESTIGUER
C-3712987-S18-D17-dailyHoursOverride,3712987,Pre3712987 Nom3712987,COMPARAISON_CHAMP,dailyHoursOverride,P · poste 86337 · emploi 6031 · début 2016-05-09,18,17,APPARIE,1.0,HeuresNormeQuotidienne,,8,,8,,,SOURCE_VIDE,R_DIRECT,Copie directe (mapping N/A),REGLE_DETERMINISTE,INDETERMINE,valeur source absente alors que la destination contient '8' (égale à heures_jour_poste du détail du poste),CERTAIN,A_INVESTIGUER,A_INVESTIGUER,0.65,HAUTE,60,"Niveau 2 : R_DIRECT [Mapping.xlsx › Mapping, ligne 52] ne permet pas de conclure : valeur source absente alors que la destination contient '8' (égale à heures_jour_poste du détail du poste). Destination = '8'.",La destination semble avoir repris la valeur par défaut du poste (détail du poste) au lieu de la valeur propre à l'employé. (valeur destination '8' = valeur du poste),Vérifier pourquoi l'interface n'a pas transmis la valeur employé (règle de repli sur le poste ?) puis corriger la valeur destination.,,Investiguer : la règle ne permet pas de trancher (voir explication).,P-REC-REPLI_VALEUR_DEFAUT_POSTE,False,,,"{""HeuresNormeQuotidienne"": """"}","{""heures_jour_poste"": 8, ""CodeQuart"": ""23""}","Employe_Source_Anonymise_VF.xlsx ligne 18 ; Employe_Destination_Anonymise_VF.xlsx ligne 17 ; Mapping.xlsx › Mapping, ligne 52 ; détail_du_poste.xlsx (contexte) lignes 85","Mapping.xlsx › Mapping, ligne 52",base A_INVESTIGUER=0.60 ; ×appariement 1.00 ; motif corroborant +0.05 = 0.65,verdict 30 + impact champ 25 + motif récurrent +5 = 60,,,,,A_INVESTIGUER
C-1545850-S2-D2-positionName,1545850,Pre1545850 Nom1545850,COMPARAISON_CHAMP,positionName,P · poste 35342 · emploi 6585 · début 2016-04-01,2,2,APPARIE,1.0,IntituléEmploi,Empl6585,3649-Empl3649,empl6585,3649-empl3649,6585-Empl6585,,DIFFERENT,R_CONCAT_POSITION,Concaténation CodeEmploi + '-' + IntituléEmploi,REGLE_DETERMINISTE,MISMATCH,code et libellé différent(s) de la concaténation attendue,DERIVE,ANOMALIE,ANOMALIE,0.9,BASSE,39,"Niveau 2 : R_CONCAT_POSITION [Mapping.xlsx › Mapping, ligne 15] attend '6585-Empl6585' (CodeEmploi + '-' + IntituléEmploi) ; la destination contient '3649-Empl3649' (code et libellé différent(s) de la concaténation attendue). Aucune règle documentée n'explique l'écart.","22/22 affectations concernées (100%). La valeur cible ne respecte pas la transformation définie par le mapping ; substitution cohérente 1:1 sur 9 valeurs distinctes (ex. 'empl6585' → '3649-empl3649', 'empl6900' → '5123-empl5123', 'empl6972' → '5126-empl5126'). Cause probablement systémique (règle d'interface), pas propre à chaque employé. [Clarification officielle 2026-10-04 : L'écart sur positionName est une erreur réelle (pas un effet de l'anonymisation).]",Vérifier la transformation une seule fois avec l'équipe d'intégration plutôt que 22 dossiers ; corriger l'interface puis recharger.,,Corriger positionName dans le système B : '3649-Empl3649' → '6585-Empl6585' (valeur dérivée de la source). Validation humaine requise.,P-SYS-positionName,True,,,"{""CodeEmploi"": ""6585"", ""IntituléEmploi"": ""Empl6585""}","{""code_destination"": ""3649"", ""libelle_destination"": ""Empl3649""}","Employe_Source_Anonymise_VF.xlsx ligne 2 ; Employe_Destination_Anonymise_VF.xlsx ligne 2 ; Mapping.xlsx › Mapping, ligne 15","Mapping.xlsx › Mapping, ligne 15",base ANOMALIE=0.90 ; ×appariement 1.00 = 0.90,verdict 45 + impact champ 10 + confiance +9 + traité au niveau du groupe systémique −25 = 39,,,,,ANOMALIE
C-2173396-S15-D14-positionName,2173396,Pre2173396 Nom2173396,COMPARAISON_CHAMP,positionName,P · poste 69289 · emploi 6900 · début 2019-04-29,15,14,APPARIE,1.0,IntituléEmploi,Empl6900,5123-Empl5123,empl6900,5123-empl5123,6900-Empl6900,,DIFFERENT,R_CONCAT_POSITION,Concaténation CodeEmploi + '-' + IntituléEmploi,REGLE_DETERMINISTE,MISMATCH,code et libellé différent(s) de la concaténation attendue,DERIVE,ANOMALIE,ANOMALIE,0.9,BASSE,39,"Niveau 2 : R_CONCAT_POSITION [Mapping.xlsx › Mapping, ligne 15] attend '6900-Empl6900' (CodeEmploi + '-' + IntituléEmploi) ; la destination contient '5123-Empl5123' (code et libellé différent(s) de la concaténation attendue). Aucune règle documentée n'explique l'écart.","22/22 affectations concernées (100%). La valeur cible ne respecte pas la transformation définie par le mapping ; substitution cohérente 1:1 sur 9 valeurs distinctes (ex. 'empl6585' → '3649-empl3649', 'empl6900' → '5123-empl5123', 'empl6972' → '5126-empl5126'). Cause probablement systémique (règle d'interface), pas propre à chaque employé. [Clarification officielle 2026-10-04 : L'écart sur positionName est une erreur réelle (pas un effet de l'anonymisation).]",Vérifier la transformation une seule fois avec l'équipe d'intégration plutôt que 22 dossiers ; corriger l'interface puis recharger.,,Corriger positionName dans le système B : '5123-Empl5123' → '6900-Empl6900' (valeur dérivée de la source). Validation humaine requise.,P-SYS-positionName,True,,,"{""CodeEmploi"": ""6900"", ""IntituléEmploi"": ""Empl6900""}","{""code_destination"": ""5123"", ""libelle_destination"": ""Empl5123""}","Employe_Source_Anonymise_VF.xlsx ligne 15 ; Employe_Destination_Anonymise_VF.xlsx ligne 14 ; Mapping.xlsx › Mapping, ligne 15","Mapping.xlsx › Mapping, ligne 15",base ANOMALIE=0.90 ; ×appariement 1.00 = 0.90,verdict 45 + impact champ 10 + confiance +9 + traité au niveau du groupe systémique −25 = 39,,,,,ANOMALIE
C-2648214-S20-D19-positionName,2648214,Pre2648214 Nom2648214,COMPARAISON_CHAMP,positionName,P · poste 73721 · emploi 6972 · début 2001-02-05,20,19,APPARIE,1.0,IntituléEmploi,Empl6972,5126-Empl5126,empl6972,5126-empl5126,6972-Empl6972,,DIFFERENT,R_CONCAT_POSITION,Concaténation CodeEmploi + '-' + IntituléEmploi,REGLE_DETERMINISTE,MISMATCH,code et libellé différent(s) de la concaténation attendue,DERIVE,ANOMALIE,ANOMALIE,0.9,BASSE,39,"Niveau 2 : R_CONCAT_POSITION [Mapping.xlsx › Mapping, ligne 15] attend '6972-Empl6972' (CodeEmploi + '-' + IntituléEmploi) ; la destination contient '5126-Empl5126' (code et libellé différent(s) de la concaténation attendue). Aucune règle documentée n'explique l'écart.","22/22 affectations concernées (100%). La valeur cible ne respecte pas la transformation définie par le mapping ; substitution cohérente 1:1 sur 9 valeurs distinctes (ex. 'empl6585' → '3649-empl3649', 'empl6900' → '5123-empl5123', 'empl6972' → '5126-empl5126'). Cause probablement systémique (règle d'interface), pas propre à chaque employé. [Clarification officielle 2026-10-04 : L'écart sur positionName est une erreur réelle (pas un effet de l'anonymisation).]",Vérifier la transformation une seule fois avec l'équipe d'intégration plutôt que 22 dossiers ; corriger l'interface puis recharger.,,Corriger positionName dans le système B : '5126-Empl5126' → '6972-Empl6972' (valeur dérivée de la source). Validation humaine requise.,P-SYS-positionName,True,,,"{""CodeEmploi"": ""6972"", ""IntituléEmploi"": ""Empl6972""}","{""code_destination"": ""5126"", ""libelle_destination"": ""Empl5126""}","Employe_Source_Anonymise_VF.xlsx ligne 20 ; Employe_Destination_Anonymise_VF.xlsx ligne 19 ; Mapping.xlsx › Mapping, ligne 15","Mapping.xlsx › Mapping, ligne 15",base ANOMALIE=0.90 ; ×appariement 1.00 = 0.90,verdict 45 + impact champ 10 + confiance +9 + traité au niveau du groupe systémique −25 = 39,,,,,ANOMALIE
C-2747515-S10-D9-positionName,2747515,Pre2747515 Nom2747515,COMPARAISON_CHAMP,positionName,P · poste 63970 · emploi 6203 · début 2009-03-30,10,9,APPARIE,1.0,IntituléEmploi,Empl6203,4367-Empl4367,empl6203,4367-empl4367,6203-Empl6203,,DIFFERENT,R_CONCAT_POSITION,Concaténation CodeEmploi + '-' + IntituléEmploi,REGLE_DETERMINISTE,MISMATCH,code et libellé différent(s) de la concaténation attendue,DERIVE,ANOMALIE,ANOMALIE,0.9,BASSE,39,"Niveau 2 : R_CONCAT_POSITION [Mapping.xlsx › Mapping, ligne 15] attend '6203-Empl6203' (CodeEmploi + '-' + IntituléEmploi) ; la destination contient '4367-Empl4367' (code et libellé différent(s) de la concaténation attendue). Aucune règle documentée n'explique l'écart.","22/22 affectations concernées (100%). La valeur cible ne respecte pas la transformation définie par le mapping ; substitution cohérente 1:1 sur 9 valeurs distinctes (ex. 'empl6585' → '3649-empl3649', 'empl6900' → '5123-empl5123', 'empl6972' → '5126-empl5126'). Cause probablement systémique (règle d'interface), pas propre à chaque employé. [Clarification officielle 2026-10-04 : L'écart sur positionName est une erreur réelle (pas un effet de l'anonymisation).]",Vérifier la transformation une seule fois avec l'équipe d'intégration plutôt que 22 dossiers ; corriger l'interface puis recharger.,,Corriger positionName dans le système B : '4367-Empl4367' → '6203-Empl6203' (valeur dérivée de la source). Validation humaine requise.,P-SYS-positionName,True,,,"{""CodeEmploi"": ""6203"", ""IntituléEmploi"": ""Empl6203""}","{""code_destination"": ""4367"", ""libelle_destination"": ""Empl4367""}","Employe_Source_Anonymise_VF.xlsx ligne 10 ; Employe_Destination_Anonymise_VF.xlsx ligne 9 ; Mapping.xlsx › Mapping, ligne 15","Mapping.xlsx › Mapping, ligne 15",base ANOMALIE=0.90 ; ×appariement 1.00 = 0.90,verdict 45 + impact champ 10 + confiance +9 + traité au niveau du groupe systémique −25 = 39,,,,,ANOMALIE
C-2762457-S8-D7-positionName,2762457,Pre2762457 Nom2762457,COMPARAISON_CHAMP,positionName,P · poste 30106 · emploi 6203 · début 2009-03-30,8,7,APPARIE,1.0,IntituléEmploi,Empl6203,4367-Empl4367,empl6203,4367-empl4367,6203-Empl6203,,DIFFERENT,R_CONCAT_POSITION,Concaténation CodeEmploi + '-' + IntituléEmploi,REGLE_DETERMINISTE,MISMATCH,code et libellé différent(s) de la concaténation attendue,DERIVE,ANOMALIE,ANOMALIE,0.9,BASSE,39,"Niveau 2 : R_CONCAT_POSITION [Mapping.xlsx › Mapping, ligne 15] attend '6203-Empl6203' (CodeEmploi + '-' + IntituléEmploi) ; la destination contient '4367-Empl4367' (code et libellé différent(s) de la concaténation attendue). Aucune règle documentée n'explique l'écart.","22/22 affectations concernées (100%). La valeur cible ne respecte pas la transformation définie par le mapping ; substitution cohérente 1:1 sur 9 valeurs distinctes (ex. 'empl6585' → '3649-empl3649', 'empl6900' → '5123-empl5123', 'empl6972' → '5126-empl5126'). Cause probablement systémique (règle d'interface), pas propre à chaque employé. [Clarification officielle 2026-10-04 : L'écart sur positionName est une erreur réelle (pas un effet de l'anonymisation).]",Vérifier la transformation une seule fois avec l'équipe d'intégration plutôt que 22 dossiers ; corriger l'interface puis recharger.,,Corriger positionName dans le système B : '4367-Empl4367' → '6203-Empl6203' (valeur dérivée de la source). Validation humaine requise.,P-SYS-positionName,True,,,"{""CodeEmploi"": ""6203"", ""IntituléEmploi"": ""Empl6203""}","{""code_destination"": ""4367"", ""libelle_destination"": ""Empl4367""}","Employe_Source_Anonymise_VF.xlsx ligne 8 ; Employe_Destination_Anonymise_VF.xlsx ligne 7 ; Mapping.xlsx › Mapping, ligne 15","Mapping.xlsx › Mapping, ligne 15",base ANOMALIE=0.90 ; ×appariement 1.00 = 0.90,verdict 45 + impact champ 10 + confiance +9 + traité au niveau du groupe systémique −25 = 39,,,,,ANOMALIE
C-2911996-S16-D15-positionName,2911996,Pre2911996 Nom2911996,COMPARAISON_CHAMP,positionName,P · poste 12548 · emploi 6051 · début 2000-04-01,16,15,APPARIE,1.0,IntituléEmploi,Empl6051,0449-Empl0449,empl6051,0449-empl0449,6051-Empl6051,,DIFFERENT,R_CONCAT_POSITION,Concaténation CodeEmploi + '-' + IntituléEmploi,REGLE_DETERMINISTE,MISMATCH,code et libellé différent(s) de la concaténation attendue,DERIVE,ANOMALIE,ANOMALIE,0.9,BASSE,39,"Niveau 2 : R_CONCAT_POSITION [Mapping.xlsx › Mapping, ligne 15] attend '6051-Empl6051' (CodeEmploi + '-' + IntituléEmploi) ; la destination contient '0449-Empl0449' (code et libellé différent(s) de la concaténation attendue). Aucune règle documentée n'explique l'écart.","22/22 affectations concernées (100%). La valeur cible ne respecte pas la transformation définie par le mapping ; substitution cohérente 1:1 sur 9 valeurs distinctes (ex. 'empl6585' → '3649-empl3649', 'empl6900' → '5123-empl5123', 'empl6972' → '5126-empl5126'). Cause probablement systémique (règle d'interface), pas propre à chaque employé. [Clarification officielle 2026-10-04 : L'écart sur positionName est une erreur réelle (pas un effet de l'anonymisation).]",Vérifier la transformation une seule fois avec l'équipe d'intégration plutôt que 22 dossiers ; corriger l'interface puis recharger.,,Corriger positionName dans le système B : '0449-Empl0449' → '6051-Empl6051' (valeur dérivée de la source). Validation humaine requise.,P-SYS-positionName,True,,,"{""CodeEmploi"": ""6051"", ""IntituléEmploi"": ""Empl6051""}","{""code_destination"": ""0449"", ""libelle_destination"": ""Empl0449""}","Employe_Source_Anonymise_VF.xlsx ligne 16 ; Employe_Destination_Anonymise_VF.xlsx ligne 15 ; Mapping.xlsx › Mapping, ligne 15","Mapping.xlsx › Mapping, ligne 15",base ANOMALIE=0.90 ; ×appariement 1.00 = 0.90,verdict 45 + impact champ 10 + confiance +9 + traité au niveau du groupe systémique −25 = 39,,,,,ANOMALIE
C-3241002-S14-D13-positionName,3241002,Pre3241002 Nom3241002,COMPARAISON_CHAMP,positionName,P · poste 88622 · emploi 6203 · début 2009-03-30,14,13,APPARIE,1.0,IntituléEmploi,Empl6203,4367-Empl4367,empl6203,4367-empl4367,6203-Empl6203,,DIFFERENT,R_CONCAT_POSITION,Concaténation CodeEmploi + '-' + IntituléEmploi,REGLE_DETERMINISTE,MISMATCH,code et libellé différent(s) de la concaténation attendue,DERIVE,ANOMALIE,ANOMALIE,0.9,BASSE,39,"Niveau 2 : R_CONCAT_POSITION [Mapping.xlsx › Mapping, ligne 15] attend '6203-Empl6203' (CodeEmploi + '-' + IntituléEmploi) ; la destination contient '4367-Empl4367' (code et libellé différent(s) de la concaténation attendue). Aucune règle documentée n'explique l'écart.","22/22 affectations concernées (100%). La valeur cible ne respecte pas la transformation définie par le mapping ; substitution cohérente 1:1 sur 9 valeurs distinctes (ex. 'empl6585' → '3649-empl3649', 'empl6900' → '5123-empl5123', 'empl6972' → '5126-empl5126'). Cause probablement systémique (règle d'interface), pas propre à chaque employé. [Clarification officielle 2026-10-04 : L'écart sur positionName est une erreur réelle (pas un effet de l'anonymisation).]",Vérifier la transformation une seule fois avec l'équipe d'intégration plutôt que 22 dossiers ; corriger l'interface puis recharger.,,Corriger positionName dans le système B : '4367-Empl4367' → '6203-Empl6203' (valeur dérivée de la source). Validation humaine requise.,P-SYS-positionName,True,,,"{""CodeEmploi"": ""6203"", ""IntituléEmploi"": ""Empl6203""}","{""code_destination"": ""4367"", ""libelle_destination"": ""Empl4367""}","Employe_Source_Anonymise_VF.xlsx ligne 14 ; Employe_Destination_Anonymise_VF.xlsx ligne 13 ; Mapping.xlsx › Mapping, ligne 15","Mapping.xlsx › Mapping, ligne 15",base ANOMALIE=0.90 ; ×appariement 1.00 = 0.90,verdict 45 + impact champ 10 + confiance +9 + traité au niveau du groupe systémique −25 = 39,,,,,ANOMALIE
C-3712987-S18-D17-positionName,3712987,Pre3712987 Nom3712987,COMPARAISON_CHAMP,positionName,P · poste 86337 · emploi 6031 · début 2016-05-09,18,17,APPARIE,1.0,IntituléEmploi,Empl6031,0485-Empl0485,empl6031,0485-empl0485,6031-Empl6031,,DIFFERENT,R_CONCAT_POSITION,Concaténation CodeEmploi + '-' + IntituléEmploi,REGLE_DETERMINISTE,MISMATCH,code et libellé différent(s) de la concaténation attendue,DERIVE,ANOMALIE,ANOMALIE,0.9,BASSE,39,"Niveau 2 : R_CONCAT_POSITION [Mapping.xlsx › Mapping, ligne 15] attend '6031-Empl6031' (CodeEmploi + '-' + IntituléEmploi) ; la destination contient '0485-Empl0485' (code et libellé différent(s) de la concaténation attendue). Aucune règle documentée n'explique l'écart.","22/22 affectations concernées (100%). La valeur cible ne respecte pas la transformation définie par le mapping ; substitution cohérente 1:1 sur 9 valeurs distinctes (ex. 'empl6585' → '3649-empl3649', 'empl6900' → '5123-empl5123', 'empl6972' → '5126-empl5126'). Cause probablement systémique (règle d'interface), pas propre à chaque employé. [Clarification officielle 2026-10-04 : L'écart sur positionName est une erreur réelle (pas un effet de l'anonymisation).]",Vérifier la transformation une seule fois avec l'équipe d'intégration plutôt que 22 dossiers ; corriger l'interface puis recharger.,,Corriger positionName dans le système B : '0485-Empl0485' → '6031-Empl6031' (valeur dérivée de la source). Validation humaine requise.,P-SYS-positionName,True,,,"{""CodeEmploi"": ""6031"", ""IntituléEmploi"": ""Empl6031""}","{""code_destination"": ""0485"", ""libelle_destination"": ""Empl0485""}","Employe_Source_Anonymise_VF.xlsx ligne 18 ; Employe_Destination_Anonymise_VF.xlsx ligne 17 ; Mapping.xlsx › Mapping, ligne 15","Mapping.xlsx › Mapping, ligne 15",base ANOMALIE=0.90 ; ×appariement 1.00 = 0.90,verdict 45 + impact champ 10 + confiance +9 + traité au niveau du groupe systémique −25 = 39,,,,,ANOMALIE
C-4402456-S17-D16-positionName,4402456,Pre4402456 Nom4402456,COMPARAISON_CHAMP,positionName,P · poste 26586 · emploi 6031 · début 2001-02-05,17,16,APPARIE,1.0,IntituléEmploi,Empl6031,0485-Empl0485,empl6031,0485-empl0485,6031-Empl6031,,DIFFERENT,R_CONCAT_POSITION,Concaténation CodeEmploi + '-' + IntituléEmploi,REGLE_DETERMINISTE,MISMATCH,code et libellé différent(s) de la concaténation attendue,DERIVE,ANOMALIE,ANOMALIE,0.9,BASSE,39,"Niveau 2 : R_CONCAT_POSITION [Mapping.xlsx › Mapping, ligne 15] attend '6031-Empl6031' (CodeEmploi + '-' + IntituléEmploi) ; la destination contient '0485-Empl0485' (code et libellé différent(s) de la concaténation attendue). Aucune règle documentée n'explique l'écart.","22/22 affectations concernées (100%). La valeur cible ne respecte pas la transformation définie par le mapping ; substitution cohérente 1:1 sur 9 valeurs distinctes (ex. 'empl6585' → '3649-empl3649', 'empl6900' → '5123-empl5123', 'empl6972' → '5126-empl5126'). Cause probablement systémique (règle d'interface), pas propre à chaque employé. [Clarification officielle 2026-10-04 : L'écart sur positionName est une erreur réelle (pas un effet de l'anonymisation).]",Vérifier la transformation une seule fois avec l'équipe d'intégration plutôt que 22 dossiers ; corriger l'interface puis recharger.,,Corriger positionName dans le système B : '0485-Empl0485' → '6031-Empl6031' (valeur dérivée de la source). Validation humaine requise.,P-SYS-positionName,True,,,"{""CodeEmploi"": ""6031"", ""IntituléEmploi"": ""Empl6031""}","{""code_destination"": ""0485"", ""libelle_destination"": ""Empl0485""}","Employe_Source_Anonymise_VF.xlsx ligne 17 ; Employe_Destination_Anonymise_VF.xlsx ligne 16 ; Mapping.xlsx › Mapping, ligne 15","Mapping.xlsx › Mapping, ligne 15",base ANOMALIE=0.90 ; ×appariement 1.00 = 0.90,verdict 45 + impact champ 10 + confiance +9 + traité au niveau du groupe systémique −25 = 39,,,,,ANOMALIE
C-4625374-S9-D8-positionName,4625374,Pre4625374 Nom4625374,COMPARAISON_CHAMP,positionName,P · poste 43478 · emploi 6203 · début 2025-03-24,9,8,APPARIE,1.0,IntituléEmploi,Empl6203,4367-Empl4367,empl6203,4367-empl4367,6203-Empl6203,,DIFFERENT,R_CONCAT_POSITION,Concaténation CodeEmploi + '-' + IntituléEmploi,REGLE_DETERMINISTE,MISMATCH,code et libellé différent(s) de la concaténation attendue,DERIVE,ANOMALIE,ANOMALIE,0.9,BASSE,39,"Niveau 2 : R_CONCAT_POSITION [Mapping.xlsx › Mapping, ligne 15] attend '6203-Empl6203' (CodeEmploi + '-' + IntituléEmploi) ; la destination contient '4367-Empl4367' (code et libellé différent(s) de la concaténation attendue). Aucune règle documentée n'explique l'écart.","22/22 affectations concernées (100%). La valeur cible ne respecte pas la transformation définie par le mapping ; substitution cohérente 1:1 sur 9 valeurs distinctes (ex. 'empl6585' → '3649-empl3649', 'empl6900' → '5123-empl5123', 'empl6972' → '5126-empl5126'). Cause probablement systémique (règle d'interface), pas propre à chaque employé. [Clarification officielle 2026-10-04 : L'écart sur positionName est une erreur réelle (pas un effet de l'anonymisation).]",Vérifier la transformation une seule fois avec l'équipe d'intégration plutôt que 22 dossiers ; corriger l'interface puis recharger.,,Corriger positionName dans le système B : '4367-Empl4367' → '6203-Empl6203' (valeur dérivée de la source). Validation humaine requise.,P-SYS-positionName,True,,,"{""CodeEmploi"": ""6203"", ""IntituléEmploi"": ""Empl6203""}","{""code_destination"": ""4367"", ""libelle_destination"": ""Empl4367""}","Employe_Source_Anonymise_VF.xlsx ligne 9 ; Employe_Destination_Anonymise_VF.xlsx ligne 8 ; Mapping.xlsx › Mapping, ligne 15","Mapping.xlsx › Mapping, ligne 15",base ANOMALIE=0.90 ; ×appariement 1.00 = 0.90,verdict 45 + impact champ 10 + confiance +9 + traité au niveau du groupe systémique −25 = 39,,,,,ANOMALIE
C-4880692-S11-D10-positionName,4880692,Pre4880692 Nom4880692,COMPARAISON_CHAMP,positionName,P · poste 35161 · emploi 6203 · début 2009-03-30,11,10,APPARIE,1.0,IntituléEmploi,Empl6203,4367-Empl4367,empl6203,4367-empl4367,6203-Empl6203,,DIFFERENT,R_CONCAT_POSITION,Concaténation CodeEmploi + '-' + IntituléEmploi,REGLE_DETERMINISTE,MISMATCH,code et libellé différent(s) de la concaténation attendue,DERIVE,ANOMALIE,ANOMALIE,0.9,BASSE,39,"Niveau 2 : R_CONCAT_POSITION [Mapping.xlsx › Mapping, ligne 15] attend '6203-Empl6203' (CodeEmploi + '-' + IntituléEmploi) ; la destination contient '4367-Empl4367' (code et libellé différent(s) de la concaténation attendue). Aucune règle documentée n'explique l'écart.","22/22 affectations concernées (100%). La valeur cible ne respecte pas la transformation définie par le mapping ; substitution cohérente 1:1 sur 9 valeurs distinctes (ex. 'empl6585' → '3649-empl3649', 'empl6900' → '5123-empl5123', 'empl6972' → '5126-empl5126'). Cause probablement systémique (règle d'interface), pas propre à chaque employé. [Clarification officielle 2026-10-04 : L'écart sur positionName est une erreur réelle (pas un effet de l'anonymisation).]",Vérifier la transformation une seule fois avec l'équipe d'intégration plutôt que 22 dossiers ; corriger l'interface puis recharger.,,Corriger positionName dans le système B : '4367-Empl4367' → '6203-Empl6203' (valeur dérivée de la source). Validation humaine requise.,P-SYS-positionName,True,,,"{""CodeEmploi"": ""6203"", ""IntituléEmploi"": ""Empl6203""}","{""code_destination"": ""4367"", ""libelle_destination"": ""Empl4367""}","Employe_Source_Anonymise_VF.xlsx ligne 11 ; Employe_Destination_Anonymise_VF.xlsx ligne 10 ; Mapping.xlsx › Mapping, ligne 15","Mapping.xlsx › Mapping, ligne 15",base ANOMALIE=0.90 ; ×appariement 1.00 = 0.90,verdict 45 + impact champ 10 + confiance +9 + traité au niveau du groupe systémique −25 = 39,,,,,ANOMALIE
C-6035643-S13-D12-positionName,6035643,Pre6035643 Nom6035643,COMPARAISON_CHAMP,positionName,P · poste 47056 · emploi 6622 · début 2023-02-13,13,12,APPARIE,1.0,IntituléEmploi,Empl6622,4368-Empl4368,empl6622,4368-empl4368,6622-Empl6622,,DIFFERENT,R_CONCAT_POSITION,Concaténation CodeEmploi + '-' + IntituléEmploi,REGLE_DETERMINISTE,MISMATCH,code et libellé différent(s) de la concaténation attendue,DERIVE,ANOMALIE,ANOMALIE,0.9,BASSE,39,"Niveau 2 : R_CONCAT_POSITION [Mapping.xlsx › Mapping, ligne 15] attend '6622-Empl6622' (CodeEmploi + '-' + IntituléEmploi) ; la destination contient '4368-Empl4368' (code et libellé différent(s) de la concaténation attendue). Aucune règle documentée n'explique l'écart.","22/22 affectations concernées (100%). La valeur cible ne respecte pas la transformation définie par le mapping ; substitution cohérente 1:1 sur 9 valeurs distinctes (ex. 'empl6585' → '3649-empl3649', 'empl6900' → '5123-empl5123', 'empl6972' → '5126-empl5126'). Cause probablement systémique (règle d'interface), pas propre à chaque employé. [Clarification officielle 2026-10-04 : L'écart sur positionName est une erreur réelle (pas un effet de l'anonymisation).]",Vérifier la transformation une seule fois avec l'équipe d'intégration plutôt que 22 dossiers ; corriger l'interface puis recharger.,,Corriger positionName dans le système B : '4368-Empl4368' → '6622-Empl6622' (valeur dérivée de la source). Validation humaine requise.,P-SYS-positionName,True,,,"{""CodeEmploi"": ""6622"", ""IntituléEmploi"": ""Empl6622""}","{""code_destination"": ""4368"", ""libelle_destination"": ""Empl4368""}","Employe_Source_Anonymise_VF.xlsx ligne 13 ; Employe_Destination_Anonymise_VF.xlsx ligne 12 ; Mapping.xlsx › Mapping, ligne 15","Mapping.xlsx › Mapping, ligne 15",base ANOMALIE=0.90 ; ×appariement 1.00 = 0.90,verdict 45 + impact champ 10 + confiance +9 + traité au niveau du groupe systémique −25 = 39,,,,,ANOMALIE
C-6783031-S7-D6-positionName,6783031,Pre6783031 Nom6783031,COMPARAISON_CHAMP,positionName,P · poste 23999 · emploi 6203 · début 2009-03-30,7,6,APPARIE,1.0,IntituléEmploi,Empl6203,4367-Empl4367,empl6203,4367-empl4367,6203-Empl6203,,DIFFERENT,R_CONCAT_POSITION,Concaténation CodeEmploi + '-' + IntituléEmploi,REGLE_DETERMINISTE,MISMATCH,code et libellé différent(s) de la concaténation attendue,DERIVE,ANOMALIE,ANOMALIE,0.9,BASSE,39,"Niveau 2 : R_CONCAT_POSITION [Mapping.xlsx › Mapping, ligne 15] attend '6203-Empl6203' (CodeEmploi + '-' + IntituléEmploi) ; la destination contient '4367-Empl4367' (code et libellé différent(s) de la concaténation attendue). Aucune règle documentée n'explique l'écart.","22/22 affectations concernées (100%). La valeur cible ne respecte pas la transformation définie par le mapping ; substitution cohérente 1:1 sur 9 valeurs distinctes (ex. 'empl6585' → '3649-empl3649', 'empl6900' → '5123-empl5123', 'empl6972' → '5126-empl5126'). Cause probablement systémique (règle d'interface), pas propre à chaque employé. [Clarification officielle 2026-10-04 : L'écart sur positionName est une erreur réelle (pas un effet de l'anonymisation).]",Vérifier la transformation une seule fois avec l'équipe d'intégration plutôt que 22 dossiers ; corriger l'interface puis recharger.,,Corriger positionName dans le système B : '4367-Empl4367' → '6203-Empl6203' (valeur dérivée de la source). Validation humaine requise.,P-SYS-positionName,True,,,"{""CodeEmploi"": ""6203"", ""IntituléEmploi"": ""Empl6203""}","{""code_destination"": ""4367"", ""libelle_destination"": ""Empl4367""}","Employe_Source_Anonymise_VF.xlsx ligne 7 ; Employe_Destination_Anonymise_VF.xlsx ligne 6 ; Mapping.xlsx › Mapping, ligne 15","Mapping.xlsx › Mapping, ligne 15",base ANOMALIE=0.90 ; ×appariement 1.00 = 0.90,verdict 45 + impact champ 10 + confiance +9 + traité au niveau du groupe systémique −25 = 39,,,,,ANOMALIE
C-7070325-S12-D11-positionName,7070325,Pre7070325 Nom7070325,COMPARAISON_CHAMP,positionName,P · poste 81864 · emploi 6622 · début 2009-07-06,12,11,APPARIE,1.0,IntituléEmploi,Empl6622,4368-Empl4368,empl6622,4368-empl4368,6622-Empl6622,,DIFFERENT,R_CONCAT_POSITION,Concaténation CodeEmploi + '-' + IntituléEmploi,REGLE_DETERMINISTE,MISMATCH,code et libellé différent(s) de la concaténation attendue,DERIVE,ANOMALIE,ANOMALIE,0.9,BASSE,39,"Niveau 2 : R_CONCAT_POSITION [Mapping.xlsx › Mapping, ligne 15] attend '6622-Empl6622' (CodeEmploi + '-' + IntituléEmploi) ; la destination contient '4368-Empl4368' (code et libellé différent(s) de la concaténation attendue). Aucune règle documentée n'explique l'écart.","22/22 affectations concernées (100%). La valeur cible ne respecte pas la transformation définie par le mapping ; substitution cohérente 1:1 sur 9 valeurs distinctes (ex. 'empl6585' → '3649-empl3649', 'empl6900' → '5123-empl5123', 'empl6972' → '5126-empl5126'). Cause probablement systémique (règle d'interface), pas propre à chaque employé. [Clarification officielle 2026-10-04 : L'écart sur positionName est une erreur réelle (pas un effet de l'anonymisation).]",Vérifier la transformation une seule fois avec l'équipe d'intégration plutôt que 22 dossiers ; corriger l'interface puis recharger.,,Corriger positionName dans le système B : '4368-Empl4368' → '6622-Empl6622' (valeur dérivée de la source). Validation humaine requise.,P-SYS-positionName,True,,,"{""CodeEmploi"": ""6622"", ""IntituléEmploi"": ""Empl6622""}","{""code_destination"": ""4368"", ""libelle_destination"": ""Empl4368""}","Employe_Source_Anonymise_VF.xlsx ligne 12 ; Employe_Destination_Anonymise_VF.xlsx ligne 11 ; Mapping.xlsx › Mapping, ligne 15","Mapping.xlsx › Mapping, ligne 15",base ANOMALIE=0.90 ; ×appariement 1.00 = 0.90,verdict 45 + impact champ 10 + confiance +9 + traité au niveau du groupe systémique −25 = 39,,,,,ANOMALIE
C-7254364-S19-D18-positionName,7254364,Pre7254364 Nom7254364,COMPARAISON_CHAMP,positionName,P · poste 14553 · emploi 6754 · début 2025-10-20,19,18,APPARIE,1.0,IntituléEmploi,Empl6754,0509-Empl0509,empl6754,0509-empl0509,6754-Empl6754,,DIFFERENT,R_CONCAT_POSITION,Concaténation CodeEmploi + '-' + IntituléEmploi,REGLE_DETERMINISTE,MISMATCH,code et libellé différent(s) de la concaténation attendue,DERIVE,ANOMALIE,ANOMALIE,0.9,BASSE,39,"Niveau 2 : R_CONCAT_POSITION [Mapping.xlsx › Mapping, ligne 15] attend '6754-Empl6754' (CodeEmploi + '-' + IntituléEmploi) ; la destination contient '0509-Empl0509' (code et libellé différent(s) de la concaténation attendue). Aucune règle documentée n'explique l'écart.","22/22 affectations concernées (100%). La valeur cible ne respecte pas la transformation définie par le mapping ; substitution cohérente 1:1 sur 9 valeurs distinctes (ex. 'empl6585' → '3649-empl3649', 'empl6900' → '5123-empl5123', 'empl6972' → '5126-empl5126'). Cause probablement systémique (règle d'interface), pas propre à chaque employé. [Clarification officielle 2026-10-04 : L'écart sur positionName est une erreur réelle (pas un effet de l'anonymisation).]",Vérifier la transformation une seule fois avec l'équipe d'intégration plutôt que 22 dossiers ; corriger l'interface puis recharger.,,Corriger positionName dans le système B : '0509-Empl0509' → '6754-Empl6754' (valeur dérivée de la source). Validation humaine requise.,P-SYS-positionName,True,,,"{""CodeEmploi"": ""6754"", ""IntituléEmploi"": ""Empl6754""}","{""code_destination"": ""0509"", ""libelle_destination"": ""Empl0509""}","Employe_Source_Anonymise_VF.xlsx ligne 19 ; Employe_Destination_Anonymise_VF.xlsx ligne 18 ; Mapping.xlsx › Mapping, ligne 15","Mapping.xlsx › Mapping, ligne 15",base ANOMALIE=0.90 ; ×appariement 1.00 = 0.90,verdict 45 + impact champ 10 + confiance +9 + traité au niveau du groupe systémique −25 = 39,,,,,ANOMALIE
C-7603160-S6-D5-positionName,7603160,Pre7603160 Nom7603160,COMPARAISON_CHAMP,positionName,P · poste 83560 · emploi 6203 · début 2009-03-30,6,5,APPARIE,1.0,IntituléEmploi,Empl6203,4367-Empl4367,empl6203,4367-empl4367,6203-Empl6203,,DIFFERENT,R_CONCAT_POSITION,Concaténation CodeEmploi + '-' + IntituléEmploi,REGLE_DETERMINISTE,MISMATCH,code et libellé différent(s) de la concaténation attendue,DERIVE,ANOMALIE,ANOMALIE,0.9,BASSE,39,"Niveau 2 : R_CONCAT_POSITION [Mapping.xlsx › Mapping, ligne 15] attend '6203-Empl6203' (CodeEmploi + '-' + IntituléEmploi) ; la destination contient '4367-Empl4367' (code et libellé différent(s) de la concaténation attendue). Aucune règle documentée n'explique l'écart.","22/22 affectations concernées (100%). La valeur cible ne respecte pas la transformation définie par le mapping ; substitution cohérente 1:1 sur 9 valeurs distinctes (ex. 'empl6585' → '3649-empl3649', 'empl6900' → '5123-empl5123', 'empl6972' → '5126-empl5126'). Cause probablement systémique (règle d'interface), pas propre à chaque employé. [Clarification officielle 2026-10-04 : L'écart sur positionName est une erreur réelle (pas un effet de l'anonymisation).]",Vérifier la transformation une seule fois avec l'équipe d'intégration plutôt que 22 dossiers ; corriger l'interface puis recharger.,,Corriger positionName dans le système B : '4367-Empl4367' → '6203-Empl6203' (valeur dérivée de la source). Validation humaine requise.,P-SYS-positionName,True,,,"{""CodeEmploi"": ""6203"", ""IntituléEmploi"": ""Empl6203""}","{""code_destination"": ""4367"", ""libelle_destination"": ""Empl4367""}","Employe_Source_Anonymise_VF.xlsx ligne 6 ; Employe_Destination_Anonymise_VF.xlsx ligne 5 ; Mapping.xlsx › Mapping, ligne 15","Mapping.xlsx › Mapping, ligne 15",base ANOMALIE=0.90 ; ×appariement 1.00 = 0.90,verdict 45 + impact champ 10 + confiance +9 + traité au niveau du groupe systémique −25 = 39,,,,,ANOMALIE
C-7683990-S22-D22-positionName,7683990,Pre7683990 Nom7683990,COMPARAISON_CHAMP,positionName,P · poste 15514 · emploi 6725 · début 2015-03-23,22,22,APPARIE,1.0,IntituléEmploi,Empl6725,4051-Empl4051,empl6725,4051-empl4051,6725-Empl6725,,DIFFERENT,R_CONCAT_POSITION,Concaténation CodeEmploi + '-' + IntituléEmploi,REGLE_DETERMINISTE,MISMATCH,code et libellé différent(s) de la concaténation attendue,DERIVE,ANOMALIE,ANOMALIE,0.9,BASSE,39,"Niveau 2 : R_CONCAT_POSITION [Mapping.xlsx › Mapping, ligne 15] attend '6725-Empl6725' (CodeEmploi + '-' + IntituléEmploi) ; la destination contient '4051-Empl4051' (code et libellé différent(s) de la concaténation attendue). Aucune règle documentée n'explique l'écart.","22/22 affectations concernées (100%). La valeur cible ne respecte pas la transformation définie par le mapping ; substitution cohérente 1:1 sur 9 valeurs distinctes (ex. 'empl6585' → '3649-empl3649', 'empl6900' → '5123-empl5123', 'empl6972' → '5126-empl5126'). Cause probablement systémique (règle d'interface), pas propre à chaque employé. [Clarification officielle 2026-10-04 : L'écart sur positionName est une erreur réelle (pas un effet de l'anonymisation).]",Vérifier la transformation une seule fois avec l'équipe d'intégration plutôt que 22 dossiers ; corriger l'interface puis recharger.,,Corriger positionName dans le système B : '4051-Empl4051' → '6725-Empl6725' (valeur dérivée de la source). Validation humaine requise.,P-SYS-positionName,True,,,"{""CodeEmploi"": ""6725"", ""IntituléEmploi"": ""Empl6725""}","{""code_destination"": ""4051"", ""libelle_destination"": ""Empl4051""}","Employe_Source_Anonymise_VF.xlsx ligne 22 ; Employe_Destination_Anonymise_VF.xlsx ligne 22 ; Mapping.xlsx › Mapping, ligne 15","Mapping.xlsx › Mapping, ligne 15",base ANOMALIE=0.90 ; ×appariement 1.00 = 0.90,verdict 45 + impact champ 10 + confiance +9 + traité au niveau du groupe systémique −25 = 39,,,,,ANOMALIE
C-7683990-S23-D23-positionName,7683990,Pre7683990 Nom7683990,COMPARAISON_CHAMP,positionName,S · poste 23841 · emploi 6754 · début 2025-11-17,23,23,APPARIE,1.0,IntituléEmploi,Empl6754,0509-Empl0509,empl6754,0509-empl0509,6754-Empl6754,,DIFFERENT,R_CONCAT_POSITION,Concaténation CodeEmploi + '-' + IntituléEmploi,REGLE_DETERMINISTE,MISMATCH,code et libellé différent(s) de la concaténation attendue,DERIVE,ANOMALIE,ANOMALIE,0.9,BASSE,39,"Niveau 2 : R_CONCAT_POSITION [Mapping.xlsx › Mapping, ligne 15] attend '6754-Empl6754' (CodeEmploi + '-' + IntituléEmploi) ; la destination contient '0509-Empl0509' (code et libellé différent(s) de la concaténation attendue). Aucune règle documentée n'explique l'écart.","22/22 affectations concernées (100%). La valeur cible ne respecte pas la transformation définie par le mapping ; substitution cohérente 1:1 sur 9 valeurs distinctes (ex. 'empl6585' → '3649-empl3649', 'empl6900' → '5123-empl5123', 'empl6972' → '5126-empl5126'). Cause probablement systémique (règle d'interface), pas propre à chaque employé. [Clarification officielle 2026-10-04 : L'écart sur positionName est une erreur réelle (pas un effet de l'anonymisation).]",Vérifier la transformation une seule fois avec l'équipe d'intégration plutôt que 22 dossiers ; corriger l'interface puis recharger.,,Corriger positionName dans le système B : '0509-Empl0509' → '6754-Empl6754' (valeur dérivée de la source). Validation humaine requise.,P-SYS-positionName,True,,,"{""CodeEmploi"": ""6754"", ""IntituléEmploi"": ""Empl6754""}","{""code_destination"": ""0509"", ""libelle_destination"": ""Empl0509""}","Employe_Source_Anonymise_VF.xlsx ligne 23 ; Employe_Destination_Anonymise_VF.xlsx ligne 23 ; Mapping.xlsx › Mapping, ligne 15","Mapping.xlsx › Mapping, ligne 15",base ANOMALIE=0.90 ; ×appariement 1.00 = 0.90,verdict 45 + impact champ 10 + confiance +9 + traité au niveau du groupe systémique −25 = 39,,,,,ANOMALIE
C-7683990-S24-D21-positionName,7683990,Pre7683990 Nom7683990,COMPARAISON_CHAMP,positionName,S · poste 98689 · emploi 6031 · début 2024-02-12,24,21,APPARIE,1.0,IntituléEmploi,Empl6031,0485-Empl0485,empl6031,0485-empl0485,6031-Empl6031,,DIFFERENT,R_CONCAT_POSITION,Concaténation CodeEmploi + '-' + IntituléEmploi,REGLE_DETERMINISTE,MISMATCH,code et libellé différent(s) de la concaténation attendue,DERIVE,ANOMALIE,ANOMALIE,0.9,BASSE,39,"Niveau 2 : R_CONCAT_POSITION [Mapping.xlsx › Mapping, ligne 15] attend '6031-Empl6031' (CodeEmploi + '-' + IntituléEmploi) ; la destination contient '0485-Empl0485' (code et libellé différent(s) de la concaténation attendue). Aucune règle documentée n'explique l'écart.","22/22 affectations concernées (100%). La valeur cible ne respecte pas la transformation définie par le mapping ; substitution cohérente 1:1 sur 9 valeurs distinctes (ex. 'empl6585' → '3649-empl3649', 'empl6900' → '5123-empl5123', 'empl6972' → '5126-empl5126'). Cause probablement systémique (règle d'interface), pas propre à chaque employé. [Clarification officielle 2026-10-04 : L'écart sur positionName est une erreur réelle (pas un effet de l'anonymisation).]",Vérifier la transformation une seule fois avec l'équipe d'intégration plutôt que 22 dossiers ; corriger l'interface puis recharger.,,Corriger positionName dans le système B : '0485-Empl0485' → '6031-Empl6031' (valeur dérivée de la source). Validation humaine requise.,P-SYS-positionName,True,,,"{""CodeEmploi"": ""6031"", ""IntituléEmploi"": ""Empl6031""}","{""code_destination"": ""0485"", ""libelle_destination"": ""Empl0485""}","Employe_Source_Anonymise_VF.xlsx ligne 24 ; Employe_Destination_Anonymise_VF.xlsx ligne 21 ; Mapping.xlsx › Mapping, ligne 15","Mapping.xlsx › Mapping, ligne 15",base ANOMALIE=0.90 ; ×appariement 1.00 = 0.90,verdict 45 + impact champ 10 + confiance +9 + traité au niveau du groupe systémique −25 = 39,,,,,ANOMALIE
C-8142123-S5-D4-positionName,8142123,Pre8142123 Nom8142123,COMPARAISON_CHAMP,positionName,P · poste 26800 · emploi 6203 · début 2009-03-30,5,4,APPARIE,1.0,IntituléEmploi,Empl6203,4367-Empl4367,empl6203,4367-empl4367,6203-Empl6203,,DIFFERENT,R_CONCAT_POSITION,Concaténation CodeEmploi + '-' + IntituléEmploi,REGLE_DETERMINISTE,MISMATCH,code et libellé différent(s) de la concaténation attendue,DERIVE,ANOMALIE,ANOMALIE,0.9,BASSE,39,"Niveau 2 : R_CONCAT_POSITION [Mapping.xlsx › Mapping, ligne 15] attend '6203-Empl6203' (CodeEmploi + '-' + IntituléEmploi) ; la destination contient '4367-Empl4367' (code et libellé différent(s) de la concaténation attendue). Aucune règle documentée n'explique l'écart.","22/22 affectations concernées (100%). La valeur cible ne respecte pas la transformation définie par le mapping ; substitution cohérente 1:1 sur 9 valeurs distinctes (ex. 'empl6585' → '3649-empl3649', 'empl6900' → '5123-empl5123', 'empl6972' → '5126-empl5126'). Cause probablement systémique (règle d'interface), pas propre à chaque employé. [Clarification officielle 2026-10-04 : L'écart sur positionName est une erreur réelle (pas un effet de l'anonymisation).]",Vérifier la transformation une seule fois avec l'équipe d'intégration plutôt que 22 dossiers ; corriger l'interface puis recharger.,,Corriger positionName dans le système B : '4367-Empl4367' → '6203-Empl6203' (valeur dérivée de la source). Validation humaine requise.,P-SYS-positionName,True,,,"{""CodeEmploi"": ""6203"", ""IntituléEmploi"": ""Empl6203""}","{""code_destination"": ""4367"", ""libelle_destination"": ""Empl4367""}","Employe_Source_Anonymise_VF.xlsx ligne 5 ; Employe_Destination_Anonymise_VF.xlsx ligne 4 ; Mapping.xlsx › Mapping, ligne 15","Mapping.xlsx › Mapping, ligne 15",base ANOMALIE=0.90 ; ×appariement 1.00 = 0.90,verdict 45 + impact champ 10 + confiance +9 + traité au niveau du groupe systémique −25 = 39,,,,,ANOMALIE
C-8644330-S21-D20-positionName,8644330,Pre8644330 Nom8644330,COMPARAISON_CHAMP,positionName,P · poste 67970 · emploi 6031 · début 2001-02-05,21,20,APPARIE,1.0,IntituléEmploi,Empl6031,0485-Empl0485,empl6031,0485-empl0485,6031-Empl6031,,DIFFERENT,R_CONCAT_POSITION,Concaténation CodeEmploi + '-' + IntituléEmploi,REGLE_DETERMINISTE,MISMATCH,code et libellé différent(s) de la concaténation attendue,DERIVE,ANOMALIE,ANOMALIE,0.9,BASSE,39,"Niveau 2 : R_CONCAT_POSITION [Mapping.xlsx › Mapping, ligne 15] attend '6031-Empl6031' (CodeEmploi + '-' + IntituléEmploi) ; la destination contient '0485-Empl0485' (code et libellé différent(s) de la concaténation attendue). Aucune règle documentée n'explique l'écart.","22/22 affectations concernées (100%). La valeur cible ne respecte pas la transformation définie par le mapping ; substitution cohérente 1:1 sur 9 valeurs distinctes (ex. 'empl6585' → '3649-empl3649', 'empl6900' → '5123-empl5123', 'empl6972' → '5126-empl5126'). Cause probablement systémique (règle d'interface), pas propre à chaque employé. [Clarification officielle 2026-10-04 : L'écart sur positionName est une erreur réelle (pas un effet de l'anonymisation).]",Vérifier la transformation une seule fois avec l'équipe d'intégration plutôt que 22 dossiers ; corriger l'interface puis recharger.,,Corriger positionName dans le système B : '0485-Empl0485' → '6031-Empl6031' (valeur dérivée de la source). Validation humaine requise.,P-SYS-positionName,True,,,"{""CodeEmploi"": ""6031"", ""IntituléEmploi"": ""Empl6031""}","{""code_destination"": ""0485"", ""libelle_destination"": ""Empl0485""}","Employe_Source_Anonymise_VF.xlsx ligne 21 ; Employe_Destination_Anonymise_VF.xlsx ligne 20 ; Mapping.xlsx › Mapping, ligne 15","Mapping.xlsx › Mapping, ligne 15",base ANOMALIE=0.90 ; ×appariement 1.00 = 0.90,verdict 45 + impact champ 10 + confiance +9 + traité au niveau du groupe systémique −25 = 39,,,,,ANOMALIE
C-9989151-S4-D3-positionName,9989151,Pre9989151 Nom9989151,COMPARAISON_CHAMP,positionName,P · poste 31109 · emploi 6203 · début 2009-03-30,4,3,APPARIE,1.0,IntituléEmploi,Empl6203,4367-Empl4367,empl6203,4367-empl4367,6203-Empl6203,,DIFFERENT,R_CONCAT_POSITION,Concaténation CodeEmploi + '-' + IntituléEmploi,REGLE_DETERMINISTE,MISMATCH,code et libellé différent(s) de la concaténation attendue,DERIVE,ANOMALIE,ANOMALIE,0.9,BASSE,39,"Niveau 2 : R_CONCAT_POSITION [Mapping.xlsx › Mapping, ligne 15] attend '6203-Empl6203' (CodeEmploi + '-' + IntituléEmploi) ; la destination contient '4367-Empl4367' (code et libellé différent(s) de la concaténation attendue). Aucune règle documentée n'explique l'écart.","22/22 affectations concernées (100%). La valeur cible ne respecte pas la transformation définie par le mapping ; substitution cohérente 1:1 sur 9 valeurs distinctes (ex. 'empl6585' → '3649-empl3649', 'empl6900' → '5123-empl5123', 'empl6972' → '5126-empl5126'). Cause probablement systémique (règle d'interface), pas propre à chaque employé. [Clarification officielle 2026-10-04 : L'écart sur positionName est une erreur réelle (pas un effet de l'anonymisation).]",Vérifier la transformation une seule fois avec l'équipe d'intégration plutôt que 22 dossiers ; corriger l'interface puis recharger.,,Corriger positionName dans le système B : '4367-Empl4367' → '6203-Empl6203' (valeur dérivée de la source). Validation humaine requise.,P-SYS-positionName,True,,,"{""CodeEmploi"": ""6203"", ""IntituléEmploi"": ""Empl6203""}","{""code_destination"": ""4367"", ""libelle_destination"": ""Empl4367""}","Employe_Source_Anonymise_VF.xlsx ligne 4 ; Employe_Destination_Anonymise_VF.xlsx ligne 3 ; Mapping.xlsx › Mapping, ligne 15","Mapping.xlsx › Mapping, ligne 15",base ANOMALIE=0.90 ; ×appariement 1.00 = 0.90,verdict 45 + impact champ 10 + confiance +9 + traité au niveau du groupe systémique −25 = 39,,,,,ANOMALIE
C-1545850-S2-D2-contactEmail,1545850,Pre1545850 Nom1545850,COMPARAISON_CHAMP,contactEmail,P · poste 35342 · emploi 6585 · début 2016-04-01,2,2,APPARIE,1.0,Adresse courriel travail,,dev-08-v2_PNom10370370@loto-quebec.com,,dev-08-v2_pnom10370370@loto-quebec.com,PNom1545850850@loto-quebec.com,,NON_COMPARABLE,R_EMAIL,"Courriel : initiale prénom + nom + 3 derniers chiffres du matricule + @domaine, sans accents",REGLE_DETERMINISTE,MISMATCH,"structure conforme à la règle (initiale + nom + 3 derniers chiffres du code), mais l'identifiant 'nom10370' ne correspond pas au Matricule/personID (attendu 'nom1545850') ; préfixe 'dev-08-v2_' ignoré ; profil caractéristique d'un artefact d'anonymisation",DERIVE,ANOMALIE,ANOMALIE,0.9,BASSE,34,"Niveau 2 : R_EMAIL [Mapping.xlsx › Mapping, lignes 4-6] attend 'PNom1545850850@loto-quebec.com' (initiale 'P' + nom 'Nom1545850' + '850' + '@loto-quebec.com' (accents retirés)) ; la destination contient 'dev-08-v2_PNom10370370@loto-quebec.com' (structure conforme à la règle (initiale + nom + 3 derniers chiffres du code), mais l'identifiant 'nom10370' ne correspond pas au Matricule/personID (attendu 'nom1545850') ; préfixe 'dev-08-v2_' ignoré ; profil caractéristique d'un artefact d'anonymisation). Aucune règle documentée n'explique l'écart.","22/22 dossiers affectés (100%). Le préfixe d'environnement est autorisé, mais l'identifiant utilisé après normalisation ne correspond pas au Matricule/personID. Cause connue dans le jeu fourni : artefact d'anonymisation. [Clarification officielle 2026-10-04 : « code » = Matricule/personID ; le préfixe destination (ex. dev-08-v2_) est autorisé et ignoré ; l'identifiant anonymisé différent dans l'adresse est une erreur d'anonymisation, pertinente à détecter comme anomalie.]",Une seule décision / investigation : corriger la génération des courriels (ou l'anonymisation de l'extraction) pour tous les dossiers.,,Corriger contactEmail dans le système B : 'dev-08-v2_PNom10370370@loto-quebec.com' → 'PNom1545850850@loto-quebec.com' (valeur dérivée de la source). Validation humaine requise.,P-SYS-contactEmail,True,,,"{""PrénomUsuel"": ""Pre1545850"", ""NomFamille"": ""Nom1545850"", ""Matricule"": ""1545850""}",,"Employe_Source_Anonymise_VF.xlsx ligne 2 ; Employe_Destination_Anonymise_VF.xlsx ligne 2 ; Mapping.xlsx › Mapping, lignes 4-6","Mapping.xlsx › Mapping, lignes 4-6",base ANOMALIE=0.90 ; ×appariement 1.00 = 0.90,verdict 45 + impact champ 5 + confiance +9 + traité au niveau du groupe systémique −25 = 34,,,,,ANOMALIE
C-2173396-S15-D14-contactEmail,2173396,Pre2173396 Nom2173396,COMPARAISON_CHAMP,contactEmail,P · poste 69289 · emploi 6900 · début 2019-04-29,15,14,APPARIE,1.0,Adresse courriel travail,,dev-08-v2_PNom10437437@loto-quebec.com,,dev-08-v2_pnom10437437@loto-quebec.com,PNom2173396396@loto-quebec.com,,NON_COMPARABLE,R_EMAIL,"Courriel : initiale prénom + nom + 3 derniers chiffres du matricule + @domaine, sans accents",REGLE_DETERMINISTE,MISMATCH,"structure conforme à la règle (initiale + nom + 3 derniers chiffres du code), mais l'identifiant 'nom10437' ne correspond pas au Matricule/personID (attendu 'nom2173396') ; préfixe 'dev-08-v2_' ignoré ; profil caractéristique d'un artefact d'anonymisation",DERIVE,ANOMALIE,ANOMALIE,0.9,BASSE,34,"Niveau 2 : R_EMAIL [Mapping.xlsx › Mapping, lignes 4-6] attend 'PNom2173396396@loto-quebec.com' (initiale 'P' + nom 'Nom2173396' + '396' + '@loto-quebec.com' (accents retirés)) ; la destination contient 'dev-08-v2_PNom10437437@loto-quebec.com' (structure conforme à la règle (initiale + nom + 3 derniers chiffres du code), mais l'identifiant 'nom10437' ne correspond pas au Matricule/personID (attendu 'nom2173396') ; préfixe 'dev-08-v2_' ignoré ; profil caractéristique d'un artefact d'anonymisation). Aucune règle documentée n'explique l'écart.","22/22 dossiers affectés (100%). Le préfixe d'environnement est autorisé, mais l'identifiant utilisé après normalisation ne correspond pas au Matricule/personID. Cause connue dans le jeu fourni : artefact d'anonymisation. [Clarification officielle 2026-10-04 : « code » = Matricule/personID ; le préfixe destination (ex. dev-08-v2_) est autorisé et ignoré ; l'identifiant anonymisé différent dans l'adresse est une erreur d'anonymisation, pertinente à détecter comme anomalie.]",Une seule décision / investigation : corriger la génération des courriels (ou l'anonymisation de l'extraction) pour tous les dossiers.,,Corriger contactEmail dans le système B : 'dev-08-v2_PNom10437437@loto-quebec.com' → 'PNom2173396396@loto-quebec.com' (valeur dérivée de la source). Validation humaine requise.,P-SYS-contactEmail,True,,,"{""PrénomUsuel"": ""Pre2173396"", ""NomFamille"": ""Nom2173396"", ""Matricule"": ""2173396""}",,"Employe_Source_Anonymise_VF.xlsx ligne 15 ; Employe_Destination_Anonymise_VF.xlsx ligne 14 ; Mapping.xlsx › Mapping, lignes 4-6","Mapping.xlsx › Mapping, lignes 4-6",base ANOMALIE=0.90 ; ×appariement 1.00 = 0.90,verdict 45 + impact champ 5 + confiance +9 + traité au niveau du groupe systémique −25 = 34,,,,,ANOMALIE
C-2648214-S20-D19-contactEmail,2648214,Pre2648214 Nom2648214,COMPARAISON_CHAMP,contactEmail,P · poste 73721 · emploi 6972 · début 2001-02-05,20,19,APPARIE,1.0,Adresse courriel travail,,dev-08-v2_PNom10470470@loto-quebec.com,,dev-08-v2_pnom10470470@loto-quebec.com,PNom2648214214@loto-quebec.com,,NON_COMPARABLE,R_EMAIL,"Courriel : initiale prénom + nom + 3 derniers chiffres du matricule + @domaine, sans accents",REGLE_DETERMINISTE,MISMATCH,"structure conforme à la règle (initiale + nom + 3 derniers chiffres du code), mais l'identifiant 'nom10470' ne correspond pas au Matricule/personID (attendu 'nom2648214') ; préfixe 'dev-08-v2_' ignoré ; profil caractéristique d'un artefact d'anonymisation",DERIVE,ANOMALIE,ANOMALIE,0.9,BASSE,34,"Niveau 2 : R_EMAIL [Mapping.xlsx › Mapping, lignes 4-6] attend 'PNom2648214214@loto-quebec.com' (initiale 'P' + nom 'Nom2648214' + '214' + '@loto-quebec.com' (accents retirés)) ; la destination contient 'dev-08-v2_PNom10470470@loto-quebec.com' (structure conforme à la règle (initiale + nom + 3 derniers chiffres du code), mais l'identifiant 'nom10470' ne correspond pas au Matricule/personID (attendu 'nom2648214') ; préfixe 'dev-08-v2_' ignoré ; profil caractéristique d'un artefact d'anonymisation). Aucune règle documentée n'explique l'écart.","22/22 dossiers affectés (100%). Le préfixe d'environnement est autorisé, mais l'identifiant utilisé après normalisation ne correspond pas au Matricule/personID. Cause connue dans le jeu fourni : artefact d'anonymisation. [Clarification officielle 2026-10-04 : « code » = Matricule/personID ; le préfixe destination (ex. dev-08-v2_) est autorisé et ignoré ; l'identifiant anonymisé différent dans l'adresse est une erreur d'anonymisation, pertinente à détecter comme anomalie.]",Une seule décision / investigation : corriger la génération des courriels (ou l'anonymisation de l'extraction) pour tous les dossiers.,,Corriger contactEmail dans le système B : 'dev-08-v2_PNom10470470@loto-quebec.com' → 'PNom2648214214@loto-quebec.com' (valeur dérivée de la source). Validation humaine requise.,P-SYS-contactEmail,True,,,"{""PrénomUsuel"": ""Pre2648214"", ""NomFamille"": ""Nom2648214"", ""Matricule"": ""2648214""}",,"Employe_Source_Anonymise_VF.xlsx ligne 20 ; Employe_Destination_Anonymise_VF.xlsx ligne 19 ; Mapping.xlsx › Mapping, lignes 4-6","Mapping.xlsx › Mapping, lignes 4-6",base ANOMALIE=0.90 ; ×appariement 1.00 = 0.90,verdict 45 + impact champ 5 + confiance +9 + traité au niveau du groupe systémique −25 = 34,,,,,ANOMALIE
C-2747515-S10-D9-contactEmail,2747515,Pre2747515 Nom2747515,COMPARAISON_CHAMP,contactEmail,P · poste 63970 · emploi 6203 · début 2009-03-30,10,9,APPARIE,1.0,Adresse courriel travail,,dev-08-v2_PNom10402402@loto-quebec.com,,dev-08-v2_pnom10402402@loto-quebec.com,PNom2747515515@loto-quebec.com,,NON_COMPARABLE,R_EMAIL,"Courriel : initiale prénom + nom + 3 derniers chiffres du matricule + @domaine, sans accents",REGLE_DETERMINISTE,MISMATCH,"structure conforme à la règle (initiale + nom + 3 derniers chiffres du code), mais l'identifiant 'nom10402' ne correspond pas au Matricule/personID (attendu 'nom2747515') ; préfixe 'dev-08-v2_' ignoré ; profil caractéristique d'un artefact d'anonymisation",DERIVE,ANOMALIE,ANOMALIE,0.9,BASSE,34,"Niveau 2 : R_EMAIL [Mapping.xlsx › Mapping, lignes 4-6] attend 'PNom2747515515@loto-quebec.com' (initiale 'P' + nom 'Nom2747515' + '515' + '@loto-quebec.com' (accents retirés)) ; la destination contient 'dev-08-v2_PNom10402402@loto-quebec.com' (structure conforme à la règle (initiale + nom + 3 derniers chiffres du code), mais l'identifiant 'nom10402' ne correspond pas au Matricule/personID (attendu 'nom2747515') ; préfixe 'dev-08-v2_' ignoré ; profil caractéristique d'un artefact d'anonymisation). Aucune règle documentée n'explique l'écart.","22/22 dossiers affectés (100%). Le préfixe d'environnement est autorisé, mais l'identifiant utilisé après normalisation ne correspond pas au Matricule/personID. Cause connue dans le jeu fourni : artefact d'anonymisation. [Clarification officielle 2026-10-04 : « code » = Matricule/personID ; le préfixe destination (ex. dev-08-v2_) est autorisé et ignoré ; l'identifiant anonymisé différent dans l'adresse est une erreur d'anonymisation, pertinente à détecter comme anomalie.]",Une seule décision / investigation : corriger la génération des courriels (ou l'anonymisation de l'extraction) pour tous les dossiers.,,Corriger contactEmail dans le système B : 'dev-08-v2_PNom10402402@loto-quebec.com' → 'PNom2747515515@loto-quebec.com' (valeur dérivée de la source). Validation humaine requise.,P-SYS-contactEmail,True,,,"{""PrénomUsuel"": ""Pre2747515"", ""NomFamille"": ""Nom2747515"", ""Matricule"": ""2747515""}",,"Employe_Source_Anonymise_VF.xlsx ligne 10 ; Employe_Destination_Anonymise_VF.xlsx ligne 9 ; Mapping.xlsx › Mapping, lignes 4-6","Mapping.xlsx › Mapping, lignes 4-6",base ANOMALIE=0.90 ; ×appariement 1.00 = 0.90,verdict 45 + impact champ 5 + confiance +9 + traité au niveau du groupe systémique −25 = 34,,,,,ANOMALIE
C-2762457-S8-D7-contactEmail,2762457,Pre2762457 Nom2762457,COMPARAISON_CHAMP,contactEmail,P · poste 30106 · emploi 6203 · début 2009-03-30,8,7,APPARIE,1.0,Adresse courriel travail,,dev-08-v2_PNom10398398@loto-quebec.com,,dev-08-v2_pnom10398398@loto-quebec.com,PNom2762457457@loto-quebec.com,,NON_COMPARABLE,R_EMAIL,"Courriel : initiale prénom + nom + 3 derniers chiffres du matricule + @domaine, sans accents",REGLE_DETERMINISTE,MISMATCH,"structure conforme à la règle (initiale + nom + 3 derniers chiffres du code), mais l'identifiant 'nom10398' ne correspond pas au Matricule/personID (attendu 'nom2762457') ; préfixe 'dev-08-v2_' ignoré ; profil caractéristique d'un artefact d'anonymisation",DERIVE,ANOMALIE,ANOMALIE,0.9,BASSE,34,"Niveau 2 : R_EMAIL [Mapping.xlsx › Mapping, lignes 4-6] attend 'PNom2762457457@loto-quebec.com' (initiale 'P' + nom 'Nom2762457' + '457' + '@loto-quebec.com' (accents retirés)) ; la destination contient 'dev-08-v2_PNom10398398@loto-quebec.com' (structure conforme à la règle (initiale + nom + 3 derniers chiffres du code), mais l'identifiant 'nom10398' ne correspond pas au Matricule/personID (attendu 'nom2762457') ; préfixe 'dev-08-v2_' ignoré ; profil caractéristique d'un artefact d'anonymisation). Aucune règle documentée n'explique l'écart.","22/22 dossiers affectés (100%). Le préfixe d'environnement est autorisé, mais l'identifiant utilisé après normalisation ne correspond pas au Matricule/personID. Cause connue dans le jeu fourni : artefact d'anonymisation. [Clarification officielle 2026-10-04 : « code » = Matricule/personID ; le préfixe destination (ex. dev-08-v2_) est autorisé et ignoré ; l'identifiant anonymisé différent dans l'adresse est une erreur d'anonymisation, pertinente à détecter comme anomalie.]",Une seule décision / investigation : corriger la génération des courriels (ou l'anonymisation de l'extraction) pour tous les dossiers.,,Corriger contactEmail dans le système B : 'dev-08-v2_PNom10398398@loto-quebec.com' → 'PNom2762457457@loto-quebec.com' (valeur dérivée de la source). Validation humaine requise.,P-SYS-contactEmail,True,,,"{""PrénomUsuel"": ""Pre2762457"", ""NomFamille"": ""Nom2762457"", ""Matricule"": ""2762457""}",,"Employe_Source_Anonymise_VF.xlsx ligne 8 ; Employe_Destination_Anonymise_VF.xlsx ligne 7 ; Mapping.xlsx › Mapping, lignes 4-6","Mapping.xlsx › Mapping, lignes 4-6",base ANOMALIE=0.90 ; ×appariement 1.00 = 0.90,verdict 45 + impact champ 5 + confiance +9 + traité au niveau du groupe systémique −25 = 34,,,,,ANOMALIE
C-2911996-S16-D15-contactEmail,2911996,Pre2911996 Nom2911996,COMPARAISON_CHAMP,contactEmail,P · poste 12548 · emploi 6051 · début 2000-04-01,16,15,APPARIE,1.0,Adresse courriel travail,,dev-08-v2_PNom10446446@loto-quebec.com,,dev-08-v2_pnom10446446@loto-quebec.com,PNom2911996996@loto-quebec.com,,NON_COMPARABLE,R_EMAIL,"Courriel : initiale prénom + nom + 3 derniers chiffres du matricule + @domaine, sans accents",REGLE_DETERMINISTE,MISMATCH,"structure conforme à la règle (initiale + nom + 3 derniers chiffres du code), mais l'identifiant 'nom10446' ne correspond pas au Matricule/personID (attendu 'nom2911996') ; préfixe 'dev-08-v2_' ignoré ; profil caractéristique d'un artefact d'anonymisation",DERIVE,ANOMALIE,ANOMALIE,0.9,BASSE,34,"Niveau 2 : R_EMAIL [Mapping.xlsx › Mapping, lignes 4-6] attend 'PNom2911996996@loto-quebec.com' (initiale 'P' + nom 'Nom2911996' + '996' + '@loto-quebec.com' (accents retirés)) ; la destination contient 'dev-08-v2_PNom10446446@loto-quebec.com' (structure conforme à la règle (initiale + nom + 3 derniers chiffres du code), mais l'identifiant 'nom10446' ne correspond pas au Matricule/personID (attendu 'nom2911996') ; préfixe 'dev-08-v2_' ignoré ; profil caractéristique d'un artefact d'anonymisation). Aucune règle documentée n'explique l'écart.","22/22 dossiers affectés (100%). Le préfixe d'environnement est autorisé, mais l'identifiant utilisé après normalisation ne correspond pas au Matricule/personID. Cause connue dans le jeu fourni : artefact d'anonymisation. [Clarification officielle 2026-10-04 : « code » = Matricule/personID ; le préfixe destination (ex. dev-08-v2_) est autorisé et ignoré ; l'identifiant anonymisé différent dans l'adresse est une erreur d'anonymisation, pertinente à détecter comme anomalie.]",Une seule décision / investigation : corriger la génération des courriels (ou l'anonymisation de l'extraction) pour tous les dossiers.,,Corriger contactEmail dans le système B : 'dev-08-v2_PNom10446446@loto-quebec.com' → 'PNom2911996996@loto-quebec.com' (valeur dérivée de la source). Validation humaine requise.,P-SYS-contactEmail,True,,,"{""PrénomUsuel"": ""Pre2911996"", ""NomFamille"": ""Nom2911996"", ""Matricule"": ""2911996""}",,"Employe_Source_Anonymise_VF.xlsx ligne 16 ; Employe_Destination_Anonymise_VF.xlsx ligne 15 ; Mapping.xlsx › Mapping, lignes 4-6","Mapping.xlsx › Mapping, lignes 4-6",base ANOMALIE=0.90 ; ×appariement 1.00 = 0.90,verdict 45 + impact champ 5 + confiance +9 + traité au niveau du groupe systémique −25 = 34,,,,,ANOMALIE
C-3241002-S14-D13-contactEmail,3241002,Pre3241002 Nom3241002,COMPARAISON_CHAMP,contactEmail,P · poste 88622 · emploi 6203 · début 2009-03-30,14,13,APPARIE,1.0,Adresse courriel travail,,dev-08-v2_PNom10434434@loto-quebec.com,,dev-08-v2_pnom10434434@loto-quebec.com,PNom3241002002@loto-quebec.com,,NON_COMPARABLE,R_EMAIL,"Courriel : initiale prénom + nom + 3 derniers chiffres du matricule + @domaine, sans accents",REGLE_DETERMINISTE,MISMATCH,"structure conforme à la règle (initiale + nom + 3 derniers chiffres du code), mais l'identifiant 'nom10434' ne correspond pas au Matricule/personID (attendu 'nom3241002') ; préfixe 'dev-08-v2_' ignoré ; profil caractéristique d'un artefact d'anonymisation",DERIVE,ANOMALIE,ANOMALIE,0.9,BASSE,34,"Niveau 2 : R_EMAIL [Mapping.xlsx › Mapping, lignes 4-6] attend 'PNom3241002002@loto-quebec.com' (initiale 'P' + nom 'Nom3241002' + '002' + '@loto-quebec.com' (accents retirés)) ; la destination contient 'dev-08-v2_PNom10434434@loto-quebec.com' (structure conforme à la règle (initiale + nom + 3 derniers chiffres du code), mais l'identifiant 'nom10434' ne correspond pas au Matricule/personID (attendu 'nom3241002') ; préfixe 'dev-08-v2_' ignoré ; profil caractéristique d'un artefact d'anonymisation). Aucune règle documentée n'explique l'écart.","22/22 dossiers affectés (100%). Le préfixe d'environnement est autorisé, mais l'identifiant utilisé après normalisation ne correspond pas au Matricule/personID. Cause connue dans le jeu fourni : artefact d'anonymisation. [Clarification officielle 2026-10-04 : « code » = Matricule/personID ; le préfixe destination (ex. dev-08-v2_) est autorisé et ignoré ; l'identifiant anonymisé différent dans l'adresse est une erreur d'anonymisation, pertinente à détecter comme anomalie.]",Une seule décision / investigation : corriger la génération des courriels (ou l'anonymisation de l'extraction) pour tous les dossiers.,,Corriger contactEmail dans le système B : 'dev-08-v2_PNom10434434@loto-quebec.com' → 'PNom3241002002@loto-quebec.com' (valeur dérivée de la source). Validation humaine requise.,P-SYS-contactEmail,True,,,"{""PrénomUsuel"": ""Pre3241002"", ""NomFamille"": ""Nom3241002"", ""Matricule"": ""3241002""}",,"Employe_Source_Anonymise_VF.xlsx ligne 14 ; Employe_Destination_Anonymise_VF.xlsx ligne 13 ; Mapping.xlsx › Mapping, lignes 4-6","Mapping.xlsx › Mapping, lignes 4-6",base ANOMALIE=0.90 ; ×appariement 1.00 = 0.90,verdict 45 + impact champ 5 + confiance +9 + traité au niveau du groupe systémique −25 = 34,,,,,ANOMALIE
C-3712987-S18-D17-contactEmail,3712987,Pre3712987 Nom3712987,COMPARAISON_CHAMP,contactEmail,P · poste 86337 · emploi 6031 · début 2016-05-09,18,17,APPARIE,1.0,Adresse courriel travail,,dev-08-v2_PNom10465465@loto-quebec.com,,dev-08-v2_pnom10465465@loto-quebec.com,PNom3712987987@loto-quebec.com,,NON_COMPARABLE,R_EMAIL,"Courriel : initiale prénom + nom + 3 derniers chiffres du matricule + @domaine, sans accents",REGLE_DETERMINISTE,MISMATCH,"structure conforme à la règle (initiale + nom + 3 derniers chiffres du code), mais l'identifiant 'nom10465' ne correspond pas au Matricule/personID (attendu 'nom3712987') ; préfixe 'dev-08-v2_' ignoré ; profil caractéristique d'un artefact d'anonymisation",DERIVE,ANOMALIE,ANOMALIE,0.9,BASSE,34,"Niveau 2 : R_EMAIL [Mapping.xlsx › Mapping, lignes 4-6] attend 'PNom3712987987@loto-quebec.com' (initiale 'P' + nom 'Nom3712987' + '987' + '@loto-quebec.com' (accents retirés)) ; la destination contient 'dev-08-v2_PNom10465465@loto-quebec.com' (structure conforme à la règle (initiale + nom + 3 derniers chiffres du code), mais l'identifiant 'nom10465' ne correspond pas au Matricule/personID (attendu 'nom3712987') ; préfixe 'dev-08-v2_' ignoré ; profil caractéristique d'un artefact d'anonymisation). Aucune règle documentée n'explique l'écart.","22/22 dossiers affectés (100%). Le préfixe d'environnement est autorisé, mais l'identifiant utilisé après normalisation ne correspond pas au Matricule/personID. Cause connue dans le jeu fourni : artefact d'anonymisation. [Clarification officielle 2026-10-04 : « code » = Matricule/personID ; le préfixe destination (ex. dev-08-v2_) est autorisé et ignoré ; l'identifiant anonymisé différent dans l'adresse est une erreur d'anonymisation, pertinente à détecter comme anomalie.]",Une seule décision / investigation : corriger la génération des courriels (ou l'anonymisation de l'extraction) pour tous les dossiers.,,Corriger contactEmail dans le système B : 'dev-08-v2_PNom10465465@loto-quebec.com' → 'PNom3712987987@loto-quebec.com' (valeur dérivée de la source). Validation humaine requise.,P-SYS-contactEmail,True,,,"{""PrénomUsuel"": ""Pre3712987"", ""NomFamille"": ""Nom3712987"", ""Matricule"": ""3712987""}",,"Employe_Source_Anonymise_VF.xlsx ligne 18 ; Employe_Destination_Anonymise_VF.xlsx ligne 17 ; Mapping.xlsx › Mapping, lignes 4-6","Mapping.xlsx › Mapping, lignes 4-6",base ANOMALIE=0.90 ; ×appariement 1.00 = 0.90,verdict 45 + impact champ 5 + confiance +9 + traité au niveau du groupe systémique −25 = 34,,,,,ANOMALIE
C-4402456-S17-D16-contactEmail,4402456,Pre4402456 Nom4402456,COMPARAISON_CHAMP,contactEmail,P · poste 26586 · emploi 6031 · début 2001-02-05,17,16,APPARIE,1.0,Adresse courriel travail,,dev-08-v2_PNom10460460@loto-quebec.com,,dev-08-v2_pnom10460460@loto-quebec.com,PNom4402456456@loto-quebec.com,,NON_COMPARABLE,R_EMAIL,"Courriel : initiale prénom + nom + 3 derniers chiffres du matricule + @domaine, sans accents",REGLE_DETERMINISTE,MISMATCH,"structure conforme à la règle (initiale + nom + 3 derniers chiffres du code), mais l'identifiant 'nom10460' ne correspond pas au Matricule/personID (attendu 'nom4402456') ; préfixe 'dev-08-v2_' ignoré ; profil caractéristique d'un artefact d'anonymisation",DERIVE,ANOMALIE,ANOMALIE,0.9,BASSE,34,"Niveau 2 : R_EMAIL [Mapping.xlsx › Mapping, lignes 4-6] attend 'PNom4402456456@loto-quebec.com' (initiale 'P' + nom 'Nom4402456' + '456' + '@loto-quebec.com' (accents retirés)) ; la destination contient 'dev-08-v2_PNom10460460@loto-quebec.com' (structure conforme à la règle (initiale + nom + 3 derniers chiffres du code), mais l'identifiant 'nom10460' ne correspond pas au Matricule/personID (attendu 'nom4402456') ; préfixe 'dev-08-v2_' ignoré ; profil caractéristique d'un artefact d'anonymisation). Aucune règle documentée n'explique l'écart.","22/22 dossiers affectés (100%). Le préfixe d'environnement est autorisé, mais l'identifiant utilisé après normalisation ne correspond pas au Matricule/personID. Cause connue dans le jeu fourni : artefact d'anonymisation. [Clarification officielle 2026-10-04 : « code » = Matricule/personID ; le préfixe destination (ex. dev-08-v2_) est autorisé et ignoré ; l'identifiant anonymisé différent dans l'adresse est une erreur d'anonymisation, pertinente à détecter comme anomalie.]",Une seule décision / investigation : corriger la génération des courriels (ou l'anonymisation de l'extraction) pour tous les dossiers.,,Corriger contactEmail dans le système B : 'dev-08-v2_PNom10460460@loto-quebec.com' → 'PNom4402456456@loto-quebec.com' (valeur dérivée de la source). Validation humaine requise.,P-SYS-contactEmail,True,,,"{""PrénomUsuel"": ""Pre4402456"", ""NomFamille"": ""Nom4402456"", ""Matricule"": ""4402456""}",,"Employe_Source_Anonymise_VF.xlsx ligne 17 ; Employe_Destination_Anonymise_VF.xlsx ligne 16 ; Mapping.xlsx › Mapping, lignes 4-6","Mapping.xlsx › Mapping, lignes 4-6",base ANOMALIE=0.90 ; ×appariement 1.00 = 0.90,verdict 45 + impact champ 5 + confiance +9 + traité au niveau du groupe systémique −25 = 34,,,,,ANOMALIE
C-4625374-S9-D8-contactEmail,4625374,Pre4625374 Nom4625374,COMPARAISON_CHAMP,contactEmail,P · poste 43478 · emploi 6203 · début 2025-03-24,9,8,APPARIE,1.0,Adresse courriel travail,,dev-08-v2_PNom10401401@loto-quebec.com,,dev-08-v2_pnom10401401@loto-quebec.com,PNom4625374374@loto-quebec.com,,NON_COMPARABLE,R_EMAIL,"Courriel : initiale prénom + nom + 3 derniers chiffres du matricule + @domaine, sans accents",REGLE_DETERMINISTE,MISMATCH,"structure conforme à la règle (initiale + nom + 3 derniers chiffres du code), mais l'identifiant 'nom10401' ne correspond pas au Matricule/personID (attendu 'nom4625374') ; préfixe 'dev-08-v2_' ignoré ; profil caractéristique d'un artefact d'anonymisation",DERIVE,ANOMALIE,ANOMALIE,0.9,BASSE,34,"Niveau 2 : R_EMAIL [Mapping.xlsx › Mapping, lignes 4-6] attend 'PNom4625374374@loto-quebec.com' (initiale 'P' + nom 'Nom4625374' + '374' + '@loto-quebec.com' (accents retirés)) ; la destination contient 'dev-08-v2_PNom10401401@loto-quebec.com' (structure conforme à la règle (initiale + nom + 3 derniers chiffres du code), mais l'identifiant 'nom10401' ne correspond pas au Matricule/personID (attendu 'nom4625374') ; préfixe 'dev-08-v2_' ignoré ; profil caractéristique d'un artefact d'anonymisation). Aucune règle documentée n'explique l'écart.","22/22 dossiers affectés (100%). Le préfixe d'environnement est autorisé, mais l'identifiant utilisé après normalisation ne correspond pas au Matricule/personID. Cause connue dans le jeu fourni : artefact d'anonymisation. [Clarification officielle 2026-10-04 : « code » = Matricule/personID ; le préfixe destination (ex. dev-08-v2_) est autorisé et ignoré ; l'identifiant anonymisé différent dans l'adresse est une erreur d'anonymisation, pertinente à détecter comme anomalie.]",Une seule décision / investigation : corriger la génération des courriels (ou l'anonymisation de l'extraction) pour tous les dossiers.,,Corriger contactEmail dans le système B : 'dev-08-v2_PNom10401401@loto-quebec.com' → 'PNom4625374374@loto-quebec.com' (valeur dérivée de la source). Validation humaine requise.,P-SYS-contactEmail,True,,,"{""PrénomUsuel"": ""Pre4625374"", ""NomFamille"": ""Nom4625374"", ""Matricule"": ""4625374""}",,"Employe_Source_Anonymise_VF.xlsx ligne 9 ; Employe_Destination_Anonymise_VF.xlsx ligne 8 ; Mapping.xlsx › Mapping, lignes 4-6","Mapping.xlsx › Mapping, lignes 4-6",base ANOMALIE=0.90 ; ×appariement 1.00 = 0.90,verdict 45 + impact champ 5 + confiance +9 + traité au niveau du groupe systémique −25 = 34,,,,,ANOMALIE
C-4880692-S11-D10-contactEmail,4880692,Pre4880692 Nom4880692,COMPARAISON_CHAMP,contactEmail,P · poste 35161 · emploi 6203 · début 2009-03-30,11,10,APPARIE,1.0,Adresse courriel travail,,dev-08-v2_PNom10404404@loto-quebec.com,,dev-08-v2_pnom10404404@loto-quebec.com,PNom4880692692@loto-quebec.com,,NON_COMPARABLE,R_EMAIL,"Courriel : initiale prénom + nom + 3 derniers chiffres du matricule + @domaine, sans accents",REGLE_DETERMINISTE,MISMATCH,"structure conforme à la règle (initiale + nom + 3 derniers chiffres du code), mais l'identifiant 'nom10404' ne correspond pas au Matricule/personID (attendu 'nom4880692') ; préfixe 'dev-08-v2_' ignoré ; profil caractéristique d'un artefact d'anonymisation",DERIVE,ANOMALIE,ANOMALIE,0.9,BASSE,34,"Niveau 2 : R_EMAIL [Mapping.xlsx › Mapping, lignes 4-6] attend 'PNom4880692692@loto-quebec.com' (initiale 'P' + nom 'Nom4880692' + '692' + '@loto-quebec.com' (accents retirés)) ; la destination contient 'dev-08-v2_PNom10404404@loto-quebec.com' (structure conforme à la règle (initiale + nom + 3 derniers chiffres du code), mais l'identifiant 'nom10404' ne correspond pas au Matricule/personID (attendu 'nom4880692') ; préfixe 'dev-08-v2_' ignoré ; profil caractéristique d'un artefact d'anonymisation). Aucune règle documentée n'explique l'écart.","22/22 dossiers affectés (100%). Le préfixe d'environnement est autorisé, mais l'identifiant utilisé après normalisation ne correspond pas au Matricule/personID. Cause connue dans le jeu fourni : artefact d'anonymisation. [Clarification officielle 2026-10-04 : « code » = Matricule/personID ; le préfixe destination (ex. dev-08-v2_) est autorisé et ignoré ; l'identifiant anonymisé différent dans l'adresse est une erreur d'anonymisation, pertinente à détecter comme anomalie.]",Une seule décision / investigation : corriger la génération des courriels (ou l'anonymisation de l'extraction) pour tous les dossiers.,,Corriger contactEmail dans le système B : 'dev-08-v2_PNom10404404@loto-quebec.com' → 'PNom4880692692@loto-quebec.com' (valeur dérivée de la source). Validation humaine requise.,P-SYS-contactEmail,True,,,"{""PrénomUsuel"": ""Pre4880692"", ""NomFamille"": ""Nom4880692"", ""Matricule"": ""4880692""}",,"Employe_Source_Anonymise_VF.xlsx ligne 11 ; Employe_Destination_Anonymise_VF.xlsx ligne 10 ; Mapping.xlsx › Mapping, lignes 4-6","Mapping.xlsx › Mapping, lignes 4-6",base ANOMALIE=0.90 ; ×appariement 1.00 = 0.90,verdict 45 + impact champ 5 + confiance +9 + traité au niveau du groupe systémique −25 = 34,,,,,ANOMALIE
C-6035643-S13-D12-contactEmail,6035643,Pre6035643 Nom6035643,COMPARAISON_CHAMP,contactEmail,P · poste 47056 · emploi 6622 · début 2023-02-13,13,12,APPARIE,1.0,Adresse courriel travail,,dev-08-v2_PNom10430430@loto-quebec.com,,dev-08-v2_pnom10430430@loto-quebec.com,PNom6035643643@loto-quebec.com,,NON_COMPARABLE,R_EMAIL,"Courriel : initiale prénom + nom + 3 derniers chiffres du matricule + @domaine, sans accents",REGLE_DETERMINISTE,MISMATCH,"structure conforme à la règle (initiale + nom + 3 derniers chiffres du code), mais l'identifiant 'nom10430' ne correspond pas au Matricule/personID (attendu 'nom6035643') ; préfixe 'dev-08-v2_' ignoré ; profil caractéristique d'un artefact d'anonymisation",DERIVE,ANOMALIE,ANOMALIE,0.9,BASSE,34,"Niveau 2 : R_EMAIL [Mapping.xlsx › Mapping, lignes 4-6] attend 'PNom6035643643@loto-quebec.com' (initiale 'P' + nom 'Nom6035643' + '643' + '@loto-quebec.com' (accents retirés)) ; la destination contient 'dev-08-v2_PNom10430430@loto-quebec.com' (structure conforme à la règle (initiale + nom + 3 derniers chiffres du code), mais l'identifiant 'nom10430' ne correspond pas au Matricule/personID (attendu 'nom6035643') ; préfixe 'dev-08-v2_' ignoré ; profil caractéristique d'un artefact d'anonymisation). Aucune règle documentée n'explique l'écart.","22/22 dossiers affectés (100%). Le préfixe d'environnement est autorisé, mais l'identifiant utilisé après normalisation ne correspond pas au Matricule/personID. Cause connue dans le jeu fourni : artefact d'anonymisation. [Clarification officielle 2026-10-04 : « code » = Matricule/personID ; le préfixe destination (ex. dev-08-v2_) est autorisé et ignoré ; l'identifiant anonymisé différent dans l'adresse est une erreur d'anonymisation, pertinente à détecter comme anomalie.]",Une seule décision / investigation : corriger la génération des courriels (ou l'anonymisation de l'extraction) pour tous les dossiers.,,Corriger contactEmail dans le système B : 'dev-08-v2_PNom10430430@loto-quebec.com' → 'PNom6035643643@loto-quebec.com' (valeur dérivée de la source). Validation humaine requise.,P-SYS-contactEmail,True,,,"{""PrénomUsuel"": ""Pre6035643"", ""NomFamille"": ""Nom6035643"", ""Matricule"": ""6035643""}",,"Employe_Source_Anonymise_VF.xlsx ligne 13 ; Employe_Destination_Anonymise_VF.xlsx ligne 12 ; Mapping.xlsx › Mapping, lignes 4-6","Mapping.xlsx › Mapping, lignes 4-6",base ANOMALIE=0.90 ; ×appariement 1.00 = 0.90,verdict 45 + impact champ 5 + confiance +9 + traité au niveau du groupe systémique −25 = 34,,,,,ANOMALIE
C-6783031-S7-D6-contactEmail,6783031,Pre6783031 Nom6783031,COMPARAISON_CHAMP,contactEmail,P · poste 23999 · emploi 6203 · début 2009-03-30,7,6,APPARIE,1.0,Adresse courriel travail,,dev-08-v2_PNom10389389@loto-quebec.com,,dev-08-v2_pnom10389389@loto-quebec.com,PNom6783031031@loto-quebec.com,,NON_COMPARABLE,R_EMAIL,"Courriel : initiale prénom + nom + 3 derniers chiffres du matricule + @domaine, sans accents",REGLE_DETERMINISTE,MISMATCH,"structure conforme à la règle (initiale + nom + 3 derniers chiffres du code), mais l'identifiant 'nom10389' ne correspond pas au Matricule/personID (attendu 'nom6783031') ; préfixe 'dev-08-v2_' ignoré ; profil caractéristique d'un artefact d'anonymisation",DERIVE,ANOMALIE,ANOMALIE,0.9,BASSE,34,"Niveau 2 : R_EMAIL [Mapping.xlsx › Mapping, lignes 4-6] attend 'PNom6783031031@loto-quebec.com' (initiale 'P' + nom 'Nom6783031' + '031' + '@loto-quebec.com' (accents retirés)) ; la destination contient 'dev-08-v2_PNom10389389@loto-quebec.com' (structure conforme à la règle (initiale + nom + 3 derniers chiffres du code), mais l'identifiant 'nom10389' ne correspond pas au Matricule/personID (attendu 'nom6783031') ; préfixe 'dev-08-v2_' ignoré ; profil caractéristique d'un artefact d'anonymisation). Aucune règle documentée n'explique l'écart.","22/22 dossiers affectés (100%). Le préfixe d'environnement est autorisé, mais l'identifiant utilisé après normalisation ne correspond pas au Matricule/personID. Cause connue dans le jeu fourni : artefact d'anonymisation. [Clarification officielle 2026-10-04 : « code » = Matricule/personID ; le préfixe destination (ex. dev-08-v2_) est autorisé et ignoré ; l'identifiant anonymisé différent dans l'adresse est une erreur d'anonymisation, pertinente à détecter comme anomalie.]",Une seule décision / investigation : corriger la génération des courriels (ou l'anonymisation de l'extraction) pour tous les dossiers.,,Corriger contactEmail dans le système B : 'dev-08-v2_PNom10389389@loto-quebec.com' → 'PNom6783031031@loto-quebec.com' (valeur dérivée de la source). Validation humaine requise.,P-SYS-contactEmail,True,,,"{""PrénomUsuel"": ""Pre6783031"", ""NomFamille"": ""Nom6783031"", ""Matricule"": ""6783031""}",,"Employe_Source_Anonymise_VF.xlsx ligne 7 ; Employe_Destination_Anonymise_VF.xlsx ligne 6 ; Mapping.xlsx › Mapping, lignes 4-6","Mapping.xlsx › Mapping, lignes 4-6",base ANOMALIE=0.90 ; ×appariement 1.00 = 0.90,verdict 45 + impact champ 5 + confiance +9 + traité au niveau du groupe systémique −25 = 34,,,,,ANOMALIE
C-7070325-S12-D11-contactEmail,7070325,Pre7070325 Nom7070325,COMPARAISON_CHAMP,contactEmail,P · poste 81864 · emploi 6622 · début 2009-07-06,12,11,APPARIE,1.0,Adresse courriel travail,,dev-08-v2_PNom10428428@loto-quebec.com,,dev-08-v2_pnom10428428@loto-quebec.com,PNom7070325325@loto-quebec.com,,NON_COMPARABLE,R_EMAIL,"Courriel : initiale prénom + nom + 3 derniers chiffres du matricule + @domaine, sans accents",REGLE_DETERMINISTE,MISMATCH,"structure conforme à la règle (initiale + nom + 3 derniers chiffres du code), mais l'identifiant 'nom10428' ne correspond pas au Matricule/personID (attendu 'nom7070325') ; préfixe 'dev-08-v2_' ignoré ; profil caractéristique d'un artefact d'anonymisation",DERIVE,ANOMALIE,ANOMALIE,0.9,BASSE,34,"Niveau 2 : R_EMAIL [Mapping.xlsx › Mapping, lignes 4-6] attend 'PNom7070325325@loto-quebec.com' (initiale 'P' + nom 'Nom7070325' + '325' + '@loto-quebec.com' (accents retirés)) ; la destination contient 'dev-08-v2_PNom10428428@loto-quebec.com' (structure conforme à la règle (initiale + nom + 3 derniers chiffres du code), mais l'identifiant 'nom10428' ne correspond pas au Matricule/personID (attendu 'nom7070325') ; préfixe 'dev-08-v2_' ignoré ; profil caractéristique d'un artefact d'anonymisation). Aucune règle documentée n'explique l'écart.","22/22 dossiers affectés (100%). Le préfixe d'environnement est autorisé, mais l'identifiant utilisé après normalisation ne correspond pas au Matricule/personID. Cause connue dans le jeu fourni : artefact d'anonymisation. [Clarification officielle 2026-10-04 : « code » = Matricule/personID ; le préfixe destination (ex. dev-08-v2_) est autorisé et ignoré ; l'identifiant anonymisé différent dans l'adresse est une erreur d'anonymisation, pertinente à détecter comme anomalie.]",Une seule décision / investigation : corriger la génération des courriels (ou l'anonymisation de l'extraction) pour tous les dossiers.,,Corriger contactEmail dans le système B : 'dev-08-v2_PNom10428428@loto-quebec.com' → 'PNom7070325325@loto-quebec.com' (valeur dérivée de la source). Validation humaine requise.,P-SYS-contactEmail,True,,,"{""PrénomUsuel"": ""Pre7070325"", ""NomFamille"": ""Nom7070325"", ""Matricule"": ""7070325""}",,"Employe_Source_Anonymise_VF.xlsx ligne 12 ; Employe_Destination_Anonymise_VF.xlsx ligne 11 ; Mapping.xlsx › Mapping, lignes 4-6","Mapping.xlsx › Mapping, lignes 4-6",base ANOMALIE=0.90 ; ×appariement 1.00 = 0.90,verdict 45 + impact champ 5 + confiance +9 + traité au niveau du groupe systémique −25 = 34,,,,,ANOMALIE
C-7254364-S19-D18-contactEmail,7254364,Pre7254364 Nom7254364,COMPARAISON_CHAMP,contactEmail,P · poste 14553 · emploi 6754 · début 2025-10-20,19,18,APPARIE,1.0,Adresse courriel travail,,dev-08-v2_PNom10466466@loto-quebec.com,,dev-08-v2_pnom10466466@loto-quebec.com,PNom7254364364@loto-quebec.com,,NON_COMPARABLE,R_EMAIL,"Courriel : initiale prénom + nom + 3 derniers chiffres du matricule + @domaine, sans accents",REGLE_DETERMINISTE,MISMATCH,"structure conforme à la règle (initiale + nom + 3 derniers chiffres du code), mais l'identifiant 'nom10466' ne correspond pas au Matricule/personID (attendu 'nom7254364') ; préfixe 'dev-08-v2_' ignoré ; profil caractéristique d'un artefact d'anonymisation",DERIVE,ANOMALIE,ANOMALIE,0.9,BASSE,34,"Niveau 2 : R_EMAIL [Mapping.xlsx › Mapping, lignes 4-6] attend 'PNom7254364364@loto-quebec.com' (initiale 'P' + nom 'Nom7254364' + '364' + '@loto-quebec.com' (accents retirés)) ; la destination contient 'dev-08-v2_PNom10466466@loto-quebec.com' (structure conforme à la règle (initiale + nom + 3 derniers chiffres du code), mais l'identifiant 'nom10466' ne correspond pas au Matricule/personID (attendu 'nom7254364') ; préfixe 'dev-08-v2_' ignoré ; profil caractéristique d'un artefact d'anonymisation). Aucune règle documentée n'explique l'écart.","22/22 dossiers affectés (100%). Le préfixe d'environnement est autorisé, mais l'identifiant utilisé après normalisation ne correspond pas au Matricule/personID. Cause connue dans le jeu fourni : artefact d'anonymisation. [Clarification officielle 2026-10-04 : « code » = Matricule/personID ; le préfixe destination (ex. dev-08-v2_) est autorisé et ignoré ; l'identifiant anonymisé différent dans l'adresse est une erreur d'anonymisation, pertinente à détecter comme anomalie.]",Une seule décision / investigation : corriger la génération des courriels (ou l'anonymisation de l'extraction) pour tous les dossiers.,,Corriger contactEmail dans le système B : 'dev-08-v2_PNom10466466@loto-quebec.com' → 'PNom7254364364@loto-quebec.com' (valeur dérivée de la source). Validation humaine requise.,P-SYS-contactEmail,True,,,"{""PrénomUsuel"": ""Pre7254364"", ""NomFamille"": ""Nom7254364"", ""Matricule"": ""7254364""}",,"Employe_Source_Anonymise_VF.xlsx ligne 19 ; Employe_Destination_Anonymise_VF.xlsx ligne 18 ; Mapping.xlsx › Mapping, lignes 4-6","Mapping.xlsx › Mapping, lignes 4-6",base ANOMALIE=0.90 ; ×appariement 1.00 = 0.90,verdict 45 + impact champ 5 + confiance +9 + traité au niveau du groupe systémique −25 = 34,,,,,ANOMALIE
C-7603160-S6-D5-contactEmail,7603160,Pre7603160 Nom7603160,COMPARAISON_CHAMP,contactEmail,P · poste 83560 · emploi 6203 · début 2009-03-30,6,5,APPARIE,1.0,Adresse courriel travail,,dev-08-v2_PNom10385385@loto-quebec.com,,dev-08-v2_pnom10385385@loto-quebec.com,PNom7603160160@loto-quebec.com,,NON_COMPARABLE,R_EMAIL,"Courriel : initiale prénom + nom + 3 derniers chiffres du matricule + @domaine, sans accents",REGLE_DETERMINISTE,MISMATCH,"structure conforme à la règle (initiale + nom + 3 derniers chiffres du code), mais l'identifiant 'nom10385' ne correspond pas au Matricule/personID (attendu 'nom7603160') ; préfixe 'dev-08-v2_' ignoré ; profil caractéristique d'un artefact d'anonymisation",DERIVE,ANOMALIE,ANOMALIE,0.9,BASSE,34,"Niveau 2 : R_EMAIL [Mapping.xlsx › Mapping, lignes 4-6] attend 'PNom7603160160@loto-quebec.com' (initiale 'P' + nom 'Nom7603160' + '160' + '@loto-quebec.com' (accents retirés)) ; la destination contient 'dev-08-v2_PNom10385385@loto-quebec.com' (structure conforme à la règle (initiale + nom + 3 derniers chiffres du code), mais l'identifiant 'nom10385' ne correspond pas au Matricule/personID (attendu 'nom7603160') ; préfixe 'dev-08-v2_' ignoré ; profil caractéristique d'un artefact d'anonymisation). Aucune règle documentée n'explique l'écart.","22/22 dossiers affectés (100%). Le préfixe d'environnement est autorisé, mais l'identifiant utilisé après normalisation ne correspond pas au Matricule/personID. Cause connue dans le jeu fourni : artefact d'anonymisation. [Clarification officielle 2026-10-04 : « code » = Matricule/personID ; le préfixe destination (ex. dev-08-v2_) est autorisé et ignoré ; l'identifiant anonymisé différent dans l'adresse est une erreur d'anonymisation, pertinente à détecter comme anomalie.]",Une seule décision / investigation : corriger la génération des courriels (ou l'anonymisation de l'extraction) pour tous les dossiers.,,Corriger contactEmail dans le système B : 'dev-08-v2_PNom10385385@loto-quebec.com' → 'PNom7603160160@loto-quebec.com' (valeur dérivée de la source). Validation humaine requise.,P-SYS-contactEmail,True,,,"{""PrénomUsuel"": ""Pre7603160"", ""NomFamille"": ""Nom7603160"", ""Matricule"": ""7603160""}",,"Employe_Source_Anonymise_VF.xlsx ligne 6 ; Employe_Destination_Anonymise_VF.xlsx ligne 5 ; Mapping.xlsx › Mapping, lignes 4-6","Mapping.xlsx › Mapping, lignes 4-6",base ANOMALIE=0.90 ; ×appariement 1.00 = 0.90,verdict 45 + impact champ 5 + confiance +9 + traité au niveau du groupe systémique −25 = 34,,,,,ANOMALIE
C-7683990-S22-D22-contactEmail,7683990,Pre7683990 Nom7683990,COMPARAISON_CHAMP,contactEmail,P · poste 15514 · emploi 6725 · début 2015-03-23,22,22,APPARIE,1.0,Adresse courriel travail,,dev-08-v2_PNom10477477@loto-quebec.com,,dev-08-v2_pnom10477477@loto-quebec.com,PNom7683990990@loto-quebec.com,,NON_COMPARABLE,R_EMAIL,"Courriel : initiale prénom + nom + 3 derniers chiffres du matricule + @domaine, sans accents",REGLE_DETERMINISTE,MISMATCH,"structure conforme à la règle (initiale + nom + 3 derniers chiffres du code), mais l'identifiant 'nom10477' ne correspond pas au Matricule/personID (attendu 'nom7683990') ; préfixe 'dev-08-v2_' ignoré ; profil caractéristique d'un artefact d'anonymisation",DERIVE,ANOMALIE,ANOMALIE,0.9,BASSE,34,"Niveau 2 : R_EMAIL [Mapping.xlsx › Mapping, lignes 4-6] attend 'PNom7683990990@loto-quebec.com' (initiale 'P' + nom 'Nom7683990' + '990' + '@loto-quebec.com' (accents retirés)) ; la destination contient 'dev-08-v2_PNom10477477@loto-quebec.com' (structure conforme à la règle (initiale + nom + 3 derniers chiffres du code), mais l'identifiant 'nom10477' ne correspond pas au Matricule/personID (attendu 'nom7683990') ; préfixe 'dev-08-v2_' ignoré ; profil caractéristique d'un artefact d'anonymisation). Aucune règle documentée n'explique l'écart.","22/22 dossiers affectés (100%). Le préfixe d'environnement est autorisé, mais l'identifiant utilisé après normalisation ne correspond pas au Matricule/personID. Cause connue dans le jeu fourni : artefact d'anonymisation. [Clarification officielle 2026-10-04 : « code » = Matricule/personID ; le préfixe destination (ex. dev-08-v2_) est autorisé et ignoré ; l'identifiant anonymisé différent dans l'adresse est une erreur d'anonymisation, pertinente à détecter comme anomalie.]",Une seule décision / investigation : corriger la génération des courriels (ou l'anonymisation de l'extraction) pour tous les dossiers.,,Corriger contactEmail dans le système B : 'dev-08-v2_PNom10477477@loto-quebec.com' → 'PNom7683990990@loto-quebec.com' (valeur dérivée de la source). Validation humaine requise.,P-SYS-contactEmail,True,,,"{""PrénomUsuel"": ""Pre7683990"", ""NomFamille"": ""Nom7683990"", ""Matricule"": ""7683990""}",,"Employe_Source_Anonymise_VF.xlsx ligne 22 ; Employe_Destination_Anonymise_VF.xlsx ligne 22 ; Mapping.xlsx › Mapping, lignes 4-6","Mapping.xlsx › Mapping, lignes 4-6",base ANOMALIE=0.90 ; ×appariement 1.00 = 0.90,verdict 45 + impact champ 5 + confiance +9 + traité au niveau du groupe systémique −25 = 34,,,,,ANOMALIE
C-7683990-S23-D23-contactEmail,7683990,Pre7683990 Nom7683990,COMPARAISON_CHAMP,contactEmail,S · poste 23841 · emploi 6754 · début 2025-11-17,23,23,APPARIE,1.0,Adresse courriel travail,,dev-08-v2_PNom10477477@loto-quebec.com,,dev-08-v2_pnom10477477@loto-quebec.com,PNom7683990990@loto-quebec.com,,NON_COMPARABLE,R_EMAIL,"Courriel : initiale prénom + nom + 3 derniers chiffres du matricule + @domaine, sans accents",REGLE_DETERMINISTE,MISMATCH,"structure conforme à la règle (initiale + nom + 3 derniers chiffres du code), mais l'identifiant 'nom10477' ne correspond pas au Matricule/personID (attendu 'nom7683990') ; préfixe 'dev-08-v2_' ignoré ; profil caractéristique d'un artefact d'anonymisation",DERIVE,ANOMALIE,ANOMALIE,0.9,BASSE,34,"Niveau 2 : R_EMAIL [Mapping.xlsx › Mapping, lignes 4-6] attend 'PNom7683990990@loto-quebec.com' (initiale 'P' + nom 'Nom7683990' + '990' + '@loto-quebec.com' (accents retirés)) ; la destination contient 'dev-08-v2_PNom10477477@loto-quebec.com' (structure conforme à la règle (initiale + nom + 3 derniers chiffres du code), mais l'identifiant 'nom10477' ne correspond pas au Matricule/personID (attendu 'nom7683990') ; préfixe 'dev-08-v2_' ignoré ; profil caractéristique d'un artefact d'anonymisation). Aucune règle documentée n'explique l'écart.","22/22 dossiers affectés (100%). Le préfixe d'environnement est autorisé, mais l'identifiant utilisé après normalisation ne correspond pas au Matricule/personID. Cause connue dans le jeu fourni : artefact d'anonymisation. [Clarification officielle 2026-10-04 : « code » = Matricule/personID ; le préfixe destination (ex. dev-08-v2_) est autorisé et ignoré ; l'identifiant anonymisé différent dans l'adresse est une erreur d'anonymisation, pertinente à détecter comme anomalie.]",Une seule décision / investigation : corriger la génération des courriels (ou l'anonymisation de l'extraction) pour tous les dossiers.,,Corriger contactEmail dans le système B : 'dev-08-v2_PNom10477477@loto-quebec.com' → 'PNom7683990990@loto-quebec.com' (valeur dérivée de la source). Validation humaine requise.,P-SYS-contactEmail,True,,,"{""PrénomUsuel"": ""Pre7683990"", ""NomFamille"": ""Nom7683990"", ""Matricule"": ""7683990""}",,"Employe_Source_Anonymise_VF.xlsx ligne 23 ; Employe_Destination_Anonymise_VF.xlsx ligne 23 ; Mapping.xlsx › Mapping, lignes 4-6","Mapping.xlsx › Mapping, lignes 4-6",base ANOMALIE=0.90 ; ×appariement 1.00 = 0.90,verdict 45 + impact champ 5 + confiance +9 + traité au niveau du groupe systémique −25 = 34,,,,,ANOMALIE
C-7683990-S24-D21-contactEmail,7683990,Pre7683990 Nom7683990,COMPARAISON_CHAMP,contactEmail,S · poste 98689 · emploi 6031 · début 2024-02-12,24,21,APPARIE,1.0,Adresse courriel travail,,dev-08-v2_PNom10477477@loto-quebec.com,,dev-08-v2_pnom10477477@loto-quebec.com,PNom7683990990@loto-quebec.com,,NON_COMPARABLE,R_EMAIL,"Courriel : initiale prénom + nom + 3 derniers chiffres du matricule + @domaine, sans accents",REGLE_DETERMINISTE,MISMATCH,"structure conforme à la règle (initiale + nom + 3 derniers chiffres du code), mais l'identifiant 'nom10477' ne correspond pas au Matricule/personID (attendu 'nom7683990') ; préfixe 'dev-08-v2_' ignoré ; profil caractéristique d'un artefact d'anonymisation",DERIVE,ANOMALIE,ANOMALIE,0.9,BASSE,34,"Niveau 2 : R_EMAIL [Mapping.xlsx › Mapping, lignes 4-6] attend 'PNom7683990990@loto-quebec.com' (initiale 'P' + nom 'Nom7683990' + '990' + '@loto-quebec.com' (accents retirés)) ; la destination contient 'dev-08-v2_PNom10477477@loto-quebec.com' (structure conforme à la règle (initiale + nom + 3 derniers chiffres du code), mais l'identifiant 'nom10477' ne correspond pas au Matricule/personID (attendu 'nom7683990') ; préfixe 'dev-08-v2_' ignoré ; profil caractéristique d'un artefact d'anonymisation). Aucune règle documentée n'explique l'écart.","22/22 dossiers affectés (100%). Le préfixe d'environnement est autorisé, mais l'identifiant utilisé après normalisation ne correspond pas au Matricule/personID. Cause connue dans le jeu fourni : artefact d'anonymisation. [Clarification officielle 2026-10-04 : « code » = Matricule/personID ; le préfixe destination (ex. dev-08-v2_) est autorisé et ignoré ; l'identifiant anonymisé différent dans l'adresse est une erreur d'anonymisation, pertinente à détecter comme anomalie.]",Une seule décision / investigation : corriger la génération des courriels (ou l'anonymisation de l'extraction) pour tous les dossiers.,,Corriger contactEmail dans le système B : 'dev-08-v2_PNom10477477@loto-quebec.com' → 'PNom7683990990@loto-quebec.com' (valeur dérivée de la source). Validation humaine requise.,P-SYS-contactEmail,True,,,"{""PrénomUsuel"": ""Pre7683990"", ""NomFamille"": ""Nom7683990"", ""Matricule"": ""7683990""}",,"Employe_Source_Anonymise_VF.xlsx ligne 24 ; Employe_Destination_Anonymise_VF.xlsx ligne 21 ; Mapping.xlsx › Mapping, lignes 4-6","Mapping.xlsx › Mapping, lignes 4-6",base ANOMALIE=0.90 ; ×appariement 1.00 = 0.90,verdict 45 + impact champ 5 + confiance +9 + traité au niveau du groupe systémique −25 = 34,,,,,ANOMALIE
C-8142123-S5-D4-contactEmail,8142123,Pre8142123 Nom8142123,COMPARAISON_CHAMP,contactEmail,P · poste 26800 · emploi 6203 · début 2009-03-30,5,4,APPARIE,1.0,Adresse courriel travail,,dev-08-v2_PNom10380380@loto-quebec.com,,dev-08-v2_pnom10380380@loto-quebec.com,PNom8142123123@loto-quebec.com,,NON_COMPARABLE,R_EMAIL,"Courriel : initiale prénom + nom + 3 derniers chiffres du matricule + @domaine, sans accents",REGLE_DETERMINISTE,MISMATCH,"structure conforme à la règle (initiale + nom + 3 derniers chiffres du code), mais l'identifiant 'nom10380' ne correspond pas au Matricule/personID (attendu 'nom8142123') ; préfixe 'dev-08-v2_' ignoré ; profil caractéristique d'un artefact d'anonymisation",DERIVE,ANOMALIE,ANOMALIE,0.9,BASSE,34,"Niveau 2 : R_EMAIL [Mapping.xlsx › Mapping, lignes 4-6] attend 'PNom8142123123@loto-quebec.com' (initiale 'P' + nom 'Nom8142123' + '123' + '@loto-quebec.com' (accents retirés)) ; la destination contient 'dev-08-v2_PNom10380380@loto-quebec.com' (structure conforme à la règle (initiale + nom + 3 derniers chiffres du code), mais l'identifiant 'nom10380' ne correspond pas au Matricule/personID (attendu 'nom8142123') ; préfixe 'dev-08-v2_' ignoré ; profil caractéristique d'un artefact d'anonymisation). Aucune règle documentée n'explique l'écart.","22/22 dossiers affectés (100%). Le préfixe d'environnement est autorisé, mais l'identifiant utilisé après normalisation ne correspond pas au Matricule/personID. Cause connue dans le jeu fourni : artefact d'anonymisation. [Clarification officielle 2026-10-04 : « code » = Matricule/personID ; le préfixe destination (ex. dev-08-v2_) est autorisé et ignoré ; l'identifiant anonymisé différent dans l'adresse est une erreur d'anonymisation, pertinente à détecter comme anomalie.]",Une seule décision / investigation : corriger la génération des courriels (ou l'anonymisation de l'extraction) pour tous les dossiers.,,Corriger contactEmail dans le système B : 'dev-08-v2_PNom10380380@loto-quebec.com' → 'PNom8142123123@loto-quebec.com' (valeur dérivée de la source). Validation humaine requise.,P-SYS-contactEmail,True,,,"{""PrénomUsuel"": ""Pre8142123"", ""NomFamille"": ""Nom8142123"", ""Matricule"": ""8142123""}",,"Employe_Source_Anonymise_VF.xlsx ligne 5 ; Employe_Destination_Anonymise_VF.xlsx ligne 4 ; Mapping.xlsx › Mapping, lignes 4-6","Mapping.xlsx › Mapping, lignes 4-6",base ANOMALIE=0.90 ; ×appariement 1.00 = 0.90,verdict 45 + impact champ 5 + confiance +9 + traité au niveau du groupe systémique −25 = 34,,,,,ANOMALIE
C-8644330-S21-D20-contactEmail,8644330,Pre8644330 Nom8644330,COMPARAISON_CHAMP,contactEmail,P · poste 67970 · emploi 6031 · début 2001-02-05,21,20,APPARIE,1.0,Adresse courriel travail,,dev-08-v2_PNom10473473@loto-quebec.com,,dev-08-v2_pnom10473473@loto-quebec.com,PNom8644330330@loto-quebec.com,,NON_COMPARABLE,R_EMAIL,"Courriel : initiale prénom + nom + 3 derniers chiffres du matricule + @domaine, sans accents",REGLE_DETERMINISTE,MISMATCH,"structure conforme à la règle (initiale + nom + 3 derniers chiffres du code), mais l'identifiant 'nom10473' ne correspond pas au Matricule/personID (attendu 'nom8644330') ; préfixe 'dev-08-v2_' ignoré ; profil caractéristique d'un artefact d'anonymisation",DERIVE,ANOMALIE,ANOMALIE,0.9,BASSE,34,"Niveau 2 : R_EMAIL [Mapping.xlsx › Mapping, lignes 4-6] attend 'PNom8644330330@loto-quebec.com' (initiale 'P' + nom 'Nom8644330' + '330' + '@loto-quebec.com' (accents retirés)) ; la destination contient 'dev-08-v2_PNom10473473@loto-quebec.com' (structure conforme à la règle (initiale + nom + 3 derniers chiffres du code), mais l'identifiant 'nom10473' ne correspond pas au Matricule/personID (attendu 'nom8644330') ; préfixe 'dev-08-v2_' ignoré ; profil caractéristique d'un artefact d'anonymisation). Aucune règle documentée n'explique l'écart.","22/22 dossiers affectés (100%). Le préfixe d'environnement est autorisé, mais l'identifiant utilisé après normalisation ne correspond pas au Matricule/personID. Cause connue dans le jeu fourni : artefact d'anonymisation. [Clarification officielle 2026-10-04 : « code » = Matricule/personID ; le préfixe destination (ex. dev-08-v2_) est autorisé et ignoré ; l'identifiant anonymisé différent dans l'adresse est une erreur d'anonymisation, pertinente à détecter comme anomalie.]",Une seule décision / investigation : corriger la génération des courriels (ou l'anonymisation de l'extraction) pour tous les dossiers.,,Corriger contactEmail dans le système B : 'dev-08-v2_PNom10473473@loto-quebec.com' → 'PNom8644330330@loto-quebec.com' (valeur dérivée de la source). Validation humaine requise.,P-SYS-contactEmail,True,,,"{""PrénomUsuel"": ""Pre8644330"", ""NomFamille"": ""Nom8644330"", ""Matricule"": ""8644330""}",,"Employe_Source_Anonymise_VF.xlsx ligne 21 ; Employe_Destination_Anonymise_VF.xlsx ligne 20 ; Mapping.xlsx › Mapping, lignes 4-6","Mapping.xlsx › Mapping, lignes 4-6",base ANOMALIE=0.90 ; ×appariement 1.00 = 0.90,verdict 45 + impact champ 5 + confiance +9 + traité au niveau du groupe systémique −25 = 34,,,,,ANOMALIE
C-9989151-S4-D3-contactEmail,9989151,Pre9989151 Nom9989151,COMPARAISON_CHAMP,contactEmail,P · poste 31109 · emploi 6203 · début 2009-03-30,4,3,APPARIE,1.0,Adresse courriel travail,,dev-08-v2_PNom10372372@loto-quebec.com,,dev-08-v2_pnom10372372@loto-quebec.com,PNom9989151151@loto-quebec.com,,NON_COMPARABLE,R_EMAIL,"Courriel : initiale prénom + nom + 3 derniers chiffres du matricule + @domaine, sans accents",REGLE_DETERMINISTE,MISMATCH,"structure conforme à la règle (initiale + nom + 3 derniers chiffres du code), mais l'identifiant 'nom10372' ne correspond pas au Matricule/personID (attendu 'nom9989151') ; préfixe 'dev-08-v2_' ignoré ; profil caractéristique d'un artefact d'anonymisation",DERIVE,ANOMALIE,ANOMALIE,0.9,BASSE,34,"Niveau 2 : R_EMAIL [Mapping.xlsx › Mapping, lignes 4-6] attend 'PNom9989151151@loto-quebec.com' (initiale 'P' + nom 'Nom9989151' + '151' + '@loto-quebec.com' (accents retirés)) ; la destination contient 'dev-08-v2_PNom10372372@loto-quebec.com' (structure conforme à la règle (initiale + nom + 3 derniers chiffres du code), mais l'identifiant 'nom10372' ne correspond pas au Matricule/personID (attendu 'nom9989151') ; préfixe 'dev-08-v2_' ignoré ; profil caractéristique d'un artefact d'anonymisation). Aucune règle documentée n'explique l'écart.","22/22 dossiers affectés (100%). Le préfixe d'environnement est autorisé, mais l'identifiant utilisé après normalisation ne correspond pas au Matricule/personID. Cause connue dans le jeu fourni : artefact d'anonymisation. [Clarification officielle 2026-10-04 : « code » = Matricule/personID ; le préfixe destination (ex. dev-08-v2_) est autorisé et ignoré ; l'identifiant anonymisé différent dans l'adresse est une erreur d'anonymisation, pertinente à détecter comme anomalie.]",Une seule décision / investigation : corriger la génération des courriels (ou l'anonymisation de l'extraction) pour tous les dossiers.,,Corriger contactEmail dans le système B : 'dev-08-v2_PNom10372372@loto-quebec.com' → 'PNom9989151151@loto-quebec.com' (valeur dérivée de la source). Validation humaine requise.,P-SYS-contactEmail,True,,,"{""PrénomUsuel"": ""Pre9989151"", ""NomFamille"": ""Nom9989151"", ""Matricule"": ""9989151""}",,"Employe_Source_Anonymise_VF.xlsx ligne 4 ; Employe_Destination_Anonymise_VF.xlsx ligne 3 ; Mapping.xlsx › Mapping, lignes 4-6","Mapping.xlsx › Mapping, lignes 4-6",base ANOMALIE=0.90 ; ×appariement 1.00 = 0.90,verdict 45 + impact champ 5 + confiance +9 + traité au niveau du groupe systémique −25 = 34,,,,,ANOMALIE
C-1545850-S2-D2-givenName,1545850,Pre1545850 Nom1545850,COMPARAISON_CHAMP,givenName,P · poste 35342 · emploi 6585 · début 2016-04-01,2,2,APPARIE,1.0,PrénomUsuel,Pre1545850,Pre1545850,pre1545850,pre1545850,Pre1545850,,IDENTIQUE,R_DIRECT,Copie directe (mapping N/A),COMPARAISON_BRUTE,MATCH,,CERTAIN,CONFORME,CONFORME,0.99,AUCUNE,0,"Niveau 1 : valeurs identiques (PrénomUsuel='Pre1545850', givenName='Pre1545850').",,,,Aucune action.,,False,,,"{""PrénomUsuel"": ""Pre1545850""}",,"Employe_Source_Anonymise_VF.xlsx ligne 2 ; Employe_Destination_Anonymise_VF.xlsx ligne 2 ; Mapping.xlsx › Mapping, ligne 2","Mapping.xlsx › Mapping, ligne 2",base CONFORME=0.99 ; ×appariement 1.00 = 0.99,,,,,,CONFORME
C-1545850-S2-D2-surname,1545850,Pre1545850 Nom1545850,COMPARAISON_CHAMP,surname,P · poste 35342 · emploi 6585 · début 2016-04-01,2,2,APPARIE,1.0,NomFamille,Nom1545850,Nom1545850,nom1545850,nom1545850,Nom1545850,,IDENTIQUE,R_DIRECT,Copie directe (mapping N/A),COMPARAISON_BRUTE,MATCH,,CERTAIN,CONFORME,CONFORME,0.99,AUCUNE,0,"Niveau 1 : valeurs identiques (NomFamille='Nom1545850', surname='Nom1545850').",,,,Aucune action.,,False,,,"{""NomFamille"": ""Nom1545850""}",,"Employe_Source_Anonymise_VF.xlsx ligne 2 ; Employe_Destination_Anonymise_VF.xlsx ligne 2 ; Mapping.xlsx › Mapping, ligne 3","Mapping.xlsx › Mapping, ligne 3",base CONFORME=0.99 ; ×appariement 1.00 = 0.99,,,,,,CONFORME
C-1545850-S2-D2-onboardDate,1545850,Pre1545850 Nom1545850,COMPARAISON_CHAMP,onboardDate,P · poste 35342 · emploi 6585 · début 2016-04-01,2,2,APPARIE,1.0,DateEmbaucheRécente,1995-02-09,1995-02-09T00:00:00.000Z,1995-02-09,1995-02-09,1995-02-09,,IDENTIQUE_APRES_NORMALISATION,R_DIRECT,Copie directe (mapping N/A),COMPARAISON_BRUTE,MATCH,,CERTAIN,CONFORME,CONFORME,0.95,AUCUNE,0,Niveau 1 : différence de format uniquement ('1995-02-09' vs '1995-02-09T00:00:00.000Z' → '1995-02-09').,,,,Aucune action.,,False,,,"{""DateEmbaucheRécente"": ""1995-02-09""}",,"Employe_Source_Anonymise_VF.xlsx ligne 2 ; Employe_Destination_Anonymise_VF.xlsx ligne 2 ; Mapping.xlsx › Mapping, ligne 7","Mapping.xlsx › Mapping, ligne 7",base CONFORME=0.95 ; ×appariement 1.00 = 0.95,,,,,,CONFORME
C-1545850-S2-D2-siteName,1545850,Pre1545850 Nom1545850,COMPARAISON_CHAMP,siteName,P · poste 35342 · emploi 6585 · début 2016-04-01,2,2,APPARIE,1.0,LibelléSite,Emplacement48,Emplacement48,emplacement48,emplacement48,Emplacement48,,IDENTIQUE,R_DIRECT,Copie directe (mapping N/A),COMPARAISON_BRUTE,MATCH,,CERTAIN,CONFORME,CONFORME,0.99,AUCUNE,0,"Niveau 1 : valeurs identiques (LibelléSite='Emplacement48', siteName='Emplacement48').",,,,Aucune action.,,False,,,"{""LibelléSite"": ""Emplacement48""}",,"Employe_Source_Anonymise_VF.xlsx ligne 2 ; Employe_Destination_Anonymise_VF.xlsx ligne 2 ; Mapping.xlsx › Mapping, ligne 9","Mapping.xlsx › Mapping, ligne 9",base CONFORME=0.99 ; ×appariement 1.00 = 0.99,,,,,,CONFORME
C-1545850-S2-D2-siteCode,1545850,Pre1545850 Nom1545850,COMPARAISON_CHAMP,siteCode,P · poste 35342 · emploi 6585 · début 2016-04-01,2,2,APPARIE,1.0,CodeSite,48,48,48,48,48,,IDENTIQUE,R_DIRECT,Copie directe (mapping N/A),COMPARAISON_BRUTE,MATCH,,CERTAIN,CONFORME,CONFORME,0.99,AUCUNE,0,"Niveau 1 : valeurs identiques (CodeSite='48', siteCode='48').",,,,Aucune action.,,False,,,"{""CodeSite"": ""48""}",,"Employe_Source_Anonymise_VF.xlsx ligne 2 ; Employe_Destination_Anonymise_VF.xlsx ligne 2 ; Mapping.xlsx › Mapping, ligne 10","Mapping.xlsx › Mapping, ligne 10",base CONFORME=0.99 ; ×appariement 1.00 = 0.99,,,,,,CONFORME
C-1545850-S2-D2-divisionId,1545850,Pre1545850 Nom1545850,COMPARAISON_CHAMP,divisionId,P · poste 35342 · emploi 6585 · début 2016-04-01,2,2,APPARIE,1.0,CodeDirection,397,397,397,397,397,,IDENTIQUE,R_DIRECT,Copie directe (mapping N/A),COMPARAISON_BRUTE,MATCH,,CERTAIN,CONFORME,CONFORME,0.99,AUCUNE,0,"Niveau 1 : valeurs identiques (CodeDirection='397', divisionId='397').",,,,Aucune action.,,False,,,"{""CodeDirection"": ""397""}",,"Employe_Source_Anonymise_VF.xlsx ligne 2 ; Employe_Destination_Anonymise_VF.xlsx ligne 2 ; Mapping.xlsx › Mapping, ligne 11","Mapping.xlsx › Mapping, ligne 11",base CONFORME=0.99 ; ×appariement 1.00 = 0.99,,,,,,CONFORME
C-1545850-S2-D2-divisionName,1545850,Pre1545850 Nom1545850,COMPARAISON_CHAMP,divisionName,P · poste 35342 · emploi 6585 · début 2016-04-01,2,2,APPARIE,1.0,LibelléDirection,UnitAdmin00397,00397-UnitAdmin00397,unitadmin00397,00397-unitadmin00397,397-UnitAdmin00397,,DIFFERENT,R_CONCAT_DIVISION,Concaténation CodeDirection + '-' + LibelléDirection,REGLE_DETERMINISTE,MATCH,zéros non significatifs du code ignorés,DERIVE,ECART_JUSTIFIE,ECART_JUSTIFIE,0.92,AUCUNE,0,"Niveau 1 : LibelléDirection='UnitAdmin00397' ≠ divisionName='00397-UnitAdmin00397'. Niveau 2 : écart expliqué par R_CONCAT_DIVISION [Mapping.xlsx › Mapping, ligne 12] : CodeDirection + '-' + LibelléDirection → attendu '397-UnitAdmin00397' (zéros non significatifs du code ignorés).",,,,Aucune action.,,False,,,"{""CodeDirection"": ""397"", ""LibelléDirection"": ""UnitAdmin00397""}","{""code_destination"": ""00397"", ""libelle_destination"": ""UnitAdmin00397""}","Employe_Source_Anonymise_VF.xlsx ligne 2 ; Employe_Destination_Anonymise_VF.xlsx ligne 2 ; Mapping.xlsx › Mapping, ligne 12","Mapping.xlsx › Mapping, ligne 12",base ECART_JUSTIFIE=0.92 ; ×appariement 1.00 = 0.92,,,,,,ECART_JUSTIFIE
C-1545850-S2-D2-divisionCode,1545850,Pre1545850 Nom1545850,COMPARAISON_CHAMP,divisionCode,P · poste 35342 · emploi 6585 · début 2016-04-01,2,2,APPARIE,1.0,CodeImputation,2815,2815,2815,2815,2815,,IDENTIQUE,R_DIRECT,Copie directe (mapping N/A),COMPARAISON_BRUTE,MATCH,,CERTAIN,CONFORME,CONFORME,0.99,AUCUNE,0,"Niveau 1 : valeurs identiques (CodeImputation='2815', divisionCode='2815').",,,,Aucune action.,,False,,,"{""CodeImputation"": ""2815""}",,"Employe_Source_Anonymise_VF.xlsx ligne 2 ; Employe_Destination_Anonymise_VF.xlsx ligne 2 ; Mapping.xlsx › Mapping, ligne 13","Mapping.xlsx › Mapping, ligne 13",base CONFORME=0.99 ; ×appariement 1.00 = 0.99,,,,,,CONFORME
C-1545850-S2-D2-positionId,1545850,Pre1545850 Nom1545850,COMPARAISON_CHAMP,positionId,P · poste 35342 · emploi 6585 · début 2016-04-01,2,2,APPARIE,1.0,CodeEmploi,6585,6585,6585,6585,6585,,IDENTIQUE,R_DIRECT,Copie directe (mapping N/A),COMPARAISON_BRUTE,MATCH,,CERTAIN,CONFORME,CONFORME,0.99,AUCUNE,0,"Niveau 1 : valeurs identiques (CodeEmploi='6585', positionId='6585').",,,,Aucune action.,,False,,,"{""CodeEmploi"": ""6585""}",,"Employe_Source_Anonymise_VF.xlsx ligne 2 ; Employe_Destination_Anonymise_VF.xlsx ligne 2 ; Mapping.xlsx › Mapping, ligne 14","Mapping.xlsx › Mapping, ligne 14",base CONFORME=0.99 ; ×appariement 1.00 = 0.99,,,,,,CONFORME
C-1545850-S2-D2-positionCode,1545850,Pre1545850 Nom1545850,COMPARAISON_CHAMP,positionCode,P · poste 35342 · emploi 6585 · début 2016-04-01,2,2,APPARIE,1.0,CodeEmploi,6585,6585,6585,6585,6585,,IDENTIQUE,R_DIRECT,Copie directe (mapping N/A),COMPARAISON_BRUTE,MATCH,,CERTAIN,CONFORME,CONFORME,0.99,AUCUNE,0,"Niveau 1 : valeurs identiques (CodeEmploi='6585', positionCode='6585').",,,,Aucune action.,,False,,,"{""CodeEmploi"": ""6585""}",,"Employe_Source_Anonymise_VF.xlsx ligne 2 ; Employe_Destination_Anonymise_VF.xlsx ligne 2 ; Mapping.xlsx › Mapping, ligne 16","Mapping.xlsx › Mapping, ligne 16",base CONFORME=0.99 ; ×appariement 1.00 = 0.99,,,,,,CONFORME
C-1545850-S2-D2-statusReasonCode,1545850,Pre1545850 Nom1545850,COMPARAISON_CHAMP,statusReasonCode,P · poste 35342 · emploi 6585 · début 2016-04-01,2,2,APPARIE,1.0,"CodeStatutEmploi, CodeRaisonStatut, DateEffetRaison",697,,697,,,,DESTINATION_VIDE,R_SITUATION_EMPLOI,Table 'Règles situation d'emploi' + jointure motifs,REGLE_DETERMINISTE,MATCH,,DERIVE,ECART_JUSTIFIE,ECART_JUSTIFIE,0.92,AUCUNE,0,"Niveau 1 : CodeRaisonStatut='697' ≠ statusReasonCode='∅'. Niveau 2 : écart expliqué par R_SITUATION_EMPLOI [Mapping.xlsx › Mapping, lignes 17-21] : situation 'Actif' (codes d'accès [0, 1], ligne 2) → cf_CAD = null → attendu '∅'.",,,,Aucune action.,,False,,,"{""CodeSuspensionAccès"": ""1"", ""CodeStatutEmploi"": ""1"", ""CodeRaisonStatut"": ""697"", ""DateEffetRaison"": ""1997-10-12"", ""DateRetourAnticipée"": """"}","{""motif_trouve"": false}","Employe_Source_Anonymise_VF.xlsx ligne 2 ; Employe_Destination_Anonymise_VF.xlsx ligne 2 ; Mapping.xlsx › Mapping, lignes 17-21 ; Mapping.xlsx › Règles situation d'emploi","Mapping.xlsx › Mapping, lignes 17-21",base ECART_JUSTIFIE=0.92 ; ×appariement 1.00 = 0.92,,,,,,ECART_JUSTIFIE
C-1545850-S2-D2-expectedReturnDate,1545850,Pre1545850 Nom1545850,COMPARAISON_CHAMP,expectedReturnDate,P · poste 35342 · emploi 6585 · début 2016-04-01,2,2,APPARIE,1.0,DateRetourAnticipée,,,,,,,VIDE_DES_DEUX_COTES,R_SITUATION_EMPLOI,Table 'Règles situation d'emploi' + jointure motifs,REGLE_DETERMINISTE,MATCH,,DERIVE,CONFORME,CONFORME,0.95,AUCUNE,0,Niveau 1 : valeur vide des deux côtés (DateRetourAnticipée / expectedReturnDate).,,,,Aucune action.,,False,,,"{""CodeSuspensionAccès"": ""1"", ""CodeStatutEmploi"": ""1"", ""CodeRaisonStatut"": ""697"", ""DateEffetRaison"": ""1997-10-12"", ""DateRetourAnticipée"": """"}","{""motif_trouve"": false}","Employe_Source_Anonymise_VF.xlsx ligne 2 ; Employe_Destination_Anonymise_VF.xlsx ligne 2 ; Mapping.xlsx › Mapping, ligne 22 ; Mapping.xlsx › Règles situation d'emploi","Mapping.xlsx › Mapping, ligne 22",base CONFORME=0.95 ; ×appariement 1.00 = 0.95,,,,,,CONFORME
C-1545850-S2-D2-detailedStatus,1545850,Pre1545850 Nom1545850,COMPARAISON_CHAMP,detailedStatus,P · poste 35342 · emploi 6585 · début 2016-04-01,2,2,APPARIE,1.0,-,,Actif,,actif,Actif,,NON_COMPARABLE,R_SITUATION_EMPLOI,Table 'Règles situation d'emploi' + jointure motifs,REGLE_DETERMINISTE,MATCH,,DERIVE,CONFORME,CONFORME,0.95,AUCUNE,0,"Niveau 2 : R_SITUATION_EMPLOI [Mapping.xlsx › Mapping, ligne 23] dérive 'Actif' (situation 'Actif' (codes d'accès [0, 1], ligne 2)) ; identique à la destination.",,,,Aucune action.,,False,,,"{""CodeSuspensionAccès"": ""1"", ""CodeStatutEmploi"": ""1"", ""CodeRaisonStatut"": ""697"", ""DateEffetRaison"": ""1997-10-12"", ""DateRetourAnticipée"": """"}","{""motif_trouve"": false}","Employe_Source_Anonymise_VF.xlsx ligne 2 ; Employe_Destination_Anonymise_VF.xlsx ligne 2 ; Mapping.xlsx › Mapping, ligne 23 ; Mapping.xlsx › Règles situation d'emploi","Mapping.xlsx › Mapping, ligne 23",base CONFORME=0.95 ; ×appariement 1.00 = 0.95,,,,,,CONFORME
C-1545850-S2-D2-contractTypeCode,1545850,Pre1545850 Nom1545850,COMPARAISON_CHAMP,contractTypeCode,P · poste 35342 · emploi 6585 · début 2016-04-01,2,2,APPARIE,1.0,"CatégorieEmploi, EMPT_CD, EstPermanent, PERM_IND, EstTempsPlein, FT_IND",V,JWN,v,jwn,JWN,,DIFFERENT,R_CONTRACT_TYPE,Type d'employé : table SI PERM_IND / FT_IND / EMPTP_CD,REGLE_DETERMINISTE,MATCH,,DERIVE,ECART_JUSTIFIE,ECART_JUSTIFIE,0.92,AUCUNE,0,"Niveau 1 : CatégorieEmploi='V' ≠ contractTypeCode='JWN'. Niveau 2 : écart expliqué par R_CONTRACT_TYPE [Mapping.xlsx › Mapping, lignes 24-40] : ligne de règle appliquée : SI PERM_IND=1 et FT_IND=1 et EMPTP_CD=""V"" --> Mettre ""JWN"" → attendu 'JWN'.",,,,Aucune action.,,False,,,"{""CatégorieEmploi"": ""V"", ""EstPermanent"": ""Oui (1)"", ""EstTempsPlein"": ""Oui (1)""}",,"Employe_Source_Anonymise_VF.xlsx ligne 2 ; Employe_Destination_Anonymise_VF.xlsx ligne 2 ; Mapping.xlsx › Mapping, lignes 24-40","Mapping.xlsx › Mapping, lignes 24-40",base ECART_JUSTIFIE=0.92 ; ×appariement 1.00 = 0.92,,,,,,ECART_JUSTIFIE
C-1545850-S2-D2-isPrimaryAssignment,1545850,Pre1545850 Nom1545850,COMPARAISON_CHAMP,isPrimaryAssignment,P · poste 35342 · emploi 6585 · début 2016-04-01,2,2,APPARIE,1.0,TypeAffectation,P,true,P,true,true,,DIFFERENT,R_ASSIGNMENT_TYPE,TypeAffectation P/A/S → indicateurs primaire/temporaire,REGLE_DETERMINISTE,MATCH,,DERIVE,ECART_JUSTIFIE,ECART_JUSTIFIE,0.92,AUCUNE,0,"Niveau 1 : TypeAffectation='P' ≠ isPrimaryAssignment='true'. Niveau 2 : écart expliqué par R_ASSIGNMENT_TYPE [Mapping.xlsx › Mapping, lignes 41-45] : Type aff = P → primaire=true, temporaire=false → attendu 'true'.",,,,Aucune action.,,False,,,"{""TypeAffectation"": ""P""}",,"Employe_Source_Anonymise_VF.xlsx ligne 2 ; Employe_Destination_Anonymise_VF.xlsx ligne 2 ; Mapping.xlsx › Mapping, lignes 41-45","Mapping.xlsx › Mapping, lignes 41-45",base ECART_JUSTIFIE=0.92 ; ×appariement 1.00 = 0.92,,,,,,ECART_JUSTIFIE
C-1545850-S2-D2-isTemporaryAssignment,1545850,Pre1545850 Nom1545850,COMPARAISON_CHAMP,isTemporaryAssignment,P · poste 35342 · emploi 6585 · début 2016-04-01,2,2,APPARIE,1.0,TypeAffectation,P,false,P,false,false,,DIFFERENT,R_ASSIGNMENT_TYPE,TypeAffectation P/A/S → indicateurs primaire/temporaire,REGLE_DETERMINISTE,MATCH,,DERIVE,ECART_JUSTIFIE,ECART_JUSTIFIE,0.92,AUCUNE,0,"Niveau 1 : TypeAffectation='P' ≠ isTemporaryAssignment='false'. Niveau 2 : écart expliqué par R_ASSIGNMENT_TYPE [Mapping.xlsx › Mapping, lignes 41-45] : Type aff = P → primaire=true, temporaire=false → attendu 'false'.",,,,Aucune action.,,False,,,"{""TypeAffectation"": ""P""}",,"Employe_Source_Anonymise_VF.xlsx ligne 2 ; Employe_Destination_Anonymise_VF.xlsx ligne 2 ; Mapping.xlsx › Mapping, lignes 41-45","Mapping.xlsx › Mapping, lignes 41-45",base ECART_JUSTIFIE=0.92 ; ×appariement 1.00 = 0.92,,,,,,ECART_JUSTIFIE
C-1545850-S2-D2-assignmentStartDate,1545850,Pre1545850 Nom1545850,COMPARAISON_CHAMP,assignmentStartDate,P · poste 35342 · emploi 6585 · début 2016-04-01,2,2,APPARIE,1.0,DateEntréePoste,2016-04-01,2016-04-01,2016-04-01,2016-04-01,2016-04-01,,IDENTIQUE,R_ASSIGNMENT_START,Date d'effet : DateEntréePoste vs date d'effet de l'unité adm. (détail du poste),REGLE_DETERMINISTE,MATCH,,DERIVE,CONFORME,CONFORME,0.99,AUCUNE,0,"Niveau 1 : valeurs identiques (DateEntréePoste='2016-04-01', assignmentStartDate='2016-04-01') ; Niveau 2 : R_ASSIGNMENT_START [Mapping.xlsx › Mapping, lignes 46-48] confirme la valeur attendue '2016-04-01' (MAX(DateEntréePoste 2016-04-01, date d'effet du détail du poste courant 1964-08-15) = 2016-04-01 → date d'effet du poste (source) [enregistrement unique du poste]).",,,,Aucune action.,,False,,,"{""DateEntréePoste"": ""2016-04-01"", ""CodePoste"": ""35342"", ""CodeDirection"": ""397""}","{""date_effet_detail_courant"": ""1964-08-15"", ""ligne_detail_courant"": 2, ""methode_detail_poste"": ""enregistrement unique du poste"", ""historique"": ""1964-08-15 (unité 397)"", ""EFFDT_min"": ""1964-08-15"", ""EFFDT_max"": ""1964-08-15"", ""lignes_detail_poste"": [2], ""valeur_lecture_litterale_MIN"": ""1964-08-15""}","Employe_Source_Anonymise_VF.xlsx ligne 2 ; Employe_Destination_Anonymise_VF.xlsx ligne 2 ; Mapping.xlsx › Mapping, lignes 46-48 ; détail_du_poste.xlsx lignes 2-2","Mapping.xlsx › Mapping, lignes 46-48",base CONFORME=0.99 ; ×appariement 1.00 = 0.99,,,,,,CONFORME
C-1545850-S2-D2-payGradeId,1545850,Pre1545850 Nom1545850,COMPARAISON_CHAMP,payGradeId,P · poste 35342 · emploi 6585 · début 2016-04-01,2,2,APPARIE,1.0,ÉchelleSalariale,260,260,260,260,260,,IDENTIQUE,R_DIRECT,Copie directe (mapping N/A),COMPARAISON_BRUTE,MATCH,,CERTAIN,CONFORME,CONFORME,0.99,AUCUNE,0,"Niveau 1 : valeurs identiques (ÉchelleSalariale='260', payGradeId='260').",,,,Aucune action.,,False,,,"{""ÉchelleSalariale"": ""260""}",,"Employe_Source_Anonymise_VF.xlsx ligne 2 ; Employe_Destination_Anonymise_VF.xlsx ligne 2 ; Mapping.xlsx › Mapping, ligne 49","Mapping.xlsx › Mapping, ligne 49",base CONFORME=0.99 ; ×appariement 1.00 = 0.99,,,,,,CONFORME
C-1545850-S2-D2-weeklyHoursOverride,1545850,Pre1545850 Nom1545850,COMPARAISON_CHAMP,weeklyHoursOverride,P · poste 35342 · emploi 6585 · début 2016-04-01,2,2,APPARIE,1.0,HeuresNormeHebdo,40,40,40,40,40,,IDENTIQUE,R_DIRECT,Copie directe (mapping N/A),COMPARAISON_BRUTE,MATCH,,CERTAIN,CONFORME,CONFORME,0.99,AUCUNE,0,"Niveau 1 : valeurs identiques (HeuresNormeHebdo='40', weeklyHoursOverride='40').",,,,Aucune action.,,False,,,"{""HeuresNormeHebdo"": ""40""}","{""heures_semaine_poste"": 40, ""CodeQuart"": ""23""}","Employe_Source_Anonymise_VF.xlsx ligne 2 ; Employe_Destination_Anonymise_VF.xlsx ligne 2 ; Mapping.xlsx › Mapping, ligne 51 ; détail_du_poste.xlsx (contexte) lignes 2","Mapping.xlsx › Mapping, ligne 51",base CONFORME=0.99 ; ×appariement 1.00 = 0.99,,,,,,CONFORME
C-1545850-S2-D2-dailyHoursOverride,1545850,Pre1545850 Nom1545850,COMPARAISON_CHAMP,dailyHoursOverride,P · poste 35342 · emploi 6585 · début 2016-04-01,2,2,APPARIE,1.0,HeuresNormeQuotidienne,8,8,8,8,8,,IDENTIQUE,R_DIRECT,Copie directe (mapping N/A),COMPARAISON_BRUTE,MATCH,,CERTAIN,CONFORME,CONFORME,0.99,AUCUNE,0,"Niveau 1 : valeurs identiques (HeuresNormeQuotidienne='8', dailyHoursOverride='8').",,,,Aucune action.,,False,,,"{""HeuresNormeQuotidienne"": ""8""}","{""heures_jour_poste"": 8, ""CodeQuart"": ""23""}","Employe_Source_Anonymise_VF.xlsx ligne 2 ; Employe_Destination_Anonymise_VF.xlsx ligne 2 ; Mapping.xlsx › Mapping, ligne 52 ; détail_du_poste.xlsx (contexte) lignes 2","Mapping.xlsx › Mapping, ligne 52",base CONFORME=0.99 ; ×appariement 1.00 = 0.99,,,,,,CONFORME
C-1545850-S2-D2-assignmentEndDate,1545850,Pre1545850 Nom1545850,COMPARAISON_CHAMP,assignmentEndDate,P · poste 35342 · emploi 6585 · début 2016-04-01,2,2,APPARIE,1.0,DateSortiePoste,,,,,,,VIDE_DES_DEUX_COTES,R_ASSIGNMENT_END,"Date de fin : MIN(DateSortiePoste, fin de l'unité adm. courante)",REGLE_DETERMINISTE,MATCH,,DERIVE,CONFORME,CONFORME,0.95,AUCUNE,0,Niveau 1 : valeur vide des deux côtés (DateSortiePoste / assignmentEndDate).,,,,Aucune action.,,False,,,"{""DateSortiePoste"": """", ""CodePoste"": ""35342""}","{""fin_unite_adm"": """", ""methode_unite_adm"": ""aucun changement d'unité dans l'historique → MIN(EFFDT)""}","Employe_Source_Anonymise_VF.xlsx ligne 2 ; Employe_Destination_Anonymise_VF.xlsx ligne 2 ; Mapping.xlsx › Mapping, lignes 53-55 ; détail_du_poste.xlsx lignes 2-2","Mapping.xlsx › Mapping, lignes 53-55",base CONFORME=0.95 ; ×appariement 1.00 = 0.95,,,,,,CONFORME
C-1545850-S2-D2-termEndDate,1545850,Pre1545850 Nom1545850,COMPARAISON_CHAMP,termEndDate,P · poste 35342 · emploi 6585 · début 2016-04-01,2,2,APPARIE,1.0,DateSortiePoste,,,,,,,VIDE_DES_DEUX_COTES,R_ASSIGNMENT_END,"Date de fin : MIN(DateSortiePoste, fin de l'unité adm. courante)",REGLE_DETERMINISTE,MATCH,,DERIVE,CONFORME,CONFORME,0.95,AUCUNE,0,Niveau 1 : valeur vide des deux côtés (DateSortiePoste / termEndDate).,,,,Aucune action.,,False,,,"{""DateSortiePoste"": """", ""CodePoste"": ""35342""}","{""fin_unite_adm"": """", ""methode_unite_adm"": ""aucun changement d'unité dans l'historique → MIN(EFFDT)""}","Employe_Source_Anonymise_VF.xlsx ligne 2 ; Employe_Destination_Anonymise_VF.xlsx ligne 2 ; Mapping.xlsx › Mapping, lignes 56-58 ; détail_du_poste.xlsx lignes 2-2","Mapping.xlsx › Mapping, lignes 56-58",base CONFORME=0.95 ; ×appariement 1.00 = 0.95,,,,,,CONFORME
C-2173396-S15-D14-givenName,2173396,Pre2173396 Nom2173396,COMPARAISON_CHAMP,givenName,P · poste 69289 · emploi 6900 · début 2019-04-29,15,14,APPARIE,1.0,PrénomUsuel,Pre2173396,Pre2173396,pre2173396,pre2173396,Pre2173396,,IDENTIQUE,R_DIRECT,Copie directe (mapping N/A),COMPARAISON_BRUTE,MATCH,,CERTAIN,CONFORME,CONFORME,0.99,AUCUNE,0,"Niveau 1 : valeurs identiques (PrénomUsuel='Pre2173396', givenName='Pre2173396').",,,,Aucune action.,,False,,,"{""PrénomUsuel"": ""Pre2173396""}",,"Employe_Source_Anonymise_VF.xlsx ligne 15 ; Employe_Destination_Anonymise_VF.xlsx ligne 14 ; Mapping.xlsx › Mapping, ligne 2","Mapping.xlsx › Mapping, ligne 2",base CONFORME=0.99 ; ×appariement 1.00 = 0.99,,,,,,CONFORME
C-2173396-S15-D14-surname,2173396,Pre2173396 Nom2173396,COMPARAISON_CHAMP,surname,P · poste 69289 · emploi 6900 · début 2019-04-29,15,14,APPARIE,1.0,NomFamille,Nom2173396,Nom2173396,nom2173396,nom2173396,Nom2173396,,IDENTIQUE,R_DIRECT,Copie directe (mapping N/A),COMPARAISON_BRUTE,MATCH,,CERTAIN,CONFORME,CONFORME,0.99,AUCUNE,0,"Niveau 1 : valeurs identiques (NomFamille='Nom2173396', surname='Nom2173396').",,,,Aucune action.,,False,,,"{""NomFamille"": ""Nom2173396""}",,"Employe_Source_Anonymise_VF.xlsx ligne 15 ; Employe_Destination_Anonymise_VF.xlsx ligne 14 ; Mapping.xlsx › Mapping, ligne 3","Mapping.xlsx › Mapping, ligne 3",base CONFORME=0.99 ; ×appariement 1.00 = 0.99,,,,,,CONFORME
C-2173396-S15-D14-onboardDate,2173396,Pre2173396 Nom2173396,COMPARAISON_CHAMP,onboardDate,P · poste 69289 · emploi 6900 · début 2019-04-29,15,14,APPARIE,1.0,DateEmbaucheRécente,2017-12-10,2017-12-10T00:00:00.000Z,2017-12-10,2017-12-10,2017-12-10,,IDENTIQUE_APRES_NORMALISATION,R_DIRECT,Copie directe (mapping N/A),COMPARAISON_BRUTE,MATCH,,CERTAIN,CONFORME,CONFORME,0.95,AUCUNE,0,Niveau 1 : différence de format uniquement ('2017-12-10' vs '2017-12-10T00:00:00.000Z' → '2017-12-10').,,,,Aucune action.,,False,,,"{""DateEmbaucheRécente"": ""2017-12-10""}",,"Employe_Source_Anonymise_VF.xlsx ligne 15 ; Employe_Destination_Anonymise_VF.xlsx ligne 14 ; Mapping.xlsx › Mapping, ligne 7","Mapping.xlsx › Mapping, ligne 7",base CONFORME=0.95 ; ×appariement 1.00 = 0.95,,,,,,CONFORME
C-2173396-S15-D14-siteName,2173396,Pre2173396 Nom2173396,COMPARAISON_CHAMP,siteName,P · poste 69289 · emploi 6900 · début 2019-04-29,15,14,APPARIE,1.0,LibelléSite,Emplacement48,Emplacement48,emplacement48,emplacement48,Emplacement48,,IDENTIQUE,R_DIRECT,Copie directe (mapping N/A),COMPARAISON_BRUTE,MATCH,,CERTAIN,CONFORME,CONFORME,0.99,AUCUNE,0,"Niveau 1 : valeurs identiques (LibelléSite='Emplacement48', siteName='Emplacement48').",,,,Aucune action.,,False,,,"{""LibelléSite"": ""Emplacement48""}",,"Employe_Source_Anonymise_VF.xlsx ligne 15 ; Employe_Destination_Anonymise_VF.xlsx ligne 14 ; Mapping.xlsx › Mapping, ligne 9","Mapping.xlsx › Mapping, ligne 9",base CONFORME=0.99 ; ×appariement 1.00 = 0.99,,,,,,CONFORME
C-2173396-S15-D14-siteCode,2173396,Pre2173396 Nom2173396,COMPARAISON_CHAMP,siteCode,P · poste 69289 · emploi 6900 · début 2019-04-29,15,14,APPARIE,1.0,CodeSite,48,48,48,48,48,,IDENTIQUE,R_DIRECT,Copie directe (mapping N/A),COMPARAISON_BRUTE,MATCH,,CERTAIN,CONFORME,CONFORME,0.99,AUCUNE,0,"Niveau 1 : valeurs identiques (CodeSite='48', siteCode='48').",,,,Aucune action.,,False,,,"{""CodeSite"": ""48""}",,"Employe_Source_Anonymise_VF.xlsx ligne 15 ; Employe_Destination_Anonymise_VF.xlsx ligne 14 ; Mapping.xlsx › Mapping, ligne 10","Mapping.xlsx › Mapping, ligne 10",base CONFORME=0.99 ; ×appariement 1.00 = 0.99,,,,,,CONFORME
C-2173396-S15-D14-divisionId,2173396,Pre2173396 Nom2173396,COMPARAISON_CHAMP,divisionId,P · poste 69289 · emploi 6900 · début 2019-04-29,15,14,APPARIE,1.0,CodeDirection,352,352,352,352,352,,IDENTIQUE,R_DIRECT,Copie directe (mapping N/A),COMPARAISON_BRUTE,MATCH,,CERTAIN,CONFORME,CONFORME,0.99,AUCUNE,0,"Niveau 1 : valeurs identiques (CodeDirection='352', divisionId='352').",,,,Aucune action.,,False,,,"{""CodeDirection"": ""352""}",,"Employe_Source_Anonymise_VF.xlsx ligne 15 ; Employe_Destination_Anonymise_VF.xlsx ligne 14 ; Mapping.xlsx › Mapping, ligne 11","Mapping.xlsx › Mapping, ligne 11",base CONFORME=0.99 ; ×appariement 1.00 = 0.99,,,,,,CONFORME
C-2173396-S15-D14-divisionName,2173396,Pre2173396 Nom2173396,COMPARAISON_CHAMP,divisionName,P · poste 69289 · emploi 6900 · début 2019-04-29,15,14,APPARIE,1.0,LibelléDirection,UnitAdmin00352,00352-UnitAdmin00352,unitadmin00352,00352-unitadmin00352,352-UnitAdmin00352,,DIFFERENT,R_CONCAT_DIVISION,Concaténation CodeDirection + '-' + LibelléDirection,REGLE_DETERMINISTE,MATCH,zéros non significatifs du code ignorés,DERIVE,ECART_JUSTIFIE,ECART_JUSTIFIE,0.92,AUCUNE,0,"Niveau 1 : LibelléDirection='UnitAdmin00352' ≠ divisionName='00352-UnitAdmin00352'. Niveau 2 : écart expliqué par R_CONCAT_DIVISION [Mapping.xlsx › Mapping, ligne 12] : CodeDirection + '-' + LibelléDirection → attendu '352-UnitAdmin00352' (zéros non significatifs du code ignorés).",,,,Aucune action.,,False,,,"{""CodeDirection"": ""352"", ""LibelléDirection"": ""UnitAdmin00352""}","{""code_destination"": ""00352"", ""libelle_destination"": ""UnitAdmin00352""}","Employe_Source_Anonymise_VF.xlsx ligne 15 ; Employe_Destination_Anonymise_VF.xlsx ligne 14 ; Mapping.xlsx › Mapping, ligne 12","Mapping.xlsx › Mapping, ligne 12",base ECART_JUSTIFIE=0.92 ; ×appariement 1.00 = 0.92,,,,,,ECART_JUSTIFIE
C-2173396-S15-D14-divisionCode,2173396,Pre2173396 Nom2173396,COMPARAISON_CHAMP,divisionCode,P · poste 69289 · emploi 6900 · début 2019-04-29,15,14,APPARIE,1.0,CodeImputation,2778,2778,2778,2778,2778,,IDENTIQUE,R_DIRECT,Copie directe (mapping N/A),COMPARAISON_BRUTE,MATCH,,CERTAIN,CONFORME,CONFORME,0.99,AUCUNE,0,"Niveau 1 : valeurs identiques (CodeImputation='2778', divisionCode='2778').",,,,Aucune action.,,False,,,"{""CodeImputation"": ""2778""}",,"Employe_Source_Anonymise_VF.xlsx ligne 15 ; Employe_Destination_Anonymise_VF.xlsx ligne 14 ; Mapping.xlsx › Mapping, ligne 13","Mapping.xlsx › Mapping, ligne 13",base CONFORME=0.99 ; ×appariement 1.00 = 0.99,,,,,,CONFORME
C-2173396-S15-D14-positionId,2173396,Pre2173396 Nom2173396,COMPARAISON_CHAMP,positionId,P · poste 69289 · emploi 6900 · début 2019-04-29,15,14,APPARIE,1.0,CodeEmploi,6900,6900,6900,6900,6900,,IDENTIQUE,R_DIRECT,Copie directe (mapping N/A),COMPARAISON_BRUTE,MATCH,,CERTAIN,CONFORME,CONFORME,0.99,AUCUNE,0,"Niveau 1 : valeurs identiques (CodeEmploi='6900', positionId='6900').",,,,Aucune action.,,False,,,"{""CodeEmploi"": ""6900""}",,"Employe_Source_Anonymise_VF.xlsx ligne 15 ; Employe_Destination_Anonymise_VF.xlsx ligne 14 ; Mapping.xlsx › Mapping, ligne 14","Mapping.xlsx › Mapping, ligne 14",base CONFORME=0.99 ; ×appariement 1.00 = 0.99,,,,,,CONFORME
C-2173396-S15-D14-positionCode,2173396,Pre2173396 Nom2173396,COMPARAISON_CHAMP,positionCode,P · poste 69289 · emploi 6900 · début 2019-04-29,15,14,APPARIE,1.0,CodeEmploi,6900,6900,6900,6900,6900,,IDENTIQUE,R_DIRECT,Copie directe (mapping N/A),COMPARAISON_BRUTE,MATCH,,CERTAIN,CONFORME,CONFORME,0.99,AUCUNE,0,"Niveau 1 : valeurs identiques (CodeEmploi='6900', positionCode='6900').",,,,Aucune action.,,False,,,"{""CodeEmploi"": ""6900""}",,"Employe_Source_Anonymise_VF.xlsx ligne 15 ; Employe_Destination_Anonymise_VF.xlsx ligne 14 ; Mapping.xlsx › Mapping, ligne 16","Mapping.xlsx › Mapping, ligne 16",base CONFORME=0.99 ; ×appariement 1.00 = 0.99,,,,,,CONFORME
C-2173396-S15-D14-statusReasonCode,2173396,Pre2173396 Nom2173396,COMPARAISON_CHAMP,statusReasonCode,P · poste 69289 · emploi 6900 · début 2019-04-29,15,14,APPARIE,1.0,"CodeStatutEmploi, CodeRaisonStatut, DateEffetRaison",703,,703,,,,DESTINATION_VIDE,R_SITUATION_EMPLOI,Table 'Règles situation d'emploi' + jointure motifs,REGLE_DETERMINISTE,MATCH,,DERIVE,ECART_JUSTIFIE,ECART_JUSTIFIE,0.92,AUCUNE,0,"Niveau 1 : CodeRaisonStatut='703' ≠ statusReasonCode='∅'. Niveau 2 : écart expliqué par R_SITUATION_EMPLOI [Mapping.xlsx › Mapping, lignes 17-21] : situation 'Actif' (codes d'accès [0, 1], ligne 2) → cf_CAD = null → attendu '∅'.",,,,Aucune action.,,False,,,"{""CodeSuspensionAccès"": ""1"", ""CodeStatutEmploi"": ""1"", ""CodeRaisonStatut"": ""703"", ""DateEffetRaison"": ""2024-05-13"", ""DateRetourAnticipée"": """"}","{""motif_trouve"": false}","Employe_Source_Anonymise_VF.xlsx ligne 15 ; Employe_Destination_Anonymise_VF.xlsx ligne 14 ; Mapping.xlsx › Mapping, lignes 17-21 ; Mapping.xlsx › Règles situation d'emploi","Mapping.xlsx › Mapping, lignes 17-21",base ECART_JUSTIFIE=0.92 ; ×appariement 1.00 = 0.92,,,,,,ECART_JUSTIFIE
C-2173396-S15-D14-expectedReturnDate,2173396,Pre2173396 Nom2173396,COMPARAISON_CHAMP,expectedReturnDate,P · poste 69289 · emploi 6900 · début 2019-04-29,15,14,APPARIE,1.0,DateRetourAnticipée,,,,,,,VIDE_DES_DEUX_COTES,R_SITUATION_EMPLOI,Table 'Règles situation d'emploi' + jointure motifs,REGLE_DETERMINISTE,MATCH,,DERIVE,CONFORME,CONFORME,0.95,AUCUNE,0,Niveau 1 : valeur vide des deux côtés (DateRetourAnticipée / expectedReturnDate).,,,,Aucune action.,,False,,,"{""CodeSuspensionAccès"": ""1"", ""CodeStatutEmploi"": ""1"", ""CodeRaisonStatut"": ""703"", ""DateEffetRaison"": ""2024-05-13"", ""DateRetourAnticipée"": """"}","{""motif_trouve"": false}","Employe_Source_Anonymise_VF.xlsx ligne 15 ; Employe_Destination_Anonymise_VF.xlsx ligne 14 ; Mapping.xlsx › Mapping, ligne 22 ; Mapping.xlsx › Règles situation d'emploi","Mapping.xlsx › Mapping, ligne 22",base CONFORME=0.95 ; ×appariement 1.00 = 0.95,,,,,,CONFORME
C-2173396-S15-D14-detailedStatus,2173396,Pre2173396 Nom2173396,COMPARAISON_CHAMP,detailedStatus,P · poste 69289 · emploi 6900 · début 2019-04-29,15,14,APPARIE,1.0,-,,Actif,,actif,Actif,,NON_COMPARABLE,R_SITUATION_EMPLOI,Table 'Règles situation d'emploi' + jointure motifs,REGLE_DETERMINISTE,MATCH,,DERIVE,CONFORME,CONFORME,0.95,AUCUNE,0,"Niveau 2 : R_SITUATION_EMPLOI [Mapping.xlsx › Mapping, ligne 23] dérive 'Actif' (situation 'Actif' (codes d'accès [0, 1], ligne 2)) ; identique à la destination.",,,,Aucune action.,,False,,,"{""CodeSuspensionAccès"": ""1"", ""CodeStatutEmploi"": ""1"", ""CodeRaisonStatut"": ""703"", ""DateEffetRaison"": ""2024-05-13"", ""DateRetourAnticipée"": """"}","{""motif_trouve"": false}","Employe_Source_Anonymise_VF.xlsx ligne 15 ; Employe_Destination_Anonymise_VF.xlsx ligne 14 ; Mapping.xlsx › Mapping, ligne 23 ; Mapping.xlsx › Règles situation d'emploi","Mapping.xlsx › Mapping, ligne 23",base CONFORME=0.95 ; ×appariement 1.00 = 0.95,,,,,,CONFORME
C-2173396-S15-D14-contractTypeCode,2173396,Pre2173396 Nom2173396,COMPARAISON_CHAMP,contractTypeCode,P · poste 69289 · emploi 6900 · début 2019-04-29,15,14,APPARIE,1.0,"CatégorieEmploi, EMPT_CD, EstPermanent, PERM_IND, EstTempsPlein, FT_IND",V,JWN,v,jwn,JWN,,DIFFERENT,R_CONTRACT_TYPE,Type d'employé : table SI PERM_IND / FT_IND / EMPTP_CD,REGLE_DETERMINISTE,MATCH,,DERIVE,ECART_JUSTIFIE,ECART_JUSTIFIE,0.92,AUCUNE,0,"Niveau 1 : CatégorieEmploi='V' ≠ contractTypeCode='JWN'. Niveau 2 : écart expliqué par R_CONTRACT_TYPE [Mapping.xlsx › Mapping, lignes 24-40] : ligne de règle appliquée : SI PERM_IND=1 et FT_IND=1 et EMPTP_CD=""V"" --> Mettre ""JWN"" → attendu 'JWN'.",,,,Aucune action.,,False,,,"{""CatégorieEmploi"": ""V"", ""EstPermanent"": ""Oui (1)"", ""EstTempsPlein"": ""Oui (1)""}",,"Employe_Source_Anonymise_VF.xlsx ligne 15 ; Employe_Destination_Anonymise_VF.xlsx ligne 14 ; Mapping.xlsx › Mapping, lignes 24-40","Mapping.xlsx › Mapping, lignes 24-40",base ECART_JUSTIFIE=0.92 ; ×appariement 1.00 = 0.92,,,,,,ECART_JUSTIFIE
C-2173396-S15-D14-isPrimaryAssignment,2173396,Pre2173396 Nom2173396,COMPARAISON_CHAMP,isPrimaryAssignment,P · poste 69289 · emploi 6900 · début 2019-04-29,15,14,APPARIE,1.0,TypeAffectation,P,true,P,true,true,,DIFFERENT,R_ASSIGNMENT_TYPE,TypeAffectation P/A/S → indicateurs primaire/temporaire,REGLE_DETERMINISTE,MATCH,,DERIVE,ECART_JUSTIFIE,ECART_JUSTIFIE,0.92,AUCUNE,0,"Niveau 1 : TypeAffectation='P' ≠ isPrimaryAssignment='true'. Niveau 2 : écart expliqué par R_ASSIGNMENT_TYPE [Mapping.xlsx › Mapping, lignes 41-45] : Type aff = P → primaire=true, temporaire=false → attendu 'true'.",,,,Aucune action.,,False,,,"{""TypeAffectation"": ""P""}",,"Employe_Source_Anonymise_VF.xlsx ligne 15 ; Employe_Destination_Anonymise_VF.xlsx ligne 14 ; Mapping.xlsx › Mapping, lignes 41-45","Mapping.xlsx › Mapping, lignes 41-45",base ECART_JUSTIFIE=0.92 ; ×appariement 1.00 = 0.92,,,,,,ECART_JUSTIFIE
C-2173396-S15-D14-isTemporaryAssignment,2173396,Pre2173396 Nom2173396,COMPARAISON_CHAMP,isTemporaryAssignment,P · poste 69289 · emploi 6900 · début 2019-04-29,15,14,APPARIE,1.0,TypeAffectation,P,false,P,false,false,,DIFFERENT,R_ASSIGNMENT_TYPE,TypeAffectation P/A/S → indicateurs primaire/temporaire,REGLE_DETERMINISTE,MATCH,,DERIVE,ECART_JUSTIFIE,ECART_JUSTIFIE,0.92,AUCUNE,0,"Niveau 1 : TypeAffectation='P' ≠ isTemporaryAssignment='false'. Niveau 2 : écart expliqué par R_ASSIGNMENT_TYPE [Mapping.xlsx › Mapping, lignes 41-45] : Type aff = P → primaire=true, temporaire=false → attendu 'false'.",,,,Aucune action.,,False,,,"{""TypeAffectation"": ""P""}",,"Employe_Source_Anonymise_VF.xlsx ligne 15 ; Employe_Destination_Anonymise_VF.xlsx ligne 14 ; Mapping.xlsx › Mapping, lignes 41-45","Mapping.xlsx › Mapping, lignes 41-45",base ECART_JUSTIFIE=0.92 ; ×appariement 1.00 = 0.92,,,,,,ECART_JUSTIFIE
C-2173396-S15-D14-assignmentStartDate,2173396,Pre2173396 Nom2173396,COMPARAISON_CHAMP,assignmentStartDate,P · poste 69289 · emploi 6900 · début 2019-04-29,15,14,APPARIE,1.0,DateEntréePoste,2019-04-29,2019-04-29,2019-04-29,2019-04-29,2019-04-29,,IDENTIQUE,R_ASSIGNMENT_START,Date d'effet : DateEntréePoste vs date d'effet de l'unité adm. (détail du poste),REGLE_DETERMINISTE,MATCH,,DERIVE,CONFORME,CONFORME,0.99,AUCUNE,0,"Niveau 1 : valeurs identiques (DateEntréePoste='2019-04-29', assignmentStartDate='2019-04-29') ; Niveau 2 : R_ASSIGNMENT_START [Mapping.xlsx › Mapping, lignes 46-48] confirme la valeur attendue '2019-04-29' (MAX(DateEntréePoste 2019-04-29, date d'effet du détail du poste courant 1997-06-24) = 2019-04-29 → date d'effet du poste (source) [enregistrement courant (ligne 72) différent du précédent (ligne 71) sur : CodeDirectionAffectée]).",,,,Aucune action.,,False,,,"{""DateEntréePoste"": ""2019-04-29"", ""CodePoste"": ""69289"", ""CodeDirection"": ""352""}","{""date_effet_detail_courant"": ""1997-06-24"", ""ligne_detail_courant"": 72, ""methode_detail_poste"": ""enregistrement courant (ligne 72) différent du précédent (ligne 71) sur : CodeDirectionAffectée"", ""historique"": ""1987-11-21 (unité 325) → 1991-06-18 (unité 320) → 1993-12-14 (unité 320) → 1997-06-24 (unité 352)"", ""EFFDT_min"": ""1987-11-21"", ""EFFDT_max"": ""1997-06-24"", ""lignes_detail_poste"": [69, 70, 71, 72], ""valeur_lecture_litterale_MIN"": ""1997-06-24""}","Employe_Source_Anonymise_VF.xlsx ligne 15 ; Employe_Destination_Anonymise_VF.xlsx ligne 14 ; Mapping.xlsx › Mapping, lignes 46-48 ; détail_du_poste.xlsx lignes 69-72","Mapping.xlsx › Mapping, lignes 46-48",base CONFORME=0.99 ; ×appariement 1.00 = 0.99,,,,,,CONFORME
C-2173396-S15-D14-payGradeId,2173396,Pre2173396 Nom2173396,COMPARAISON_CHAMP,payGradeId,P · poste 69289 · emploi 6900 · début 2019-04-29,15,14,APPARIE,1.0,ÉchelleSalariale,260,260,260,260,260,,IDENTIQUE,R_DIRECT,Copie directe (mapping N/A),COMPARAISON_BRUTE,MATCH,,CERTAIN,CONFORME,CONFORME,0.99,AUCUNE,0,"Niveau 1 : valeurs identiques (ÉchelleSalariale='260', payGradeId='260').",,,,Aucune action.,,False,,,"{""ÉchelleSalariale"": ""260""}",,"Employe_Source_Anonymise_VF.xlsx ligne 15 ; Employe_Destination_Anonymise_VF.xlsx ligne 14 ; Mapping.xlsx › Mapping, ligne 49","Mapping.xlsx › Mapping, ligne 49",base CONFORME=0.99 ; ×appariement 1.00 = 0.99,,,,,,CONFORME
C-2173396-S15-D14-weeklyHoursOverride,2173396,Pre2173396 Nom2173396,COMPARAISON_CHAMP,weeklyHoursOverride,P · poste 69289 · emploi 6900 · début 2019-04-29,15,14,APPARIE,1.0,HeuresNormeHebdo,40,40,40,40,40,,IDENTIQUE,R_DIRECT,Copie directe (mapping N/A),COMPARAISON_BRUTE,MATCH,,CERTAIN,CONFORME,CONFORME,0.99,AUCUNE,0,"Niveau 1 : valeurs identiques (HeuresNormeHebdo='40', weeklyHoursOverride='40').",,,,Aucune action.,,False,,,"{""HeuresNormeHebdo"": ""40""}","{""heures_semaine_poste"": 40, ""CodeQuart"": ""23""}","Employe_Source_Anonymise_VF.xlsx ligne 15 ; Employe_Destination_Anonymise_VF.xlsx ligne 14 ; Mapping.xlsx › Mapping, ligne 51 ; détail_du_poste.xlsx (contexte) lignes 72","Mapping.xlsx › Mapping, ligne 51",base CONFORME=0.99 ; ×appariement 1.00 = 0.99,,,,,,CONFORME
C-2173396-S15-D14-dailyHoursOverride,2173396,Pre2173396 Nom2173396,COMPARAISON_CHAMP,dailyHoursOverride,P · poste 69289 · emploi 6900 · début 2019-04-29,15,14,APPARIE,1.0,HeuresNormeQuotidienne,8,8,8,8,8,,IDENTIQUE,R_DIRECT,Copie directe (mapping N/A),COMPARAISON_BRUTE,MATCH,,CERTAIN,CONFORME,CONFORME,0.99,AUCUNE,0,"Niveau 1 : valeurs identiques (HeuresNormeQuotidienne='8', dailyHoursOverride='8').",,,,Aucune action.,,False,,,"{""HeuresNormeQuotidienne"": ""8""}","{""heures_jour_poste"": 8, ""CodeQuart"": ""23""}","Employe_Source_Anonymise_VF.xlsx ligne 15 ; Employe_Destination_Anonymise_VF.xlsx ligne 14 ; Mapping.xlsx › Mapping, ligne 52 ; détail_du_poste.xlsx (contexte) lignes 72","Mapping.xlsx › Mapping, ligne 52",base CONFORME=0.99 ; ×appariement 1.00 = 0.99,,,,,,CONFORME
C-2173396-S15-D14-assignmentEndDate,2173396,Pre2173396 Nom2173396,COMPARAISON_CHAMP,assignmentEndDate,P · poste 69289 · emploi 6900 · début 2019-04-29,15,14,APPARIE,1.0,DateSortiePoste,,,,,,,VIDE_DES_DEUX_COTES,R_ASSIGNMENT_END,"Date de fin : MIN(DateSortiePoste, fin de l'unité adm. courante)",REGLE_DETERMINISTE,MATCH,,DERIVE,CONFORME,CONFORME,0.95,AUCUNE,0,Niveau 1 : valeur vide des deux côtés (DateSortiePoste / assignmentEndDate).,,,,Aucune action.,,False,,,"{""DateSortiePoste"": """", ""CodePoste"": ""69289""}","{""fin_unite_adm"": """", ""methode_unite_adm"": ""changement d'unité détecté 320 → 352 le 1997-06-24""}","Employe_Source_Anonymise_VF.xlsx ligne 15 ; Employe_Destination_Anonymise_VF.xlsx ligne 14 ; Mapping.xlsx › Mapping, lignes 53-55 ; détail_du_poste.xlsx lignes 69-72","Mapping.xlsx › Mapping, lignes 53-55",base CONFORME=0.95 ; ×appariement 1.00 = 0.95,,,,,,CONFORME
C-2173396-S15-D14-termEndDate,2173396,Pre2173396 Nom2173396,COMPARAISON_CHAMP,termEndDate,P · poste 69289 · emploi 6900 · début 2019-04-29,15,14,APPARIE,1.0,DateSortiePoste,,,,,,,VIDE_DES_DEUX_COTES,R_ASSIGNMENT_END,"Date de fin : MIN(DateSortiePoste, fin de l'unité adm. courante)",REGLE_DETERMINISTE,MATCH,,DERIVE,CONFORME,CONFORME,0.95,AUCUNE,0,Niveau 1 : valeur vide des deux côtés (DateSortiePoste / termEndDate).,,,,Aucune action.,,False,,,"{""DateSortiePoste"": """", ""CodePoste"": ""69289""}","{""fin_unite_adm"": """", ""methode_unite_adm"": ""changement d'unité détecté 320 → 352 le 1997-06-24""}","Employe_Source_Anonymise_VF.xlsx ligne 15 ; Employe_Destination_Anonymise_VF.xlsx ligne 14 ; Mapping.xlsx › Mapping, lignes 56-58 ; détail_du_poste.xlsx lignes 69-72","Mapping.xlsx › Mapping, lignes 56-58",base CONFORME=0.95 ; ×appariement 1.00 = 0.95,,,,,,CONFORME
C-2648214-S20-D19-givenName,2648214,Pre2648214 Nom2648214,COMPARAISON_CHAMP,givenName,P · poste 73721 · emploi 6972 · début 2001-02-05,20,19,APPARIE,1.0,PrénomUsuel,Pre2648214,Pre2648214,pre2648214,pre2648214,Pre2648214,,IDENTIQUE,R_DIRECT,Copie directe (mapping N/A),COMPARAISON_BRUTE,MATCH,,CERTAIN,CONFORME,CONFORME,0.99,AUCUNE,0,"Niveau 1 : valeurs identiques (PrénomUsuel='Pre2648214', givenName='Pre2648214').",,,,Aucune action.,,False,,,"{""PrénomUsuel"": ""Pre2648214""}",,"Employe_Source_Anonymise_VF.xlsx ligne 20 ; Employe_Destination_Anonymise_VF.xlsx ligne 19 ; Mapping.xlsx › Mapping, ligne 2","Mapping.xlsx › Mapping, ligne 2",base CONFORME=0.99 ; ×appariement 1.00 = 0.99,,,,,,CONFORME
C-2648214-S20-D19-surname,2648214,Pre2648214 Nom2648214,COMPARAISON_CHAMP,surname,P · poste 73721 · emploi 6972 · début 2001-02-05,20,19,APPARIE,1.0,NomFamille,Nom2648214,Nom2648214,nom2648214,nom2648214,Nom2648214,,IDENTIQUE,R_DIRECT,Copie directe (mapping N/A),COMPARAISON_BRUTE,MATCH,,CERTAIN,CONFORME,CONFORME,0.99,AUCUNE,0,"Niveau 1 : valeurs identiques (NomFamille='Nom2648214', surname='Nom2648214').",,,,Aucune action.,,False,,,"{""NomFamille"": ""Nom2648214""}",,"Employe_Source_Anonymise_VF.xlsx ligne 20 ; Employe_Destination_Anonymise_VF.xlsx ligne 19 ; Mapping.xlsx › Mapping, ligne 3","Mapping.xlsx › Mapping, ligne 3",base CONFORME=0.99 ; ×appariement 1.00 = 0.99,,,,,,CONFORME
C-2648214-S20-D19-onboardDate,2648214,Pre2648214 Nom2648214,COMPARAISON_CHAMP,onboardDate,P · poste 73721 · emploi 6972 · début 2001-02-05,20,19,APPARIE,1.0,DateEmbaucheRécente,1992-10-16,1992-10-16T00:00:00.000Z,1992-10-16,1992-10-16,1992-10-16,,IDENTIQUE_APRES_NORMALISATION,R_DIRECT,Copie directe (mapping N/A),COMPARAISON_BRUTE,MATCH,,CERTAIN,CONFORME,CONFORME,0.95,AUCUNE,0,Niveau 1 : différence de format uniquement ('1992-10-16' vs '1992-10-16T00:00:00.000Z' → '1992-10-16').,,,,Aucune action.,,False,,,"{""DateEmbaucheRécente"": ""1992-10-16""}",,"Employe_Source_Anonymise_VF.xlsx ligne 20 ; Employe_Destination_Anonymise_VF.xlsx ligne 19 ; Mapping.xlsx › Mapping, ligne 7","Mapping.xlsx › Mapping, ligne 7",base CONFORME=0.95 ; ×appariement 1.00 = 0.95,,,,,,CONFORME
C-2648214-S20-D19-siteName,2648214,Pre2648214 Nom2648214,COMPARAISON_CHAMP,siteName,P · poste 73721 · emploi 6972 · début 2001-02-05,20,19,APPARIE,1.0,LibelléSite,Emplacement48,Emplacement48,emplacement48,emplacement48,Emplacement48,,IDENTIQUE,R_DIRECT,Copie directe (mapping N/A),COMPARAISON_BRUTE,MATCH,,CERTAIN,CONFORME,CONFORME,0.99,AUCUNE,0,"Niveau 1 : valeurs identiques (LibelléSite='Emplacement48', siteName='Emplacement48').",,,,Aucune action.,,False,,,"{""LibelléSite"": ""Emplacement48""}",,"Employe_Source_Anonymise_VF.xlsx ligne 20 ; Employe_Destination_Anonymise_VF.xlsx ligne 19 ; Mapping.xlsx › Mapping, ligne 9","Mapping.xlsx › Mapping, ligne 9",base CONFORME=0.99 ; ×appariement 1.00 = 0.99,,,,,,CONFORME
C-2648214-S20-D19-siteCode,2648214,Pre2648214 Nom2648214,COMPARAISON_CHAMP,siteCode,P · poste 73721 · emploi 6972 · début 2001-02-05,20,19,APPARIE,1.0,CodeSite,48,48,48,48,48,,IDENTIQUE,R_DIRECT,Copie directe (mapping N/A),COMPARAISON_BRUTE,MATCH,,CERTAIN,CONFORME,CONFORME,0.99,AUCUNE,0,"Niveau 1 : valeurs identiques (CodeSite='48', siteCode='48').",,,,Aucune action.,,False,,,"{""CodeSite"": ""48""}",,"Employe_Source_Anonymise_VF.xlsx ligne 20 ; Employe_Destination_Anonymise_VF.xlsx ligne 19 ; Mapping.xlsx › Mapping, ligne 10","Mapping.xlsx › Mapping, ligne 10",base CONFORME=0.99 ; ×appariement 1.00 = 0.99,,,,,,CONFORME
C-2648214-S20-D19-divisionId,2648214,Pre2648214 Nom2648214,COMPARAISON_CHAMP,divisionId,P · poste 73721 · emploi 6972 · début 2001-02-05,20,19,APPARIE,1.0,CodeDirection,311,311,311,311,311,,IDENTIQUE,R_DIRECT,Copie directe (mapping N/A),COMPARAISON_BRUTE,MATCH,,CERTAIN,CONFORME,CONFORME,0.99,AUCUNE,0,"Niveau 1 : valeurs identiques (CodeDirection='311', divisionId='311').",,,,Aucune action.,,False,,,"{""CodeDirection"": ""311""}",,"Employe_Source_Anonymise_VF.xlsx ligne 20 ; Employe_Destination_Anonymise_VF.xlsx ligne 19 ; Mapping.xlsx › Mapping, ligne 11","Mapping.xlsx › Mapping, ligne 11",base CONFORME=0.99 ; ×appariement 1.00 = 0.99,,,,,,CONFORME
C-2648214-S20-D19-divisionName,2648214,Pre2648214 Nom2648214,COMPARAISON_CHAMP,divisionName,P · poste 73721 · emploi 6972 · début 2001-02-05,20,19,APPARIE,1.0,LibelléDirection,UnitAdmin00311,00311-UnitAdmin00311,unitadmin00311,00311-unitadmin00311,311-UnitAdmin00311,,DIFFERENT,R_CONCAT_DIVISION,Concaténation CodeDirection + '-' + LibelléDirection,REGLE_DETERMINISTE,MATCH,zéros non significatifs du code ignorés,DERIVE,ECART_JUSTIFIE,ECART_JUSTIFIE,0.92,AUCUNE,0,"Niveau 1 : LibelléDirection='UnitAdmin00311' ≠ divisionName='00311-UnitAdmin00311'. Niveau 2 : écart expliqué par R_CONCAT_DIVISION [Mapping.xlsx › Mapping, ligne 12] : CodeDirection + '-' + LibelléDirection → attendu '311-UnitAdmin00311' (zéros non significatifs du code ignorés).",,,,Aucune action.,,False,,,"{""CodeDirection"": ""311"", ""LibelléDirection"": ""UnitAdmin00311""}","{""code_destination"": ""00311"", ""libelle_destination"": ""UnitAdmin00311""}","Employe_Source_Anonymise_VF.xlsx ligne 20 ; Employe_Destination_Anonymise_VF.xlsx ligne 19 ; Mapping.xlsx › Mapping, ligne 12","Mapping.xlsx › Mapping, ligne 12",base ECART_JUSTIFIE=0.92 ; ×appariement 1.00 = 0.92,,,,,,ECART_JUSTIFIE
C-2648214-S20-D19-divisionCode,2648214,Pre2648214 Nom2648214,COMPARAISON_CHAMP,divisionCode,P · poste 73721 · emploi 6972 · début 2001-02-05,20,19,APPARIE,1.0,CodeImputation,2883,2883,2883,2883,2883,,IDENTIQUE,R_DIRECT,Copie directe (mapping N/A),COMPARAISON_BRUTE,MATCH,,CERTAIN,CONFORME,CONFORME,0.99,AUCUNE,0,"Niveau 1 : valeurs identiques (CodeImputation='2883', divisionCode='2883').",,,,Aucune action.,,False,,,"{""CodeImputation"": ""2883""}",,"Employe_Source_Anonymise_VF.xlsx ligne 20 ; Employe_Destination_Anonymise_VF.xlsx ligne 19 ; Mapping.xlsx › Mapping, ligne 13","Mapping.xlsx › Mapping, ligne 13",base CONFORME=0.99 ; ×appariement 1.00 = 0.99,,,,,,CONFORME
C-2648214-S20-D19-positionId,2648214,Pre2648214 Nom2648214,COMPARAISON_CHAMP,positionId,P · poste 73721 · emploi 6972 · début 2001-02-05,20,19,APPARIE,1.0,CodeEmploi,6972,6972,6972,6972,6972,,IDENTIQUE,R_DIRECT,Copie directe (mapping N/A),COMPARAISON_BRUTE,MATCH,,CERTAIN,CONFORME,CONFORME,0.99,AUCUNE,0,"Niveau 1 : valeurs identiques (CodeEmploi='6972', positionId='6972').",,,,Aucune action.,,False,,,"{""CodeEmploi"": ""6972""}",,"Employe_Source_Anonymise_VF.xlsx ligne 20 ; Employe_Destination_Anonymise_VF.xlsx ligne 19 ; Mapping.xlsx › Mapping, ligne 14","Mapping.xlsx › Mapping, ligne 14",base CONFORME=0.99 ; ×appariement 1.00 = 0.99,,,,,,CONFORME
C-2648214-S20-D19-positionCode,2648214,Pre2648214 Nom2648214,COMPARAISON_CHAMP,positionCode,P · poste 73721 · emploi 6972 · début 2001-02-05,20,19,APPARIE,1.0,CodeEmploi,6972,6972,6972,6972,6972,,IDENTIQUE,R_DIRECT,Copie directe (mapping N/A),COMPARAISON_BRUTE,MATCH,,CERTAIN,CONFORME,CONFORME,0.99,AUCUNE,0,"Niveau 1 : valeurs identiques (CodeEmploi='6972', positionCode='6972').",,,,Aucune action.,,False,,,"{""CodeEmploi"": ""6972""}",,"Employe_Source_Anonymise_VF.xlsx ligne 20 ; Employe_Destination_Anonymise_VF.xlsx ligne 19 ; Mapping.xlsx › Mapping, ligne 16","Mapping.xlsx › Mapping, ligne 16",base CONFORME=0.99 ; ×appariement 1.00 = 0.99,,,,,,CONFORME
C-2648214-S20-D19-statusReasonCode,2648214,Pre2648214 Nom2648214,COMPARAISON_CHAMP,statusReasonCode,P · poste 73721 · emploi 6972 · début 2001-02-05,20,19,APPARIE,1.0,"CodeStatutEmploi, CodeRaisonStatut, DateEffetRaison",703,,703,,,,DESTINATION_VIDE,R_SITUATION_EMPLOI,Table 'Règles situation d'emploi' + jointure motifs,REGLE_DETERMINISTE,MATCH,,DERIVE,ECART_JUSTIFIE,ECART_JUSTIFIE,0.92,AUCUNE,0,"Niveau 1 : CodeRaisonStatut='703' ≠ statusReasonCode='∅'. Niveau 2 : écart expliqué par R_SITUATION_EMPLOI [Mapping.xlsx › Mapping, lignes 17-21] : situation 'Actif' (codes d'accès [0, 1], ligne 2) → cf_CAD = null → attendu '∅'.",,,,Aucune action.,,False,,,"{""CodeSuspensionAccès"": ""1"", ""CodeStatutEmploi"": ""1"", ""CodeRaisonStatut"": ""703"", ""DateEffetRaison"": ""2002-09-08"", ""DateRetourAnticipée"": """"}","{""motif_trouve"": false}","Employe_Source_Anonymise_VF.xlsx ligne 20 ; Employe_Destination_Anonymise_VF.xlsx ligne 19 ; Mapping.xlsx › Mapping, lignes 17-21 ; Mapping.xlsx › Règles situation d'emploi","Mapping.xlsx › Mapping, lignes 17-21",base ECART_JUSTIFIE=0.92 ; ×appariement 1.00 = 0.92,,,,,,ECART_JUSTIFIE
C-2648214-S20-D19-expectedReturnDate,2648214,Pre2648214 Nom2648214,COMPARAISON_CHAMP,expectedReturnDate,P · poste 73721 · emploi 6972 · début 2001-02-05,20,19,APPARIE,1.0,DateRetourAnticipée,,,,,,,VIDE_DES_DEUX_COTES,R_SITUATION_EMPLOI,Table 'Règles situation d'emploi' + jointure motifs,REGLE_DETERMINISTE,MATCH,,DERIVE,CONFORME,CONFORME,0.95,AUCUNE,0,Niveau 1 : valeur vide des deux côtés (DateRetourAnticipée / expectedReturnDate).,,,,Aucune action.,,False,,,"{""CodeSuspensionAccès"": ""1"", ""CodeStatutEmploi"": ""1"", ""CodeRaisonStatut"": ""703"", ""DateEffetRaison"": ""2002-09-08"", ""DateRetourAnticipée"": """"}","{""motif_trouve"": false}","Employe_Source_Anonymise_VF.xlsx ligne 20 ; Employe_Destination_Anonymise_VF.xlsx ligne 19 ; Mapping.xlsx › Mapping, ligne 22 ; Mapping.xlsx › Règles situation d'emploi","Mapping.xlsx › Mapping, ligne 22",base CONFORME=0.95 ; ×appariement 1.00 = 0.95,,,,,,CONFORME
C-2648214-S20-D19-detailedStatus,2648214,Pre2648214 Nom2648214,COMPARAISON_CHAMP,detailedStatus,P · poste 73721 · emploi 6972 · début 2001-02-05,20,19,APPARIE,1.0,-,,Actif,,actif,Actif,,NON_COMPARABLE,R_SITUATION_EMPLOI,Table 'Règles situation d'emploi' + jointure motifs,REGLE_DETERMINISTE,MATCH,,DERIVE,CONFORME,CONFORME,0.95,AUCUNE,0,"Niveau 2 : R_SITUATION_EMPLOI [Mapping.xlsx › Mapping, ligne 23] dérive 'Actif' (situation 'Actif' (codes d'accès [0, 1], ligne 2)) ; identique à la destination.",,,,Aucune action.,,False,,,"{""CodeSuspensionAccès"": ""1"", ""CodeStatutEmploi"": ""1"", ""CodeRaisonStatut"": ""703"", ""DateEffetRaison"": ""2002-09-08"", ""DateRetourAnticipée"": """"}","{""motif_trouve"": false}","Employe_Source_Anonymise_VF.xlsx ligne 20 ; Employe_Destination_Anonymise_VF.xlsx ligne 19 ; Mapping.xlsx › Mapping, ligne 23 ; Mapping.xlsx › Règles situation d'emploi","Mapping.xlsx › Mapping, ligne 23",base CONFORME=0.95 ; ×appariement 1.00 = 0.95,,,,,,CONFORME
C-2648214-S20-D19-contractTypeCode,2648214,Pre2648214 Nom2648214,COMPARAISON_CHAMP,contractTypeCode,P · poste 73721 · emploi 6972 · début 2001-02-05,20,19,APPARIE,1.0,"CatégorieEmploi, EMPT_CD, EstPermanent, PERM_IND, EstTempsPlein, FT_IND",V,JWN,v,jwn,JWN,,DIFFERENT,R_CONTRACT_TYPE,Type d'employé : table SI PERM_IND / FT_IND / EMPTP_CD,REGLE_DETERMINISTE,MATCH,,DERIVE,ECART_JUSTIFIE,ECART_JUSTIFIE,0.92,AUCUNE,0,"Niveau 1 : CatégorieEmploi='V' ≠ contractTypeCode='JWN'. Niveau 2 : écart expliqué par R_CONTRACT_TYPE [Mapping.xlsx › Mapping, lignes 24-40] : ligne de règle appliquée : SI PERM_IND=1 et FT_IND=1 et EMPTP_CD=""V"" --> Mettre ""JWN"" → attendu 'JWN'.",,,,Aucune action.,,False,,,"{""CatégorieEmploi"": ""V"", ""EstPermanent"": ""Oui (1)"", ""EstTempsPlein"": ""Oui (1)""}",,"Employe_Source_Anonymise_VF.xlsx ligne 20 ; Employe_Destination_Anonymise_VF.xlsx ligne 19 ; Mapping.xlsx › Mapping, lignes 24-40","Mapping.xlsx › Mapping, lignes 24-40",base ECART_JUSTIFIE=0.92 ; ×appariement 1.00 = 0.92,,,,,,ECART_JUSTIFIE
C-2648214-S20-D19-isPrimaryAssignment,2648214,Pre2648214 Nom2648214,COMPARAISON_CHAMP,isPrimaryAssignment,P · poste 73721 · emploi 6972 · début 2001-02-05,20,19,APPARIE,1.0,TypeAffectation,P,true,P,true,true,,DIFFERENT,R_ASSIGNMENT_TYPE,TypeAffectation P/A/S → indicateurs primaire/temporaire,REGLE_DETERMINISTE,MATCH,,DERIVE,ECART_JUSTIFIE,ECART_JUSTIFIE,0.92,AUCUNE,0,"Niveau 1 : TypeAffectation='P' ≠ isPrimaryAssignment='true'. Niveau 2 : écart expliqué par R_ASSIGNMENT_TYPE [Mapping.xlsx › Mapping, lignes 41-45] : Type aff = P → primaire=true, temporaire=false → attendu 'true'.",,,,Aucune action.,,False,,,"{""TypeAffectation"": ""P""}",,"Employe_Source_Anonymise_VF.xlsx ligne 20 ; Employe_Destination_Anonymise_VF.xlsx ligne 19 ; Mapping.xlsx › Mapping, lignes 41-45","Mapping.xlsx › Mapping, lignes 41-45",base ECART_JUSTIFIE=0.92 ; ×appariement 1.00 = 0.92,,,,,,ECART_JUSTIFIE
C-2648214-S20-D19-isTemporaryAssignment,2648214,Pre2648214 Nom2648214,COMPARAISON_CHAMP,isTemporaryAssignment,P · poste 73721 · emploi 6972 · début 2001-02-05,20,19,APPARIE,1.0,TypeAffectation,P,false,P,false,false,,DIFFERENT,R_ASSIGNMENT_TYPE,TypeAffectation P/A/S → indicateurs primaire/temporaire,REGLE_DETERMINISTE,MATCH,,DERIVE,ECART_JUSTIFIE,ECART_JUSTIFIE,0.92,AUCUNE,0,"Niveau 1 : TypeAffectation='P' ≠ isTemporaryAssignment='false'. Niveau 2 : écart expliqué par R_ASSIGNMENT_TYPE [Mapping.xlsx › Mapping, lignes 41-45] : Type aff = P → primaire=true, temporaire=false → attendu 'false'.",,,,Aucune action.,,False,,,"{""TypeAffectation"": ""P""}",,"Employe_Source_Anonymise_VF.xlsx ligne 20 ; Employe_Destination_Anonymise_VF.xlsx ligne 19 ; Mapping.xlsx › Mapping, lignes 41-45","Mapping.xlsx › Mapping, lignes 41-45",base ECART_JUSTIFIE=0.92 ; ×appariement 1.00 = 0.92,,,,,,ECART_JUSTIFIE
C-2648214-S20-D19-assignmentStartDate,2648214,Pre2648214 Nom2648214,COMPARAISON_CHAMP,assignmentStartDate,P · poste 73721 · emploi 6972 · début 2001-02-05,20,19,APPARIE,1.0,DateEntréePoste,2001-02-05,2001-02-05,2001-02-05,2001-02-05,2001-02-05,,IDENTIQUE,R_ASSIGNMENT_START,Date d'effet : DateEntréePoste vs date d'effet de l'unité adm. (détail du poste),REGLE_DETERMINISTE,MATCH,,DERIVE,CONFORME,CONFORME,0.99,AUCUNE,0,"Niveau 1 : valeurs identiques (DateEntréePoste='2001-02-05', assignmentStartDate='2001-02-05') ; Niveau 2 : R_ASSIGNMENT_START [Mapping.xlsx › Mapping, lignes 46-48] confirme la valeur attendue '2001-02-05' (MAX(DateEntréePoste 2001-02-05, date d'effet du détail du poste courant 1982-02-22) = 2001-02-05 → date d'effet du poste (source) [enregistrement courant (ligne 95) différent du précédent (ligne 94) sur : CodePosteSecondaire, MatriculeGestionnaire]).",,,,Aucune action.,,False,,,"{""DateEntréePoste"": ""2001-02-05"", ""CodePoste"": ""73721"", ""CodeDirection"": ""311""}","{""date_effet_detail_courant"": ""1982-02-22"", ""ligne_detail_courant"": 95, ""methode_detail_poste"": ""enregistrement courant (ligne 95) différent du précédent (ligne 94) sur : CodePosteSecondaire, MatriculeGestionnaire"", ""historique"": ""1970-02-10 (unité 311) → 1972-02-06 (unité 311) → 1974-04-12 (unité 311) → 1977-02-28 (unité 311) → 1978-07-13 (unité 311) → 1982-02-22 (unité 311)"", ""EFFDT_min"": ""1970-02-10"", ""EFFDT_max"": ""1982-02-22"", ""lignes_detail_poste"": [90, 91, 92, 93, 94, 95], ""valeur_lecture_litterale_MIN"": ""1982-02-22""}","Employe_Source_Anonymise_VF.xlsx ligne 20 ; Employe_Destination_Anonymise_VF.xlsx ligne 19 ; Mapping.xlsx › Mapping, lignes 46-48 ; détail_du_poste.xlsx lignes 90-95","Mapping.xlsx › Mapping, lignes 46-48",base CONFORME=0.99 ; ×appariement 1.00 = 0.99,,,,,,CONFORME
C-2648214-S20-D19-payGradeId,2648214,Pre2648214 Nom2648214,COMPARAISON_CHAMP,payGradeId,P · poste 73721 · emploi 6972 · début 2001-02-05,20,19,APPARIE,1.0,ÉchelleSalariale,223,223,223,223,223,,IDENTIQUE,R_DIRECT,Copie directe (mapping N/A),COMPARAISON_BRUTE,MATCH,,CERTAIN,CONFORME,CONFORME,0.99,AUCUNE,0,"Niveau 1 : valeurs identiques (ÉchelleSalariale='223', payGradeId='223').",,,,Aucune action.,,False,,,"{""ÉchelleSalariale"": ""223""}",,"Employe_Source_Anonymise_VF.xlsx ligne 20 ; Employe_Destination_Anonymise_VF.xlsx ligne 19 ; Mapping.xlsx › Mapping, ligne 49","Mapping.xlsx › Mapping, ligne 49",base CONFORME=0.99 ; ×appariement 1.00 = 0.99,,,,,,CONFORME
C-2648214-S20-D19-weeklyHoursOverride,2648214,Pre2648214 Nom2648214,COMPARAISON_CHAMP,weeklyHoursOverride,P · poste 73721 · emploi 6972 · début 2001-02-05,20,19,APPARIE,1.0,HeuresNormeHebdo,40,40,40,40,40,,IDENTIQUE,R_DIRECT,Copie directe (mapping N/A),COMPARAISON_BRUTE,MATCH,,CERTAIN,CONFORME,CONFORME,0.99,AUCUNE,0,"Niveau 1 : valeurs identiques (HeuresNormeHebdo='40', weeklyHoursOverride='40').",,,,Aucune action.,,False,,,"{""HeuresNormeHebdo"": ""40""}","{""heures_semaine_poste"": 40, ""CodeQuart"": ""23""}","Employe_Source_Anonymise_VF.xlsx ligne 20 ; Employe_Destination_Anonymise_VF.xlsx ligne 19 ; Mapping.xlsx › Mapping, ligne 51 ; détail_du_poste.xlsx (contexte) lignes 95","Mapping.xlsx › Mapping, ligne 51",base CONFORME=0.99 ; ×appariement 1.00 = 0.99,,,,,,CONFORME
C-2648214-S20-D19-dailyHoursOverride,2648214,Pre2648214 Nom2648214,COMPARAISON_CHAMP,dailyHoursOverride,P · poste 73721 · emploi 6972 · début 2001-02-05,20,19,APPARIE,1.0,HeuresNormeQuotidienne,8,8,8,8,8,,IDENTIQUE,R_DIRECT,Copie directe (mapping N/A),COMPARAISON_BRUTE,MATCH,,CERTAIN,CONFORME,CONFORME,0.99,AUCUNE,0,"Niveau 1 : valeurs identiques (HeuresNormeQuotidienne='8', dailyHoursOverride='8').",,,,Aucune action.,,False,,,"{""HeuresNormeQuotidienne"": ""8""}","{""heures_jour_poste"": 8, ""CodeQuart"": ""23""}","Employe_Source_Anonymise_VF.xlsx ligne 20 ; Employe_Destination_Anonymise_VF.xlsx ligne 19 ; Mapping.xlsx › Mapping, ligne 52 ; détail_du_poste.xlsx (contexte) lignes 95","Mapping.xlsx › Mapping, ligne 52",base CONFORME=0.99 ; ×appariement 1.00 = 0.99,,,,,,CONFORME
C-2648214-S20-D19-assignmentEndDate,2648214,Pre2648214 Nom2648214,COMPARAISON_CHAMP,assignmentEndDate,P · poste 73721 · emploi 6972 · début 2001-02-05,20,19,APPARIE,1.0,DateSortiePoste,,,,,,,VIDE_DES_DEUX_COTES,R_ASSIGNMENT_END,"Date de fin : MIN(DateSortiePoste, fin de l'unité adm. courante)",REGLE_DETERMINISTE,MATCH,,DERIVE,CONFORME,CONFORME,0.95,AUCUNE,0,Niveau 1 : valeur vide des deux côtés (DateSortiePoste / assignmentEndDate).,,,,Aucune action.,,False,,,"{""DateSortiePoste"": """", ""CodePoste"": ""73721""}","{""fin_unite_adm"": """", ""methode_unite_adm"": ""aucun changement d'unité dans l'historique → MIN(EFFDT)""}","Employe_Source_Anonymise_VF.xlsx ligne 20 ; Employe_Destination_Anonymise_VF.xlsx ligne 19 ; Mapping.xlsx › Mapping, lignes 53-55 ; détail_du_poste.xlsx lignes 90-95","Mapping.xlsx › Mapping, lignes 53-55",base CONFORME=0.95 ; ×appariement 1.00 = 0.95,,,,,,CONFORME
C-2648214-S20-D19-termEndDate,2648214,Pre2648214 Nom2648214,COMPARAISON_CHAMP,termEndDate,P · poste 73721 · emploi 6972 · début 2001-02-05,20,19,APPARIE,1.0,DateSortiePoste,,,,,,,VIDE_DES_DEUX_COTES,R_ASSIGNMENT_END,"Date de fin : MIN(DateSortiePoste, fin de l'unité adm. courante)",REGLE_DETERMINISTE,MATCH,,DERIVE,CONFORME,CONFORME,0.95,AUCUNE,0,Niveau 1 : valeur vide des deux côtés (DateSortiePoste / termEndDate).,,,,Aucune action.,,False,,,"{""DateSortiePoste"": """", ""CodePoste"": ""73721""}","{""fin_unite_adm"": """", ""methode_unite_adm"": ""aucun changement d'unité dans l'historique → MIN(EFFDT)""}","Employe_Source_Anonymise_VF.xlsx ligne 20 ; Employe_Destination_Anonymise_VF.xlsx ligne 19 ; Mapping.xlsx › Mapping, lignes 56-58 ; détail_du_poste.xlsx lignes 90-95","Mapping.xlsx › Mapping, lignes 56-58",base CONFORME=0.95 ; ×appariement 1.00 = 0.95,,,,,,CONFORME
C-2747515-S10-D9-givenName,2747515,Pre2747515 Nom2747515,COMPARAISON_CHAMP,givenName,P · poste 63970 · emploi 6203 · début 2009-03-30,10,9,APPARIE,1.0,PrénomUsuel,Pre2747515,Pre2747515,pre2747515,pre2747515,Pre2747515,,IDENTIQUE,R_DIRECT,Copie directe (mapping N/A),COMPARAISON_BRUTE,MATCH,,CERTAIN,CONFORME,CONFORME,0.99,AUCUNE,0,"Niveau 1 : valeurs identiques (PrénomUsuel='Pre2747515', givenName='Pre2747515').",,,,Aucune action.,,False,,,"{""PrénomUsuel"": ""Pre2747515""}",,"Employe_Source_Anonymise_VF.xlsx ligne 10 ; Employe_Destination_Anonymise_VF.xlsx ligne 9 ; Mapping.xlsx › Mapping, ligne 2","Mapping.xlsx › Mapping, ligne 2",base CONFORME=0.99 ; ×appariement 1.00 = 0.99,,,,,,CONFORME
C-2747515-S10-D9-surname,2747515,Pre2747515 Nom2747515,COMPARAISON_CHAMP,surname,P · poste 63970 · emploi 6203 · début 2009-03-30,10,9,APPARIE,1.0,NomFamille,Nom2747515,Nom2747515,nom2747515,nom2747515,Nom2747515,,IDENTIQUE,R_DIRECT,Copie directe (mapping N/A),COMPARAISON_BRUTE,MATCH,,CERTAIN,CONFORME,CONFORME,0.99,AUCUNE,0,"Niveau 1 : valeurs identiques (NomFamille='Nom2747515', surname='Nom2747515').",,,,Aucune action.,,False,,,"{""NomFamille"": ""Nom2747515""}",,"Employe_Source_Anonymise_VF.xlsx ligne 10 ; Employe_Destination_Anonymise_VF.xlsx ligne 9 ; Mapping.xlsx › Mapping, ligne 3","Mapping.xlsx › Mapping, ligne 3",base CONFORME=0.99 ; ×appariement 1.00 = 0.99,,,,,,CONFORME
C-2747515-S10-D9-onboardDate,2747515,Pre2747515 Nom2747515,COMPARAISON_CHAMP,onboardDate,P · poste 63970 · emploi 6203 · début 2009-03-30,10,9,APPARIE,1.0,DateEmbaucheRécente,2004-02-08,2004-02-08T00:00:00.000Z,2004-02-08,2004-02-08,2004-02-08,,IDENTIQUE_APRES_NORMALISATION,R_DIRECT,Copie directe (mapping N/A),COMPARAISON_BRUTE,MATCH,,CERTAIN,CONFORME,CONFORME,0.95,AUCUNE,0,Niveau 1 : différence de format uniquement ('2004-02-08' vs '2004-02-08T00:00:00.000Z' → '2004-02-08').,,,,Aucune action.,,False,,,"{""DateEmbaucheRécente"": ""2004-02-08""}",,"Employe_Source_Anonymise_VF.xlsx ligne 10 ; Employe_Destination_Anonymise_VF.xlsx ligne 9 ; Mapping.xlsx › Mapping, ligne 7","Mapping.xlsx › Mapping, ligne 7",base CONFORME=0.95 ; ×appariement 1.00 = 0.95,,,,,,CONFORME
C-2747515-S10-D9-siteName,2747515,Pre2747515 Nom2747515,COMPARAISON_CHAMP,siteName,P · poste 63970 · emploi 6203 · début 2009-03-30,10,9,APPARIE,1.0,LibelléSite,Emplacement48,Emplacement48,emplacement48,emplacement48,Emplacement48,,IDENTIQUE,R_DIRECT,Copie directe (mapping N/A),COMPARAISON_BRUTE,MATCH,,CERTAIN,CONFORME,CONFORME,0.99,AUCUNE,0,"Niveau 1 : valeurs identiques (LibelléSite='Emplacement48', siteName='Emplacement48').",,,,Aucune action.,,False,,,"{""LibelléSite"": ""Emplacement48""}",,"Employe_Source_Anonymise_VF.xlsx ligne 10 ; Employe_Destination_Anonymise_VF.xlsx ligne 9 ; Mapping.xlsx › Mapping, ligne 9","Mapping.xlsx › Mapping, ligne 9",base CONFORME=0.99 ; ×appariement 1.00 = 0.99,,,,,,CONFORME
C-2747515-S10-D9-siteCode,2747515,Pre2747515 Nom2747515,COMPARAISON_CHAMP,siteCode,P · poste 63970 · emploi 6203 · début 2009-03-30,10,9,APPARIE,1.0,CodeSite,48,48,48,48,48,,IDENTIQUE,R_DIRECT,Copie directe (mapping N/A),COMPARAISON_BRUTE,MATCH,,CERTAIN,CONFORME,CONFORME,0.99,AUCUNE,0,"Niveau 1 : valeurs identiques (CodeSite='48', siteCode='48').",,,,Aucune action.,,False,,,"{""CodeSite"": ""48""}",,"Employe_Source_Anonymise_VF.xlsx ligne 10 ; Employe_Destination_Anonymise_VF.xlsx ligne 9 ; Mapping.xlsx › Mapping, ligne 10","Mapping.xlsx › Mapping, ligne 10",base CONFORME=0.99 ; ×appariement 1.00 = 0.99,,,,,,CONFORME
C-2747515-S10-D9-divisionId,2747515,Pre2747515 Nom2747515,COMPARAISON_CHAMP,divisionId,P · poste 63970 · emploi 6203 · début 2009-03-30,10,9,APPARIE,1.0,CodeDirection,348,348,348,348,348,,IDENTIQUE,R_DIRECT,Copie directe (mapping N/A),COMPARAISON_BRUTE,MATCH,,CERTAIN,CONFORME,CONFORME,0.99,AUCUNE,0,"Niveau 1 : valeurs identiques (CodeDirection='348', divisionId='348').",,,,Aucune action.,,False,,,"{""CodeDirection"": ""348""}",,"Employe_Source_Anonymise_VF.xlsx ligne 10 ; Employe_Destination_Anonymise_VF.xlsx ligne 9 ; Mapping.xlsx › Mapping, ligne 11","Mapping.xlsx › Mapping, ligne 11",base CONFORME=0.99 ; ×appariement 1.00 = 0.99,,,,,,CONFORME
C-2747515-S10-D9-divisionName,2747515,Pre2747515 Nom2747515,COMPARAISON_CHAMP,divisionName,P · poste 63970 · emploi 6203 · début 2009-03-30,10,9,APPARIE,1.0,LibelléDirection,UnitAdmin00348,00348-UnitAdmin00348,unitadmin00348,00348-unitadmin00348,348-UnitAdmin00348,,DIFFERENT,R_CONCAT_DIVISION,Concaténation CodeDirection + '-' + LibelléDirection,REGLE_DETERMINISTE,MATCH,zéros non significatifs du code ignorés,DERIVE,ECART_JUSTIFIE,ECART_JUSTIFIE,0.92,AUCUNE,0,"Niveau 1 : LibelléDirection='UnitAdmin00348' ≠ divisionName='00348-UnitAdmin00348'. Niveau 2 : écart expliqué par R_CONCAT_DIVISION [Mapping.xlsx › Mapping, ligne 12] : CodeDirection + '-' + LibelléDirection → attendu '348-UnitAdmin00348' (zéros non significatifs du code ignorés).",,,,Aucune action.,,False,,,"{""CodeDirection"": ""348"", ""LibelléDirection"": ""UnitAdmin00348""}","{""code_destination"": ""00348"", ""libelle_destination"": ""UnitAdmin00348""}","Employe_Source_Anonymise_VF.xlsx ligne 10 ; Employe_Destination_Anonymise_VF.xlsx ligne 9 ; Mapping.xlsx › Mapping, ligne 12","Mapping.xlsx › Mapping, ligne 12",base ECART_JUSTIFIE=0.92 ; ×appariement 1.00 = 0.92,,,,,,ECART_JUSTIFIE
C-2747515-S10-D9-divisionCode,2747515,Pre2747515 Nom2747515,COMPARAISON_CHAMP,divisionCode,P · poste 63970 · emploi 6203 · début 2009-03-30,10,9,APPARIE,1.0,CodeImputation,2950,2950,2950,2950,2950,,IDENTIQUE,R_DIRECT,Copie directe (mapping N/A),COMPARAISON_BRUTE,MATCH,,CERTAIN,CONFORME,CONFORME,0.99,AUCUNE,0,"Niveau 1 : valeurs identiques (CodeImputation='2950', divisionCode='2950').",,,,Aucune action.,,False,,,"{""CodeImputation"": ""2950""}",,"Employe_Source_Anonymise_VF.xlsx ligne 10 ; Employe_Destination_Anonymise_VF.xlsx ligne 9 ; Mapping.xlsx › Mapping, ligne 13","Mapping.xlsx › Mapping, ligne 13",base CONFORME=0.99 ; ×appariement 1.00 = 0.99,,,,,,CONFORME
C-2747515-S10-D9-positionId,2747515,Pre2747515 Nom2747515,COMPARAISON_CHAMP,positionId,P · poste 63970 · emploi 6203 · début 2009-03-30,10,9,APPARIE,1.0,CodeEmploi,6203,6203,6203,6203,6203,,IDENTIQUE,R_DIRECT,Copie directe (mapping N/A),COMPARAISON_BRUTE,MATCH,,CERTAIN,CONFORME,CONFORME,0.99,AUCUNE,0,"Niveau 1 : valeurs identiques (CodeEmploi='6203', positionId='6203').",,,,Aucune action.,,False,,,"{""CodeEmploi"": ""6203""}",,"Employe_Source_Anonymise_VF.xlsx ligne 10 ; Employe_Destination_Anonymise_VF.xlsx ligne 9 ; Mapping.xlsx › Mapping, ligne 14","Mapping.xlsx › Mapping, ligne 14",base CONFORME=0.99 ; ×appariement 1.00 = 0.99,,,,,,CONFORME
C-2747515-S10-D9-positionCode,2747515,Pre2747515 Nom2747515,COMPARAISON_CHAMP,positionCode,P · poste 63970 · emploi 6203 · début 2009-03-30,10,9,APPARIE,1.0,CodeEmploi,6203,6203,6203,6203,6203,,IDENTIQUE,R_DIRECT,Copie directe (mapping N/A),COMPARAISON_BRUTE,MATCH,,CERTAIN,CONFORME,CONFORME,0.99,AUCUNE,0,"Niveau 1 : valeurs identiques (CodeEmploi='6203', positionCode='6203').",,,,Aucune action.,,False,,,"{""CodeEmploi"": ""6203""}",,"Employe_Source_Anonymise_VF.xlsx ligne 10 ; Employe_Destination_Anonymise_VF.xlsx ligne 9 ; Mapping.xlsx › Mapping, ligne 16","Mapping.xlsx › Mapping, ligne 16",base CONFORME=0.99 ; ×appariement 1.00 = 0.99,,,,,,CONFORME
C-2747515-S10-D9-statusReasonCode,2747515,Pre2747515 Nom2747515,COMPARAISON_CHAMP,statusReasonCode,P · poste 63970 · emploi 6203 · début 2009-03-30,10,9,APPARIE,1.0,"CodeStatutEmploi, CodeRaisonStatut, DateEffetRaison",703,,703,,,,DESTINATION_VIDE,R_SITUATION_EMPLOI,Table 'Règles situation d'emploi' + jointure motifs,REGLE_DETERMINISTE,MATCH,,DERIVE,ECART_JUSTIFIE,ECART_JUSTIFIE,0.92,AUCUNE,0,"Niveau 1 : CodeRaisonStatut='703' ≠ statusReasonCode='∅'. Niveau 2 : écart expliqué par R_SITUATION_EMPLOI [Mapping.xlsx › Mapping, lignes 17-21] : situation 'Actif' (codes d'accès [0, 1], ligne 2) → cf_CAD = null → attendu '∅'.",,,,Aucune action.,,False,,,"{""CodeSuspensionAccès"": ""1"", ""CodeStatutEmploi"": ""1"", ""CodeRaisonStatut"": ""703"", ""DateEffetRaison"": ""2017-08-02"", ""DateRetourAnticipée"": """"}","{""motif_trouve"": false}","Employe_Source_Anonymise_VF.xlsx ligne 10 ; Employe_Destination_Anonymise_VF.xlsx ligne 9 ; Mapping.xlsx › Mapping, lignes 17-21 ; Mapping.xlsx › Règles situation d'emploi","Mapping.xlsx › Mapping, lignes 17-21",base ECART_JUSTIFIE=0.92 ; ×appariement 1.00 = 0.92,,,,,,ECART_JUSTIFIE
C-2747515-S10-D9-expectedReturnDate,2747515,Pre2747515 Nom2747515,COMPARAISON_CHAMP,expectedReturnDate,P · poste 63970 · emploi 6203 · début 2009-03-30,10,9,APPARIE,1.0,DateRetourAnticipée,,,,,,,VIDE_DES_DEUX_COTES,R_SITUATION_EMPLOI,Table 'Règles situation d'emploi' + jointure motifs,REGLE_DETERMINISTE,MATCH,,DERIVE,CONFORME,CONFORME,0.95,AUCUNE,0,Niveau 1 : valeur vide des deux côtés (DateRetourAnticipée / expectedReturnDate).,,,,Aucune action.,,False,,,"{""CodeSuspensionAccès"": ""1"", ""CodeStatutEmploi"": ""1"", ""CodeRaisonStatut"": ""703"", ""DateEffetRaison"": ""2017-08-02"", ""DateRetourAnticipée"": """"}","{""motif_trouve"": false}","Employe_Source_Anonymise_VF.xlsx ligne 10 ; Employe_Destination_Anonymise_VF.xlsx ligne 9 ; Mapping.xlsx › Mapping, ligne 22 ; Mapping.xlsx › Règles situation d'emploi","Mapping.xlsx › Mapping, ligne 22",base CONFORME=0.95 ; ×appariement 1.00 = 0.95,,,,,,CONFORME
C-2747515-S10-D9-detailedStatus,2747515,Pre2747515 Nom2747515,COMPARAISON_CHAMP,detailedStatus,P · poste 63970 · emploi 6203 · début 2009-03-30,10,9,APPARIE,1.0,-,,Actif,,actif,Actif,,NON_COMPARABLE,R_SITUATION_EMPLOI,Table 'Règles situation d'emploi' + jointure motifs,REGLE_DETERMINISTE,MATCH,,DERIVE,CONFORME,CONFORME,0.95,AUCUNE,0,"Niveau 2 : R_SITUATION_EMPLOI [Mapping.xlsx › Mapping, ligne 23] dérive 'Actif' (situation 'Actif' (codes d'accès [0, 1], ligne 2)) ; identique à la destination.",,,,Aucune action.,,False,,,"{""CodeSuspensionAccès"": ""1"", ""CodeStatutEmploi"": ""1"", ""CodeRaisonStatut"": ""703"", ""DateEffetRaison"": ""2017-08-02"", ""DateRetourAnticipée"": """"}","{""motif_trouve"": false}","Employe_Source_Anonymise_VF.xlsx ligne 10 ; Employe_Destination_Anonymise_VF.xlsx ligne 9 ; Mapping.xlsx › Mapping, ligne 23 ; Mapping.xlsx › Règles situation d'emploi","Mapping.xlsx › Mapping, ligne 23",base CONFORME=0.95 ; ×appariement 1.00 = 0.95,,,,,,CONFORME
C-2747515-S10-D9-contractTypeCode,2747515,Pre2747515 Nom2747515,COMPARAISON_CHAMP,contractTypeCode,P · poste 63970 · emploi 6203 · début 2009-03-30,10,9,APPARIE,1.0,"CatégorieEmploi, EMPT_CD, EstPermanent, PERM_IND, EstTempsPlein, FT_IND",V,JWN,v,jwn,JWN,,DIFFERENT,R_CONTRACT_TYPE,Type d'employé : table SI PERM_IND / FT_IND / EMPTP_CD,REGLE_DETERMINISTE,MATCH,,DERIVE,ECART_JUSTIFIE,ECART_JUSTIFIE,0.92,AUCUNE,0,"Niveau 1 : CatégorieEmploi='V' ≠ contractTypeCode='JWN'. Niveau 2 : écart expliqué par R_CONTRACT_TYPE [Mapping.xlsx › Mapping, lignes 24-40] : ligne de règle appliquée : SI PERM_IND=1 et FT_IND=1 et EMPTP_CD=""V"" --> Mettre ""JWN"" → attendu 'JWN'.",,,,Aucune action.,,False,,,"{""CatégorieEmploi"": ""V"", ""EstPermanent"": ""Oui (1)"", ""EstTempsPlein"": ""Oui (1)""}",,"Employe_Source_Anonymise_VF.xlsx ligne 10 ; Employe_Destination_Anonymise_VF.xlsx ligne 9 ; Mapping.xlsx › Mapping, lignes 24-40","Mapping.xlsx › Mapping, lignes 24-40",base ECART_JUSTIFIE=0.92 ; ×appariement 1.00 = 0.92,,,,,,ECART_JUSTIFIE
C-2747515-S10-D9-isPrimaryAssignment,2747515,Pre2747515 Nom2747515,COMPARAISON_CHAMP,isPrimaryAssignment,P · poste 63970 · emploi 6203 · début 2009-03-30,10,9,APPARIE,1.0,TypeAffectation,P,true,P,true,true,,DIFFERENT,R_ASSIGNMENT_TYPE,TypeAffectation P/A/S → indicateurs primaire/temporaire,REGLE_DETERMINISTE,MATCH,,DERIVE,ECART_JUSTIFIE,ECART_JUSTIFIE,0.92,AUCUNE,0,"Niveau 1 : TypeAffectation='P' ≠ isPrimaryAssignment='true'. Niveau 2 : écart expliqué par R_ASSIGNMENT_TYPE [Mapping.xlsx › Mapping, lignes 41-45] : Type aff = P → primaire=true, temporaire=false → attendu 'true'.",,,,Aucune action.,,False,,,"{""TypeAffectation"": ""P""}",,"Employe_Source_Anonymise_VF.xlsx ligne 10 ; Employe_Destination_Anonymise_VF.xlsx ligne 9 ; Mapping.xlsx › Mapping, lignes 41-45","Mapping.xlsx › Mapping, lignes 41-45",base ECART_JUSTIFIE=0.92 ; ×appariement 1.00 = 0.92,,,,,,ECART_JUSTIFIE
C-2747515-S10-D9-isTemporaryAssignment,2747515,Pre2747515 Nom2747515,COMPARAISON_CHAMP,isTemporaryAssignment,P · poste 63970 · emploi 6203 · début 2009-03-30,10,9,APPARIE,1.0,TypeAffectation,P,false,P,false,false,,DIFFERENT,R_ASSIGNMENT_TYPE,TypeAffectation P/A/S → indicateurs primaire/temporaire,REGLE_DETERMINISTE,MATCH,,DERIVE,ECART_JUSTIFIE,ECART_JUSTIFIE,0.92,AUCUNE,0,"Niveau 1 : TypeAffectation='P' ≠ isTemporaryAssignment='false'. Niveau 2 : écart expliqué par R_ASSIGNMENT_TYPE [Mapping.xlsx › Mapping, lignes 41-45] : Type aff = P → primaire=true, temporaire=false → attendu 'false'.",,,,Aucune action.,,False,,,"{""TypeAffectation"": ""P""}",,"Employe_Source_Anonymise_VF.xlsx ligne 10 ; Employe_Destination_Anonymise_VF.xlsx ligne 9 ; Mapping.xlsx › Mapping, lignes 41-45","Mapping.xlsx › Mapping, lignes 41-45",base ECART_JUSTIFIE=0.92 ; ×appariement 1.00 = 0.92,,,,,,ECART_JUSTIFIE
C-2747515-S10-D9-assignmentStartDate,2747515,Pre2747515 Nom2747515,COMPARAISON_CHAMP,assignmentStartDate,P · poste 63970 · emploi 6203 · début 2009-03-30,10,9,APPARIE,1.0,DateEntréePoste,2009-03-30,2009-03-30,2009-03-30,2009-03-30,2009-03-30,,IDENTIQUE,R_ASSIGNMENT_START,Date d'effet : DateEntréePoste vs date d'effet de l'unité adm. (détail du poste),REGLE_DETERMINISTE,MATCH,,DERIVE,CONFORME,CONFORME,0.99,AUCUNE,0,"Niveau 1 : valeurs identiques (DateEntréePoste='2009-03-30', assignmentStartDate='2009-03-30') ; Niveau 2 : R_ASSIGNMENT_START [Mapping.xlsx › Mapping, lignes 46-48] confirme la valeur attendue '2009-03-30' (MAX(DateEntréePoste 2009-03-30, date d'effet du détail du poste courant 1971-08-31) = 2009-03-30 → date d'effet du poste (source) [enregistrement courant (ligne 48) différent du précédent (ligne 47) sur : CodePosteSecondaire, MatriculeGestionnaire]).",,,,Aucune action.,,False,,,"{""DateEntréePoste"": ""2009-03-30"", ""CodePoste"": ""63970"", ""CodeDirection"": ""348""}","{""date_effet_detail_courant"": ""1971-08-31"", ""ligne_detail_courant"": 48, ""methode_detail_poste"": ""enregistrement courant (ligne 48) différent du précédent (ligne 47) sur : CodePosteSecondaire, MatriculeGestionnaire"", ""historique"": ""1958-09-11 (unité 348) → 1959-07-18 (unité 348) → 1963-01-16 (unité 348) → 1965-09-28 (unité 348) → 1969-05-18 (unité 348) → 1971-08-31 (unité 348)"", ""EFFDT_min"": ""1955-07-06"", ""EFFDT_max"": ""1971-08-31"", ""lignes_detail_poste"": [42, 43, 44, 45, 46, 47, 48], ""valeur_lecture_litterale_MIN"": ""1971-08-31""}","Employe_Source_Anonymise_VF.xlsx ligne 10 ; Employe_Destination_Anonymise_VF.xlsx ligne 9 ; Mapping.xlsx › Mapping, lignes 46-48 ; détail_du_poste.xlsx lignes 42-48","Mapping.xlsx › Mapping, lignes 46-48",base CONFORME=0.99 ; ×appariement 1.00 = 0.99,,,,,,CONFORME
C-2747515-S10-D9-payGradeId,2747515,Pre2747515 Nom2747515,COMPARAISON_CHAMP,payGradeId,P · poste 63970 · emploi 6203 · début 2009-03-30,10,9,APPARIE,1.0,ÉchelleSalariale,223,223,223,223,223,,IDENTIQUE,R_DIRECT,Copie directe (mapping N/A),COMPARAISON_BRUTE,MATCH,,CERTAIN,CONFORME,CONFORME,0.99,AUCUNE,0,"Niveau 1 : valeurs identiques (ÉchelleSalariale='223', payGradeId='223').",,,,Aucune action.,,False,,,"{""ÉchelleSalariale"": ""223""}",,"Employe_Source_Anonymise_VF.xlsx ligne 10 ; Employe_Destination_Anonymise_VF.xlsx ligne 9 ; Mapping.xlsx › Mapping, ligne 49","Mapping.xlsx › Mapping, ligne 49",base CONFORME=0.99 ; ×appariement 1.00 = 0.99,,,,,,CONFORME
C-2747515-S10-D9-weeklyHoursOverride,2747515,Pre2747515 Nom2747515,COMPARAISON_CHAMP,weeklyHoursOverride,P · poste 63970 · emploi 6203 · début 2009-03-30,10,9,APPARIE,1.0,HeuresNormeHebdo,40,40,40,40,40,,IDENTIQUE,R_DIRECT,Copie directe (mapping N/A),COMPARAISON_BRUTE,MATCH,,CERTAIN,CONFORME,CONFORME,0.99,AUCUNE,0,"Niveau 1 : valeurs identiques (HeuresNormeHebdo='40', weeklyHoursOverride='40').",,,,Aucune action.,,False,,,"{""HeuresNormeHebdo"": ""40""}","{""heures_semaine_poste"": 40, ""CodeQuart"": ""23""}","Employe_Source_Anonymise_VF.xlsx ligne 10 ; Employe_Destination_Anonymise_VF.xlsx ligne 9 ; Mapping.xlsx › Mapping, ligne 51 ; détail_du_poste.xlsx (contexte) lignes 48","Mapping.xlsx › Mapping, ligne 51",base CONFORME=0.99 ; ×appariement 1.00 = 0.99,,,,,,CONFORME
C-2747515-S10-D9-dailyHoursOverride,2747515,Pre2747515 Nom2747515,COMPARAISON_CHAMP,dailyHoursOverride,P · poste 63970 · emploi 6203 · début 2009-03-30,10,9,APPARIE,1.0,HeuresNormeQuotidienne,8,8,8,8,8,,IDENTIQUE,R_DIRECT,Copie directe (mapping N/A),COMPARAISON_BRUTE,MATCH,,CERTAIN,CONFORME,CONFORME,0.99,AUCUNE,0,"Niveau 1 : valeurs identiques (HeuresNormeQuotidienne='8', dailyHoursOverride='8').",,,,Aucune action.,,False,,,"{""HeuresNormeQuotidienne"": ""8""}","{""heures_jour_poste"": 8, ""CodeQuart"": ""23""}","Employe_Source_Anonymise_VF.xlsx ligne 10 ; Employe_Destination_Anonymise_VF.xlsx ligne 9 ; Mapping.xlsx › Mapping, ligne 52 ; détail_du_poste.xlsx (contexte) lignes 48","Mapping.xlsx › Mapping, ligne 52",base CONFORME=0.99 ; ×appariement 1.00 = 0.99,,,,,,CONFORME
C-2747515-S10-D9-assignmentEndDate,2747515,Pre2747515 Nom2747515,COMPARAISON_CHAMP,assignmentEndDate,P · poste 63970 · emploi 6203 · début 2009-03-30,10,9,APPARIE,1.0,DateSortiePoste,,,,,,,VIDE_DES_DEUX_COTES,R_ASSIGNMENT_END,"Date de fin : MIN(DateSortiePoste, fin de l'unité adm. courante)",REGLE_DETERMINISTE,MATCH,,DERIVE,CONFORME,CONFORME,0.95,AUCUNE,0,Niveau 1 : valeur vide des deux côtés (DateSortiePoste / assignmentEndDate).,,,,Aucune action.,,False,,,"{""DateSortiePoste"": """", ""CodePoste"": ""63970""}","{""fin_unite_adm"": """", ""methode_unite_adm"": ""aucun changement d'unité dans l'historique → MIN(EFFDT)""}","Employe_Source_Anonymise_VF.xlsx ligne 10 ; Employe_Destination_Anonymise_VF.xlsx ligne 9 ; Mapping.xlsx › Mapping, lignes 53-55 ; détail_du_poste.xlsx lignes 42-48","Mapping.xlsx › Mapping, lignes 53-55",base CONFORME=0.95 ; ×appariement 1.00 = 0.95,,,,,,CONFORME
C-2747515-S10-D9-termEndDate,2747515,Pre2747515 Nom2747515,COMPARAISON_CHAMP,termEndDate,P · poste 63970 · emploi 6203 · début 2009-03-30,10,9,APPARIE,1.0,DateSortiePoste,,,,,,,VIDE_DES_DEUX_COTES,R_ASSIGNMENT_END,"Date de fin : MIN(DateSortiePoste, fin de l'unité adm. courante)",REGLE_DETERMINISTE,MATCH,,DERIVE,CONFORME,CONFORME,0.95,AUCUNE,0,Niveau 1 : valeur vide des deux côtés (DateSortiePoste / termEndDate).,,,,Aucune action.,,False,,,"{""DateSortiePoste"": """", ""CodePoste"": ""63970""}","{""fin_unite_adm"": """", ""methode_unite_adm"": ""aucun changement d'unité dans l'historique → MIN(EFFDT)""}","Employe_Source_Anonymise_VF.xlsx ligne 10 ; Employe_Destination_Anonymise_VF.xlsx ligne 9 ; Mapping.xlsx › Mapping, lignes 56-58 ; détail_du_poste.xlsx lignes 42-48","Mapping.xlsx › Mapping, lignes 56-58",base CONFORME=0.95 ; ×appariement 1.00 = 0.95,,,,,,CONFORME
C-2762457-S8-D7-givenName,2762457,Pre2762457 Nom2762457,COMPARAISON_CHAMP,givenName,P · poste 30106 · emploi 6203 · début 2009-03-30,8,7,APPARIE,1.0,PrénomUsuel,Pre2762457,Pre2762457,pre2762457,pre2762457,Pre2762457,,IDENTIQUE,R_DIRECT,Copie directe (mapping N/A),COMPARAISON_BRUTE,MATCH,,CERTAIN,CONFORME,CONFORME,0.99,AUCUNE,0,"Niveau 1 : valeurs identiques (PrénomUsuel='Pre2762457', givenName='Pre2762457').",,,,Aucune action.,,False,,,"{""PrénomUsuel"": ""Pre2762457""}",,"Employe_Source_Anonymise_VF.xlsx ligne 8 ; Employe_Destination_Anonymise_VF.xlsx ligne 7 ; Mapping.xlsx › Mapping, ligne 2","Mapping.xlsx › Mapping, ligne 2",base CONFORME=0.99 ; ×appariement 1.00 = 0.99,,,,,,CONFORME
C-2762457-S8-D7-surname,2762457,Pre2762457 Nom2762457,COMPARAISON_CHAMP,surname,P · poste 30106 · emploi 6203 · début 2009-03-30,8,7,APPARIE,1.0,NomFamille,Nom2762457,Nom2762457,nom2762457,nom2762457,Nom2762457,,IDENTIQUE,R_DIRECT,Copie directe (mapping N/A),COMPARAISON_BRUTE,MATCH,,CERTAIN,CONFORME,CONFORME,0.99,AUCUNE,0,"Niveau 1 : valeurs identiques (NomFamille='Nom2762457', surname='Nom2762457').",,,,Aucune action.,,False,,,"{""NomFamille"": ""Nom2762457""}",,"Employe_Source_Anonymise_VF.xlsx ligne 8 ; Employe_Destination_Anonymise_VF.xlsx ligne 7 ; Mapping.xlsx › Mapping, ligne 3","Mapping.xlsx › Mapping, ligne 3",base CONFORME=0.99 ; ×appariement 1.00 = 0.99,,,,,,CONFORME
C-2762457-S8-D7-onboardDate,2762457,Pre2762457 Nom2762457,COMPARAISON_CHAMP,onboardDate,P · poste 30106 · emploi 6203 · début 2009-03-30,8,7,APPARIE,1.0,DateEmbaucheRécente,1986-06-30,1986-06-30T00:00:00.000Z,1986-06-30,1986-06-30,1986-06-30,,IDENTIQUE_APRES_NORMALISATION,R_DIRECT,Copie directe (mapping N/A),COMPARAISON_BRUTE,MATCH,,CERTAIN,CONFORME,CONFORME,0.95,AUCUNE,0,Niveau 1 : différence de format uniquement ('1986-06-30' vs '1986-06-30T00:00:00.000Z' → '1986-06-30').,,,,Aucune action.,,False,,,"{""DateEmbaucheRécente"": ""1986-06-30""}",,"Employe_Source_Anonymise_VF.xlsx ligne 8 ; Employe_Destination_Anonymise_VF.xlsx ligne 7 ; Mapping.xlsx › Mapping, ligne 7","Mapping.xlsx › Mapping, ligne 7",base CONFORME=0.95 ; ×appariement 1.00 = 0.95,,,,,,CONFORME
C-2762457-S8-D7-siteName,2762457,Pre2762457 Nom2762457,COMPARAISON_CHAMP,siteName,P · poste 30106 · emploi 6203 · début 2009-03-30,8,7,APPARIE,1.0,LibelléSite,Emplacement48,Emplacement48,emplacement48,emplacement48,Emplacement48,,IDENTIQUE,R_DIRECT,Copie directe (mapping N/A),COMPARAISON_BRUTE,MATCH,,CERTAIN,CONFORME,CONFORME,0.99,AUCUNE,0,"Niveau 1 : valeurs identiques (LibelléSite='Emplacement48', siteName='Emplacement48').",,,,Aucune action.,,False,,,"{""LibelléSite"": ""Emplacement48""}",,"Employe_Source_Anonymise_VF.xlsx ligne 8 ; Employe_Destination_Anonymise_VF.xlsx ligne 7 ; Mapping.xlsx › Mapping, ligne 9","Mapping.xlsx › Mapping, ligne 9",base CONFORME=0.99 ; ×appariement 1.00 = 0.99,,,,,,CONFORME
C-2762457-S8-D7-siteCode,2762457,Pre2762457 Nom2762457,COMPARAISON_CHAMP,siteCode,P · poste 30106 · emploi 6203 · début 2009-03-30,8,7,APPARIE,1.0,CodeSite,48,48,48,48,48,,IDENTIQUE,R_DIRECT,Copie directe (mapping N/A),COMPARAISON_BRUTE,MATCH,,CERTAIN,CONFORME,CONFORME,0.99,AUCUNE,0,"Niveau 1 : valeurs identiques (CodeSite='48', siteCode='48').",,,,Aucune action.,,False,,,"{""CodeSite"": ""48""}",,"Employe_Source_Anonymise_VF.xlsx ligne 8 ; Employe_Destination_Anonymise_VF.xlsx ligne 7 ; Mapping.xlsx › Mapping, ligne 10","Mapping.xlsx › Mapping, ligne 10",base CONFORME=0.99 ; ×appariement 1.00 = 0.99,,,,,,CONFORME
C-2762457-S8-D7-divisionId,2762457,Pre2762457 Nom2762457,COMPARAISON_CHAMP,divisionId,P · poste 30106 · emploi 6203 · début 2009-03-30,8,7,APPARIE,1.0,CodeDirection,348,348,348,348,348,,IDENTIQUE,R_DIRECT,Copie directe (mapping N/A),COMPARAISON_BRUTE,MATCH,,CERTAIN,CONFORME,CONFORME,0.99,AUCUNE,0,"Niveau 1 : valeurs identiques (CodeDirection='348', divisionId='348').",,,,Aucune action.,,False,,,"{""CodeDirection"": ""348""}",,"Employe_Source_Anonymise_VF.xlsx ligne 8 ; Employe_Destination_Anonymise_VF.xlsx ligne 7 ; Mapping.xlsx › Mapping, ligne 11","Mapping.xlsx › Mapping, ligne 11",base CONFORME=0.99 ; ×appariement 1.00 = 0.99,,,,,,CONFORME
C-2762457-S8-D7-divisionName,2762457,Pre2762457 Nom2762457,COMPARAISON_CHAMP,divisionName,P · poste 30106 · emploi 6203 · début 2009-03-30,8,7,APPARIE,1.0,LibelléDirection,UnitAdmin00348,00348-UnitAdmin00348,unitadmin00348,00348-unitadmin00348,348-UnitAdmin00348,,DIFFERENT,R_CONCAT_DIVISION,Concaténation CodeDirection + '-' + LibelléDirection,REGLE_DETERMINISTE,MATCH,zéros non significatifs du code ignorés,DERIVE,ECART_JUSTIFIE,ECART_JUSTIFIE,0.92,AUCUNE,0,"Niveau 1 : LibelléDirection='UnitAdmin00348' ≠ divisionName='00348-UnitAdmin00348'. Niveau 2 : écart expliqué par R_CONCAT_DIVISION [Mapping.xlsx › Mapping, ligne 12] : CodeDirection + '-' + LibelléDirection → attendu '348-UnitAdmin00348' (zéros non significatifs du code ignorés).",,,,Aucune action.,,False,,,"{""CodeDirection"": ""348"", ""LibelléDirection"": ""UnitAdmin00348""}","{""code_destination"": ""00348"", ""libelle_destination"": ""UnitAdmin00348""}","Employe_Source_Anonymise_VF.xlsx ligne 8 ; Employe_Destination_Anonymise_VF.xlsx ligne 7 ; Mapping.xlsx › Mapping, ligne 12","Mapping.xlsx › Mapping, ligne 12",base ECART_JUSTIFIE=0.92 ; ×appariement 1.00 = 0.92,,,,,,ECART_JUSTIFIE
C-2762457-S8-D7-divisionCode,2762457,Pre2762457 Nom2762457,COMPARAISON_CHAMP,divisionCode,P · poste 30106 · emploi 6203 · début 2009-03-30,8,7,APPARIE,1.0,CodeImputation,2950,2950,2950,2950,2950,,IDENTIQUE,R_DIRECT,Copie directe (mapping N/A),COMPARAISON_BRUTE,MATCH,,CERTAIN,CONFORME,CONFORME,0.99,AUCUNE,0,"Niveau 1 : valeurs identiques (CodeImputation='2950', divisionCode='2950').",,,,Aucune action.,,False,,,"{""CodeImputation"": ""2950""}",,"Employe_Source_Anonymise_VF.xlsx ligne 8 ; Employe_Destination_Anonymise_VF.xlsx ligne 7 ; Mapping.xlsx › Mapping, ligne 13","Mapping.xlsx › Mapping, ligne 13",base CONFORME=0.99 ; ×appariement 1.00 = 0.99,,,,,,CONFORME
C-2762457-S8-D7-positionId,2762457,Pre2762457 Nom2762457,COMPARAISON_CHAMP,positionId,P · poste 30106 · emploi 6203 · début 2009-03-30,8,7,APPARIE,1.0,CodeEmploi,6203,6203,6203,6203,6203,,IDENTIQUE,R_DIRECT,Copie directe (mapping N/A),COMPARAISON_BRUTE,MATCH,,CERTAIN,CONFORME,CONFORME,0.99,AUCUNE,0,"Niveau 1 : valeurs identiques (CodeEmploi='6203', positionId='6203').",,,,Aucune action.,,False,,,"{""CodeEmploi"": ""6203""}",,"Employe_Source_Anonymise_VF.xlsx ligne 8 ; Employe_Destination_Anonymise_VF.xlsx ligne 7 ; Mapping.xlsx › Mapping, ligne 14","Mapping.xlsx › Mapping, ligne 14",base CONFORME=0.99 ; ×appariement 1.00 = 0.99,,,,,,CONFORME
C-2762457-S8-D7-positionCode,2762457,Pre2762457 Nom2762457,COMPARAISON_CHAMP,positionCode,P · poste 30106 · emploi 6203 · début 2009-03-30,8,7,APPARIE,1.0,CodeEmploi,6203,6203,6203,6203,6203,,IDENTIQUE,R_DIRECT,Copie directe (mapping N/A),COMPARAISON_BRUTE,MATCH,,CERTAIN,CONFORME,CONFORME,0.99,AUCUNE,0,"Niveau 1 : valeurs identiques (CodeEmploi='6203', positionCode='6203').",,,,Aucune action.,,False,,,"{""CodeEmploi"": ""6203""}",,"Employe_Source_Anonymise_VF.xlsx ligne 8 ; Employe_Destination_Anonymise_VF.xlsx ligne 7 ; Mapping.xlsx › Mapping, ligne 16","Mapping.xlsx › Mapping, ligne 16",base CONFORME=0.99 ; ×appariement 1.00 = 0.99,,,,,,CONFORME
C-2762457-S8-D7-statusReasonCode,2762457,Pre2762457 Nom2762457,COMPARAISON_CHAMP,statusReasonCode,P · poste 30106 · emploi 6203 · début 2009-03-30,8,7,APPARIE,1.0,"CodeStatutEmploi, CodeRaisonStatut, DateEffetRaison",703,,703,,,,DESTINATION_VIDE,R_SITUATION_EMPLOI,Table 'Règles situation d'emploi' + jointure motifs,REGLE_DETERMINISTE,MATCH,,DERIVE,ECART_JUSTIFIE,ECART_JUSTIFIE,0.92,AUCUNE,0,"Niveau 1 : CodeRaisonStatut='703' ≠ statusReasonCode='∅'. Niveau 2 : écart expliqué par R_SITUATION_EMPLOI [Mapping.xlsx › Mapping, lignes 17-21] : situation 'Actif' (codes d'accès [0, 1], ligne 2) → cf_CAD = null → attendu '∅'.",,,,Aucune action.,,False,,,"{""CodeSuspensionAccès"": ""1"", ""CodeStatutEmploi"": ""1"", ""CodeRaisonStatut"": ""703"", ""DateEffetRaison"": ""1988-10-18"", ""DateRetourAnticipée"": """"}","{""motif_trouve"": false}","Employe_Source_Anonymise_VF.xlsx ligne 8 ; Employe_Destination_Anonymise_VF.xlsx ligne 7 ; Mapping.xlsx › Mapping, lignes 17-21 ; Mapping.xlsx › Règles situation d'emploi","Mapping.xlsx › Mapping, lignes 17-21",base ECART_JUSTIFIE=0.92 ; ×appariement 1.00 = 0.92,,,,,,ECART_JUSTIFIE
C-2762457-S8-D7-expectedReturnDate,2762457,Pre2762457 Nom2762457,COMPARAISON_CHAMP,expectedReturnDate,P · poste 30106 · emploi 6203 · début 2009-03-30,8,7,APPARIE,1.0,DateRetourAnticipée,,,,,,,VIDE_DES_DEUX_COTES,R_SITUATION_EMPLOI,Table 'Règles situation d'emploi' + jointure motifs,REGLE_DETERMINISTE,MATCH,,DERIVE,CONFORME,CONFORME,0.95,AUCUNE,0,Niveau 1 : valeur vide des deux côtés (DateRetourAnticipée / expectedReturnDate).,,,,Aucune action.,,False,,,"{""CodeSuspensionAccès"": ""1"", ""CodeStatutEmploi"": ""1"", ""CodeRaisonStatut"": ""703"", ""DateEffetRaison"": ""1988-10-18"", ""DateRetourAnticipée"": """"}","{""motif_trouve"": false}","Employe_Source_Anonymise_VF.xlsx ligne 8 ; Employe_Destination_Anonymise_VF.xlsx ligne 7 ; Mapping.xlsx › Mapping, ligne 22 ; Mapping.xlsx › Règles situation d'emploi","Mapping.xlsx › Mapping, ligne 22",base CONFORME=0.95 ; ×appariement 1.00 = 0.95,,,,,,CONFORME
C-2762457-S8-D7-detailedStatus,2762457,Pre2762457 Nom2762457,COMPARAISON_CHAMP,detailedStatus,P · poste 30106 · emploi 6203 · début 2009-03-30,8,7,APPARIE,1.0,-,,Actif,,actif,Actif,,NON_COMPARABLE,R_SITUATION_EMPLOI,Table 'Règles situation d'emploi' + jointure motifs,REGLE_DETERMINISTE,MATCH,,DERIVE,CONFORME,CONFORME,0.95,AUCUNE,0,"Niveau 2 : R_SITUATION_EMPLOI [Mapping.xlsx › Mapping, ligne 23] dérive 'Actif' (situation 'Actif' (codes d'accès [0, 1], ligne 2)) ; identique à la destination.",,,,Aucune action.,,False,,,"{""CodeSuspensionAccès"": ""1"", ""CodeStatutEmploi"": ""1"", ""CodeRaisonStatut"": ""703"", ""DateEffetRaison"": ""1988-10-18"", ""DateRetourAnticipée"": """"}","{""motif_trouve"": false}","Employe_Source_Anonymise_VF.xlsx ligne 8 ; Employe_Destination_Anonymise_VF.xlsx ligne 7 ; Mapping.xlsx › Mapping, ligne 23 ; Mapping.xlsx › Règles situation d'emploi","Mapping.xlsx › Mapping, ligne 23",base CONFORME=0.95 ; ×appariement 1.00 = 0.95,,,,,,CONFORME
C-2762457-S8-D7-isPrimaryAssignment,2762457,Pre2762457 Nom2762457,COMPARAISON_CHAMP,isPrimaryAssignment,P · poste 30106 · emploi 6203 · début 2009-03-30,8,7,APPARIE,1.0,TypeAffectation,P,true,P,true,true,,DIFFERENT,R_ASSIGNMENT_TYPE,TypeAffectation P/A/S → indicateurs primaire/temporaire,REGLE_DETERMINISTE,MATCH,,DERIVE,ECART_JUSTIFIE,ECART_JUSTIFIE,0.92,AUCUNE,0,"Niveau 1 : TypeAffectation='P' ≠ isPrimaryAssignment='true'. Niveau 2 : écart expliqué par R_ASSIGNMENT_TYPE [Mapping.xlsx › Mapping, lignes 41-45] : Type aff = P → primaire=true, temporaire=false → attendu 'true'.",,,,Aucune action.,,False,,,"{""TypeAffectation"": ""P""}",,"Employe_Source_Anonymise_VF.xlsx ligne 8 ; Employe_Destination_Anonymise_VF.xlsx ligne 7 ; Mapping.xlsx › Mapping, lignes 41-45","Mapping.xlsx › Mapping, lignes 41-45",base ECART_JUSTIFIE=0.92 ; ×appariement 1.00 = 0.92,,,,,,ECART_JUSTIFIE
C-2762457-S8-D7-isTemporaryAssignment,2762457,Pre2762457 Nom2762457,COMPARAISON_CHAMP,isTemporaryAssignment,P · poste 30106 · emploi 6203 · début 2009-03-30,8,7,APPARIE,1.0,TypeAffectation,P,false,P,false,false,,DIFFERENT,R_ASSIGNMENT_TYPE,TypeAffectation P/A/S → indicateurs primaire/temporaire,REGLE_DETERMINISTE,MATCH,,DERIVE,ECART_JUSTIFIE,ECART_JUSTIFIE,0.92,AUCUNE,0,"Niveau 1 : TypeAffectation='P' ≠ isTemporaryAssignment='false'. Niveau 2 : écart expliqué par R_ASSIGNMENT_TYPE [Mapping.xlsx › Mapping, lignes 41-45] : Type aff = P → primaire=true, temporaire=false → attendu 'false'.",,,,Aucune action.,,False,,,"{""TypeAffectation"": ""P""}",,"Employe_Source_Anonymise_VF.xlsx ligne 8 ; Employe_Destination_Anonymise_VF.xlsx ligne 7 ; Mapping.xlsx › Mapping, lignes 41-45","Mapping.xlsx › Mapping, lignes 41-45",base ECART_JUSTIFIE=0.92 ; ×appariement 1.00 = 0.92,,,,,,ECART_JUSTIFIE
C-2762457-S8-D7-assignmentStartDate,2762457,Pre2762457 Nom2762457,COMPARAISON_CHAMP,assignmentStartDate,P · poste 30106 · emploi 6203 · début 2009-03-30,8,7,APPARIE,1.0,DateEntréePoste,2009-03-30,2009-03-30,2009-03-30,2009-03-30,2009-03-30,,IDENTIQUE,R_ASSIGNMENT_START,Date d'effet : DateEntréePoste vs date d'effet de l'unité adm. (détail du poste),REGLE_DETERMINISTE,MATCH,,DERIVE,CONFORME,CONFORME,0.99,AUCUNE,0,"Niveau 1 : valeurs identiques (DateEntréePoste='2009-03-30', assignmentStartDate='2009-03-30') ; Niveau 2 : R_ASSIGNMENT_START [Mapping.xlsx › Mapping, lignes 46-48] confirme la valeur attendue '2009-03-30' (MAX(DateEntréePoste 2009-03-30, date d'effet du détail du poste courant 1999-01-27) = 2009-03-30 → date d'effet du poste (source) [enregistrement courant (ligne 37) différent du précédent (ligne 36) sur : CodePosteSecondaire, MatriculeGestionnaire]).",,,,Aucune action.,,False,,,"{""DateEntréePoste"": ""2009-03-30"", ""CodePoste"": ""30106"", ""CodeDirection"": ""348""}","{""date_effet_detail_courant"": ""1999-01-27"", ""ligne_detail_courant"": 37, ""methode_detail_poste"": ""enregistrement courant (ligne 37) différent du précédent (ligne 36) sur : CodePosteSecondaire, MatriculeGestionnaire"", ""historique"": ""1986-10-05 (unité 348) → 1990-01-13 (unité 348) → 1991-01-21 (unité 348) → 1994-08-15 (unité 348) → 1997-08-21 (unité 348) → 1999-01-27 (unité 348)"", ""EFFDT_min"": ""1984-09-22"", ""EFFDT_max"": ""1999-01-27"", ""lignes_detail_poste"": [31, 32, 33, 34, 35, 36, 37], ""valeur_lecture_litterale_MIN"": ""1999-01-27""}","Employe_Source_Anonymise_VF.xlsx ligne 8 ; Employe_Destination_Anonymise_VF.xlsx ligne 7 ; Mapping.xlsx › Mapping, lignes 46-48 ; détail_du_poste.xlsx lignes 31-37","Mapping.xlsx › Mapping, lignes 46-48",base CONFORME=0.99 ; ×appariement 1.00 = 0.99,,,,,,CONFORME
C-2762457-S8-D7-payGradeId,2762457,Pre2762457 Nom2762457,COMPARAISON_CHAMP,payGradeId,P · poste 30106 · emploi 6203 · début 2009-03-30,8,7,APPARIE,1.0,ÉchelleSalariale,223,223,223,223,223,,IDENTIQUE,R_DIRECT,Copie directe (mapping N/A),COMPARAISON_BRUTE,MATCH,,CERTAIN,CONFORME,CONFORME,0.99,AUCUNE,0,"Niveau 1 : valeurs identiques (ÉchelleSalariale='223', payGradeId='223').",,,,Aucune action.,,False,,,"{""ÉchelleSalariale"": ""223""}",,"Employe_Source_Anonymise_VF.xlsx ligne 8 ; Employe_Destination_Anonymise_VF.xlsx ligne 7 ; Mapping.xlsx › Mapping, ligne 49","Mapping.xlsx › Mapping, ligne 49",base CONFORME=0.99 ; ×appariement 1.00 = 0.99,,,,,,CONFORME
C-2762457-S8-D7-weeklyHoursOverride,2762457,Pre2762457 Nom2762457,COMPARAISON_CHAMP,weeklyHoursOverride,P · poste 30106 · emploi 6203 · début 2009-03-30,8,7,APPARIE,1.0,HeuresNormeHebdo,40,40,40,40,40,,IDENTIQUE,R_DIRECT,Copie directe (mapping N/A),COMPARAISON_BRUTE,MATCH,,CERTAIN,CONFORME,CONFORME,0.99,AUCUNE,0,"Niveau 1 : valeurs identiques (HeuresNormeHebdo='40', weeklyHoursOverride='40').",,,,Aucune action.,,False,,,"{""HeuresNormeHebdo"": ""40""}","{""heures_semaine_poste"": 40, ""CodeQuart"": ""23""}","Employe_Source_Anonymise_VF.xlsx ligne 8 ; Employe_Destination_Anonymise_VF.xlsx ligne 7 ; Mapping.xlsx › Mapping, ligne 51 ; détail_du_poste.xlsx (contexte) lignes 37","Mapping.xlsx › Mapping, ligne 51",base CONFORME=0.99 ; ×appariement 1.00 = 0.99,,,,,,CONFORME
C-2762457-S8-D7-dailyHoursOverride,2762457,Pre2762457 Nom2762457,COMPARAISON_CHAMP,dailyHoursOverride,P · poste 30106 · emploi 6203 · début 2009-03-30,8,7,APPARIE,1.0,HeuresNormeQuotidienne,8,8,8,8,8,,IDENTIQUE,R_DIRECT,Copie directe (mapping N/A),COMPARAISON_BRUTE,MATCH,,CERTAIN,CONFORME,CONFORME,0.99,AUCUNE,0,"Niveau 1 : valeurs identiques (HeuresNormeQuotidienne='8', dailyHoursOverride='8').",,,,Aucune action.,,False,,,"{""HeuresNormeQuotidienne"": ""8""}","{""heures_jour_poste"": 8, ""CodeQuart"": ""23""}","Employe_Source_Anonymise_VF.xlsx ligne 8 ; Employe_Destination_Anonymise_VF.xlsx ligne 7 ; Mapping.xlsx › Mapping, ligne 52 ; détail_du_poste.xlsx (contexte) lignes 37","Mapping.xlsx › Mapping, ligne 52",base CONFORME=0.99 ; ×appariement 1.00 = 0.99,,,,,,CONFORME
C-2762457-S8-D7-assignmentEndDate,2762457,Pre2762457 Nom2762457,COMPARAISON_CHAMP,assignmentEndDate,P · poste 30106 · emploi 6203 · début 2009-03-30,8,7,APPARIE,1.0,DateSortiePoste,,,,,,,VIDE_DES_DEUX_COTES,R_ASSIGNMENT_END,"Date de fin : MIN(DateSortiePoste, fin de l'unité adm. courante)",REGLE_DETERMINISTE,MATCH,,DERIVE,CONFORME,CONFORME,0.95,AUCUNE,0,Niveau 1 : valeur vide des deux côtés (DateSortiePoste / assignmentEndDate).,,,,Aucune action.,,False,,,"{""DateSortiePoste"": """", ""CodePoste"": ""30106""}","{""fin_unite_adm"": """", ""methode_unite_adm"": ""aucun changement d'unité dans l'historique → MIN(EFFDT)""}","Employe_Source_Anonymise_VF.xlsx ligne 8 ; Employe_Destination_Anonymise_VF.xlsx ligne 7 ; Mapping.xlsx › Mapping, lignes 53-55 ; détail_du_poste.xlsx lignes 31-37","Mapping.xlsx › Mapping, lignes 53-55",base CONFORME=0.95 ; ×appariement 1.00 = 0.95,,,,,,CONFORME
C-2762457-S8-D7-termEndDate,2762457,Pre2762457 Nom2762457,COMPARAISON_CHAMP,termEndDate,P · poste 30106 · emploi 6203 · début 2009-03-30,8,7,APPARIE,1.0,DateSortiePoste,,,,,,,VIDE_DES_DEUX_COTES,R_ASSIGNMENT_END,"Date de fin : MIN(DateSortiePoste, fin de l'unité adm. courante)",REGLE_DETERMINISTE,MATCH,,DERIVE,CONFORME,CONFORME,0.95,AUCUNE,0,Niveau 1 : valeur vide des deux côtés (DateSortiePoste / termEndDate).,,,,Aucune action.,,False,,,"{""DateSortiePoste"": """", ""CodePoste"": ""30106""}","{""fin_unite_adm"": """", ""methode_unite_adm"": ""aucun changement d'unité dans l'historique → MIN(EFFDT)""}","Employe_Source_Anonymise_VF.xlsx ligne 8 ; Employe_Destination_Anonymise_VF.xlsx ligne 7 ; Mapping.xlsx › Mapping, lignes 56-58 ; détail_du_poste.xlsx lignes 31-37","Mapping.xlsx › Mapping, lignes 56-58",base CONFORME=0.95 ; ×appariement 1.00 = 0.95,,,,,,CONFORME
C-2911996-S16-D15-givenName,2911996,Pre2911996 Nom2911996,COMPARAISON_CHAMP,givenName,P · poste 12548 · emploi 6051 · début 2000-04-01,16,15,APPARIE,1.0,PrénomUsuel,Pre2911996,Pre2911996,pre2911996,pre2911996,Pre2911996,,IDENTIQUE,R_DIRECT,Copie directe (mapping N/A),COMPARAISON_BRUTE,MATCH,,CERTAIN,CONFORME,CONFORME,0.99,AUCUNE,0,"Niveau 1 : valeurs identiques (PrénomUsuel='Pre2911996', givenName='Pre2911996').",,,,Aucune action.,,False,,,"{""PrénomUsuel"": ""Pre2911996""}",,"Employe_Source_Anonymise_VF.xlsx ligne 16 ; Employe_Destination_Anonymise_VF.xlsx ligne 15 ; Mapping.xlsx › Mapping, ligne 2","Mapping.xlsx › Mapping, ligne 2",base CONFORME=0.99 ; ×appariement 1.00 = 0.99,,,,,,CONFORME
C-2911996-S16-D15-surname,2911996,Pre2911996 Nom2911996,COMPARAISON_CHAMP,surname,P · poste 12548 · emploi 6051 · début 2000-04-01,16,15,APPARIE,1.0,NomFamille,Nom2911996,Nom2911996,nom2911996,nom2911996,Nom2911996,,IDENTIQUE,R_DIRECT,Copie directe (mapping N/A),COMPARAISON_BRUTE,MATCH,,CERTAIN,CONFORME,CONFORME,0.99,AUCUNE,0,"Niveau 1 : valeurs identiques (NomFamille='Nom2911996', surname='Nom2911996').",,,,Aucune action.,,False,,,"{""NomFamille"": ""Nom2911996""}",,"Employe_Source_Anonymise_VF.xlsx ligne 16 ; Employe_Destination_Anonymise_VF.xlsx ligne 15 ; Mapping.xlsx › Mapping, ligne 3","Mapping.xlsx › Mapping, ligne 3",base CONFORME=0.99 ; ×appariement 1.00 = 0.99,,,,,,CONFORME
C-2911996-S16-D15-onboardDate,2911996,Pre2911996 Nom2911996,COMPARAISON_CHAMP,onboardDate,P · poste 12548 · emploi 6051 · début 2000-04-01,16,15,APPARIE,1.0,DateEmbaucheRécente,1996-06-04,1996-06-04T00:00:00.000Z,1996-06-04,1996-06-04,1996-06-04,,IDENTIQUE_APRES_NORMALISATION,R_DIRECT,Copie directe (mapping N/A),COMPARAISON_BRUTE,MATCH,,CERTAIN,CONFORME,CONFORME,0.95,AUCUNE,0,Niveau 1 : différence de format uniquement ('1996-06-04' vs '1996-06-04T00:00:00.000Z' → '1996-06-04').,,,,Aucune action.,,False,,,"{""DateEmbaucheRécente"": ""1996-06-04""}",,"Employe_Source_Anonymise_VF.xlsx ligne 16 ; Employe_Destination_Anonymise_VF.xlsx ligne 15 ; Mapping.xlsx › Mapping, ligne 7","Mapping.xlsx › Mapping, ligne 7",base CONFORME=0.95 ; ×appariement 1.00 = 0.95,,,,,,CONFORME
C-2911996-S16-D15-siteName,2911996,Pre2911996 Nom2911996,COMPARAISON_CHAMP,siteName,P · poste 12548 · emploi 6051 · début 2000-04-01,16,15,APPARIE,1.0,LibelléSite,Emplacement48,Emplacement48,emplacement48,emplacement48,Emplacement48,,IDENTIQUE,R_DIRECT,Copie directe (mapping N/A),COMPARAISON_BRUTE,MATCH,,CERTAIN,CONFORME,CONFORME,0.99,AUCUNE,0,"Niveau 1 : valeurs identiques (LibelléSite='Emplacement48', siteName='Emplacement48').",,,,Aucune action.,,False,,,"{""LibelléSite"": ""Emplacement48""}",,"Employe_Source_Anonymise_VF.xlsx ligne 16 ; Employe_Destination_Anonymise_VF.xlsx ligne 15 ; Mapping.xlsx › Mapping, ligne 9","Mapping.xlsx › Mapping, ligne 9",base CONFORME=0.99 ; ×appariement 1.00 = 0.99,,,,,,CONFORME
C-2911996-S16-D15-siteCode,2911996,Pre2911996 Nom2911996,COMPARAISON_CHAMP,siteCode,P · poste 12548 · emploi 6051 · début 2000-04-01,16,15,APPARIE,1.0,CodeSite,48,48,48,48,48,,IDENTIQUE,R_DIRECT,Copie directe (mapping N/A),COMPARAISON_BRUTE,MATCH,,CERTAIN,CONFORME,CONFORME,0.99,AUCUNE,0,"Niveau 1 : valeurs identiques (CodeSite='48', siteCode='48').",,,,Aucune action.,,False,,,"{""CodeSite"": ""48""}",,"Employe_Source_Anonymise_VF.xlsx ligne 16 ; Employe_Destination_Anonymise_VF.xlsx ligne 15 ; Mapping.xlsx › Mapping, ligne 10","Mapping.xlsx › Mapping, ligne 10",base CONFORME=0.99 ; ×appariement 1.00 = 0.99,,,,,,CONFORME
C-2911996-S16-D15-divisionId,2911996,Pre2911996 Nom2911996,COMPARAISON_CHAMP,divisionId,P · poste 12548 · emploi 6051 · début 2000-04-01,16,15,APPARIE,1.0,CodeDirection,307,307,307,307,307,,IDENTIQUE,R_DIRECT,Copie directe (mapping N/A),COMPARAISON_BRUTE,MATCH,,CERTAIN,CONFORME,CONFORME,0.99,AUCUNE,0,"Niveau 1 : valeurs identiques (CodeDirection='307', divisionId='307').",,,,Aucune action.,,False,,,"{""CodeDirection"": ""307""}",,"Employe_Source_Anonymise_VF.xlsx ligne 16 ; Employe_Destination_Anonymise_VF.xlsx ligne 15 ; Mapping.xlsx › Mapping, ligne 11","Mapping.xlsx › Mapping, ligne 11",base CONFORME=0.99 ; ×appariement 1.00 = 0.99,,,,,,CONFORME
C-2911996-S16-D15-divisionName,2911996,Pre2911996 Nom2911996,COMPARAISON_CHAMP,divisionName,P · poste 12548 · emploi 6051 · début 2000-04-01,16,15,APPARIE,1.0,LibelléDirection,UnitAdmin00307,00307-UnitAdmin00307,unitadmin00307,00307-unitadmin00307,307-UnitAdmin00307,,DIFFERENT,R_CONCAT_DIVISION,Concaténation CodeDirection + '-' + LibelléDirection,REGLE_DETERMINISTE,MATCH,zéros non significatifs du code ignorés,DERIVE,ECART_JUSTIFIE,ECART_JUSTIFIE,0.92,AUCUNE,0,"Niveau 1 : LibelléDirection='UnitAdmin00307' ≠ divisionName='00307-UnitAdmin00307'. Niveau 2 : écart expliqué par R_CONCAT_DIVISION [Mapping.xlsx › Mapping, ligne 12] : CodeDirection + '-' + LibelléDirection → attendu '307-UnitAdmin00307' (zéros non significatifs du code ignorés).",,,,Aucune action.,,False,,,"{""CodeDirection"": ""307"", ""LibelléDirection"": ""UnitAdmin00307""}","{""code_destination"": ""00307"", ""libelle_destination"": ""UnitAdmin00307""}","Employe_Source_Anonymise_VF.xlsx ligne 16 ; Employe_Destination_Anonymise_VF.xlsx ligne 15 ; Mapping.xlsx › Mapping, ligne 12","Mapping.xlsx › Mapping, ligne 12",base ECART_JUSTIFIE=0.92 ; ×appariement 1.00 = 0.92,,,,,,ECART_JUSTIFIE
C-2911996-S16-D15-divisionCode,2911996,Pre2911996 Nom2911996,COMPARAISON_CHAMP,divisionCode,P · poste 12548 · emploi 6051 · début 2000-04-01,16,15,APPARIE,1.0,CodeImputation,2202,2202,2202,2202,2202,,IDENTIQUE,R_DIRECT,Copie directe (mapping N/A),COMPARAISON_BRUTE,MATCH,,CERTAIN,CONFORME,CONFORME,0.99,AUCUNE,0,"Niveau 1 : valeurs identiques (CodeImputation='2202', divisionCode='2202').",,,,Aucune action.,,False,,,"{""CodeImputation"": ""2202""}",,"Employe_Source_Anonymise_VF.xlsx ligne 16 ; Employe_Destination_Anonymise_VF.xlsx ligne 15 ; Mapping.xlsx › Mapping, ligne 13","Mapping.xlsx › Mapping, ligne 13",base CONFORME=0.99 ; ×appariement 1.00 = 0.99,,,,,,CONFORME
C-2911996-S16-D15-positionId,2911996,Pre2911996 Nom2911996,COMPARAISON_CHAMP,positionId,P · poste 12548 · emploi 6051 · début 2000-04-01,16,15,APPARIE,1.0,CodeEmploi,6051,6051,6051,6051,6051,,IDENTIQUE,R_DIRECT,Copie directe (mapping N/A),COMPARAISON_BRUTE,MATCH,,CERTAIN,CONFORME,CONFORME,0.99,AUCUNE,0,"Niveau 1 : valeurs identiques (CodeEmploi='6051', positionId='6051').",,,,Aucune action.,,False,,,"{""CodeEmploi"": ""6051""}",,"Employe_Source_Anonymise_VF.xlsx ligne 16 ; Employe_Destination_Anonymise_VF.xlsx ligne 15 ; Mapping.xlsx › Mapping, ligne 14","Mapping.xlsx › Mapping, ligne 14",base CONFORME=0.99 ; ×appariement 1.00 = 0.99,,,,,,CONFORME
C-2911996-S16-D15-positionCode,2911996,Pre2911996 Nom2911996,COMPARAISON_CHAMP,positionCode,P · poste 12548 · emploi 6051 · début 2000-04-01,16,15,APPARIE,1.0,CodeEmploi,6051,6051,6051,6051,6051,,IDENTIQUE,R_DIRECT,Copie directe (mapping N/A),COMPARAISON_BRUTE,MATCH,,CERTAIN,CONFORME,CONFORME,0.99,AUCUNE,0,"Niveau 1 : valeurs identiques (CodeEmploi='6051', positionCode='6051').",,,,Aucune action.,,False,,,"{""CodeEmploi"": ""6051""}",,"Employe_Source_Anonymise_VF.xlsx ligne 16 ; Employe_Destination_Anonymise_VF.xlsx ligne 15 ; Mapping.xlsx › Mapping, ligne 16","Mapping.xlsx › Mapping, ligne 16",base CONFORME=0.99 ; ×appariement 1.00 = 0.99,,,,,,CONFORME
C-2911996-S16-D15-statusReasonCode,2911996,Pre2911996 Nom2911996,COMPARAISON_CHAMP,statusReasonCode,P · poste 12548 · emploi 6051 · début 2000-04-01,16,15,APPARIE,1.0,"CodeStatutEmploi, CodeRaisonStatut, DateEffetRaison",807,170,807,170,170,,DIFFERENT,R_SITUATION_EMPLOI,Table 'Règles situation d'emploi' + jointure motifs,REGLE_DETERMINISTE,MATCH,,DERIVE,ECART_JUSTIFIE,ECART_JUSTIFIE,0.92,AUCUNE,0,"Niveau 1 : CodeRaisonStatut='807' ≠ statusReasonCode='170'. Niveau 2 : écart expliqué par R_SITUATION_EMPLOI [Mapping.xlsx › Mapping, lignes 17-21] : situation 'Absence complète' (codes d'accès [2, 3, 6, 7], ligne 3) → code Remphor du motif 807 = 170 → attendu '170'.",,,,Aucune action.,,False,,,"{""CodeSuspensionAccès"": ""2"", ""CodeStatutEmploi"": ""2"", ""CodeRaisonStatut"": ""807"", ""DateEffetRaison"": ""2008-09-17"", ""DateRetourAnticipée"": ""2010-05-28""}","{""motif_trouve"": true, ""code_Remphor"": ""170"", ""acces_motif"": 2, ""ligne_motif"": 33}","Employe_Source_Anonymise_VF.xlsx ligne 16 ; Employe_Destination_Anonymise_VF.xlsx ligne 15 ; Mapping.xlsx › Mapping, lignes 17-21 ; Mapping.xlsx › Règles situation d'emploi ; Motif de la situation d'emploi.xlsx ligne 33","Mapping.xlsx › Mapping, lignes 17-21",base ECART_JUSTIFIE=0.92 ; ×appariement 1.00 = 0.92,,,,,,ECART_JUSTIFIE
C-2911996-S16-D15-expectedReturnDate,2911996,Pre2911996 Nom2911996,COMPARAISON_CHAMP,expectedReturnDate,P · poste 12548 · emploi 6051 · début 2000-04-01,16,15,APPARIE,1.0,DateRetourAnticipée,2010-05-28,2010-05-28,2010-05-28,2010-05-28,2010-05-28,,IDENTIQUE,R_SITUATION_EMPLOI,Table 'Règles situation d'emploi' + jointure motifs,REGLE_DETERMINISTE,MATCH,,DERIVE,CONFORME,CONFORME,0.99,AUCUNE,0,"Niveau 1 : valeurs identiques (DateRetourAnticipée='2010-05-28', expectedReturnDate='2010-05-28') ; Niveau 2 : R_SITUATION_EMPLOI [Mapping.xlsx › Mapping, ligne 22] confirme la valeur attendue '2010-05-28' (situation 'Absence complète' (codes d'accès [2, 3, 6, 7], ligne 3) → cf_CADP = DateRetourAnticipée).",,,,Aucune action.,,False,,,"{""CodeSuspensionAccès"": ""2"", ""CodeStatutEmploi"": ""2"", ""CodeRaisonStatut"": ""807"", ""DateEffetRaison"": ""2008-09-17"", ""DateRetourAnticipée"": ""2010-05-28""}","{""motif_trouve"": true, ""code_Remphor"": ""170"", ""acces_motif"": 2, ""ligne_motif"": 33}","Employe_Source_Anonymise_VF.xlsx ligne 16 ; Employe_Destination_Anonymise_VF.xlsx ligne 15 ; Mapping.xlsx › Mapping, ligne 22 ; Mapping.xlsx › Règles situation d'emploi ; Motif de la situation d'emploi.xlsx ligne 33","Mapping.xlsx › Mapping, ligne 22",base CONFORME=0.99 ; ×appariement 1.00 = 0.99,,,,,,CONFORME
C-2911996-S16-D15-detailedStatus,2911996,Pre2911996 Nom2911996,COMPARAISON_CHAMP,detailedStatus,P · poste 12548 · emploi 6051 · début 2000-04-01,16,15,APPARIE,1.0,-,,Absence complÃ¨te,,absence complète,Absence complète,,NON_COMPARABLE,R_SITUATION_EMPLOI,Table 'Règles situation d'emploi' + jointure motifs,REGLE_DETERMINISTE,MATCH,encodage corrompu dans la destination ('Absence complÃ¨te' = 'Absence complète'),DERIVE,ECART_JUSTIFIE,ECART_JUSTIFIE,0.92,AUCUNE,0,Niveau 1 : valeur conforme après normalisation de l'encodage ('Absence complÃ¨te') ; attendu 'Absence complète' (R_SITUATION_EMPLOI) (encodage corrompu dans la destination ('Absence complÃ¨te' = 'Absence complète')). Qualité de donnée à signaler au système B.,,,,Aucune action.,P-QUAL-ENCODAGE_CORROMPU_DESTINATION,False,,ENCODAGE_CORROMPU_DESTINATION,"{""CodeSuspensionAccès"": ""2"", ""CodeStatutEmploi"": ""2"", ""CodeRaisonStatut"": ""807"", ""DateEffetRaison"": ""2008-09-17"", ""DateRetourAnticipée"": ""2010-05-28""}","{""motif_trouve"": true, ""code_Remphor"": ""170"", ""acces_motif"": 2, ""ligne_motif"": 33}","Employe_Source_Anonymise_VF.xlsx ligne 16 ; Employe_Destination_Anonymise_VF.xlsx ligne 15 ; Mapping.xlsx › Mapping, ligne 23 ; Mapping.xlsx › Règles situation d'emploi ; Motif de la situation d'emploi.xlsx ligne 33","Mapping.xlsx › Mapping, ligne 23",base ECART_JUSTIFIE=0.92 ; ×appariement 1.00 = 0.92,,,,,,ECART_JUSTIFIE
C-2911996-S16-D15-contractTypeCode,2911996,Pre2911996 Nom2911996,COMPARAISON_CHAMP,contractTypeCode,P · poste 12548 · emploi 6051 · début 2000-04-01,16,15,APPARIE,1.0,"CatégorieEmploi, EMPT_CD, EstPermanent, PERM_IND, EstTempsPlein, FT_IND",V,JWN,v,jwn,JWN,,DIFFERENT,R_CONTRACT_TYPE,Type d'employé : table SI PERM_IND / FT_IND / EMPTP_CD,REGLE_DETERMINISTE,MATCH,,DERIVE,ECART_JUSTIFIE,ECART_JUSTIFIE,0.92,AUCUNE,0,"Niveau 1 : CatégorieEmploi='V' ≠ contractTypeCode='JWN'. Niveau 2 : écart expliqué par R_CONTRACT_TYPE [Mapping.xlsx › Mapping, lignes 24-40] : ligne de règle appliquée : SI PERM_IND=1 et FT_IND=1 et EMPTP_CD=""V"" --> Mettre ""JWN"" → attendu 'JWN'.",,,,Aucune action.,,False,,,"{""CatégorieEmploi"": ""V"", ""EstPermanent"": ""Oui (1)"", ""EstTempsPlein"": ""Oui (1)""}",,"Employe_Source_Anonymise_VF.xlsx ligne 16 ; Employe_Destination_Anonymise_VF.xlsx ligne 15 ; Mapping.xlsx › Mapping, lignes 24-40","Mapping.xlsx › Mapping, lignes 24-40",base ECART_JUSTIFIE=0.92 ; ×appariement 1.00 = 0.92,,,,,,ECART_JUSTIFIE
C-2911996-S16-D15-isPrimaryAssignment,2911996,Pre2911996 Nom2911996,COMPARAISON_CHAMP,isPrimaryAssignment,P · poste 12548 · emploi 6051 · début 2000-04-01,16,15,APPARIE,1.0,TypeAffectation,P,true,P,true,true,,DIFFERENT,R_ASSIGNMENT_TYPE,TypeAffectation P/A/S → indicateurs primaire/temporaire,REGLE_DETERMINISTE,MATCH,,DERIVE,ECART_JUSTIFIE,ECART_JUSTIFIE,0.92,AUCUNE,0,"Niveau 1 : TypeAffectation='P' ≠ isPrimaryAssignment='true'. Niveau 2 : écart expliqué par R_ASSIGNMENT_TYPE [Mapping.xlsx › Mapping, lignes 41-45] : Type aff = P → primaire=true, temporaire=false → attendu 'true'.",,,,Aucune action.,,False,,,"{""TypeAffectation"": ""P""}",,"Employe_Source_Anonymise_VF.xlsx ligne 16 ; Employe_Destination_Anonymise_VF.xlsx ligne 15 ; Mapping.xlsx › Mapping, lignes 41-45","Mapping.xlsx › Mapping, lignes 41-45",base ECART_JUSTIFIE=0.92 ; ×appariement 1.00 = 0.92,,,,,,ECART_JUSTIFIE
C-2911996-S16-D15-isTemporaryAssignment,2911996,Pre2911996 Nom2911996,COMPARAISON_CHAMP,isTemporaryAssignment,P · poste 12548 · emploi 6051 · début 2000-04-01,16,15,APPARIE,1.0,TypeAffectation,P,false,P,false,false,,DIFFERENT,R_ASSIGNMENT_TYPE,TypeAffectation P/A/S → indicateurs primaire/temporaire,REGLE_DETERMINISTE,MATCH,,DERIVE,ECART_JUSTIFIE,ECART_JUSTIFIE,0.92,AUCUNE,0,"Niveau 1 : TypeAffectation='P' ≠ isTemporaryAssignment='false'. Niveau 2 : écart expliqué par R_ASSIGNMENT_TYPE [Mapping.xlsx › Mapping, lignes 41-45] : Type aff = P → primaire=true, temporaire=false → attendu 'false'.",,,,Aucune action.,,False,,,"{""TypeAffectation"": ""P""}",,"Employe_Source_Anonymise_VF.xlsx ligne 16 ; Employe_Destination_Anonymise_VF.xlsx ligne 15 ; Mapping.xlsx › Mapping, lignes 41-45","Mapping.xlsx › Mapping, lignes 41-45",base ECART_JUSTIFIE=0.92 ; ×appariement 1.00 = 0.92,,,,,,ECART_JUSTIFIE
C-2911996-S16-D15-assignmentStartDate,2911996,Pre2911996 Nom2911996,COMPARAISON_CHAMP,assignmentStartDate,P · poste 12548 · emploi 6051 · début 2000-04-01,16,15,APPARIE,1.0,DateEntréePoste,2000-04-01,2000-04-01,2000-04-01,2000-04-01,2000-04-01,,IDENTIQUE,R_ASSIGNMENT_START,Date d'effet : DateEntréePoste vs date d'effet de l'unité adm. (détail du poste),REGLE_DETERMINISTE,MATCH,,DERIVE,CONFORME,CONFORME,0.99,AUCUNE,0,"Niveau 1 : valeurs identiques (DateEntréePoste='2000-04-01', assignmentStartDate='2000-04-01') ; Niveau 2 : R_ASSIGNMENT_START [Mapping.xlsx › Mapping, lignes 46-48] confirme la valeur attendue '2000-04-01' (MAX(DateEntréePoste 2000-04-01, date d'effet du détail du poste courant 1993-05-18) = 2000-04-01 → date d'effet du poste (source) [enregistrement courant (ligne 75) différent du précédent (ligne 74) sur : CodePosteSecondaire, MatriculeGestionnaire]).",,,,Aucune action.,,False,,,"{""DateEntréePoste"": ""2000-04-01"", ""CodePoste"": ""12548"", ""CodeDirection"": ""307""}","{""date_effet_detail_courant"": ""1993-05-18"", ""ligne_detail_courant"": 75, ""methode_detail_poste"": ""enregistrement courant (ligne 75) différent du précédent (ligne 74) sur : CodePosteSecondaire, MatriculeGestionnaire"", ""historique"": ""1988-09-02 (unité 307) → 1992-08-02 (unité 307) → 1993-05-18 (unité 307)"", ""EFFDT_min"": ""1988-09-02"", ""EFFDT_max"": ""1993-05-18"", ""lignes_detail_poste"": [73, 74, 75], ""valeur_lecture_litterale_MIN"": ""1993-05-18""}","Employe_Source_Anonymise_VF.xlsx ligne 16 ; Employe_Destination_Anonymise_VF.xlsx ligne 15 ; Mapping.xlsx › Mapping, lignes 46-48 ; détail_du_poste.xlsx lignes 73-75","Mapping.xlsx › Mapping, lignes 46-48",base CONFORME=0.99 ; ×appariement 1.00 = 0.99,,,,,,CONFORME
C-2911996-S16-D15-payGradeId,2911996,Pre2911996 Nom2911996,COMPARAISON_CHAMP,payGradeId,P · poste 12548 · emploi 6051 · début 2000-04-01,16,15,APPARIE,1.0,ÉchelleSalariale,274,274,274,274,274,,IDENTIQUE,R_DIRECT,Copie directe (mapping N/A),COMPARAISON_BRUTE,MATCH,,CERTAIN,CONFORME,CONFORME,0.99,AUCUNE,0,"Niveau 1 : valeurs identiques (ÉchelleSalariale='274', payGradeId='274').",,,,Aucune action.,,False,,,"{""ÉchelleSalariale"": ""274""}",,"Employe_Source_Anonymise_VF.xlsx ligne 16 ; Employe_Destination_Anonymise_VF.xlsx ligne 15 ; Mapping.xlsx › Mapping, ligne 49","Mapping.xlsx › Mapping, ligne 49",base CONFORME=0.99 ; ×appariement 1.00 = 0.99,,,,,,CONFORME
C-2911996-S16-D15-assignmentEndDate,2911996,Pre2911996 Nom2911996,COMPARAISON_CHAMP,assignmentEndDate,P · poste 12548 · emploi 6051 · début 2000-04-01,16,15,APPARIE,1.0,DateSortiePoste,,,,,,,VIDE_DES_DEUX_COTES,R_ASSIGNMENT_END,"Date de fin : MIN(DateSortiePoste, fin de l'unité adm. courante)",REGLE_DETERMINISTE,MATCH,,DERIVE,CONFORME,CONFORME,0.95,AUCUNE,0,Niveau 1 : valeur vide des deux côtés (DateSortiePoste / assignmentEndDate).,,,,Aucune action.,,False,,,"{""DateSortiePoste"": """", ""CodePoste"": ""12548""}","{""fin_unite_adm"": """", ""methode_unite_adm"": ""aucun changement d'unité dans l'historique → MIN(EFFDT)""}","Employe_Source_Anonymise_VF.xlsx ligne 16 ; Employe_Destination_Anonymise_VF.xlsx ligne 15 ; Mapping.xlsx › Mapping, lignes 53-55 ; détail_du_poste.xlsx lignes 73-75","Mapping.xlsx › Mapping, lignes 53-55",base CONFORME=0.95 ; ×appariement 1.00 = 0.95,,,,,,CONFORME
C-2911996-S16-D15-termEndDate,2911996,Pre2911996 Nom2911996,COMPARAISON_CHAMP,termEndDate,P · poste 12548 · emploi 6051 · début 2000-04-01,16,15,APPARIE,1.0,DateSortiePoste,,,,,,,VIDE_DES_DEUX_COTES,R_ASSIGNMENT_END,"Date de fin : MIN(DateSortiePoste, fin de l'unité adm. courante)",REGLE_DETERMINISTE,MATCH,,DERIVE,CONFORME,CONFORME,0.95,AUCUNE,0,Niveau 1 : valeur vide des deux côtés (DateSortiePoste / termEndDate).,,,,Aucune action.,,False,,,"{""DateSortiePoste"": """", ""CodePoste"": ""12548""}","{""fin_unite_adm"": """", ""methode_unite_adm"": ""aucun changement d'unité dans l'historique → MIN(EFFDT)""}","Employe_Source_Anonymise_VF.xlsx ligne 16 ; Employe_Destination_Anonymise_VF.xlsx ligne 15 ; Mapping.xlsx › Mapping, lignes 56-58 ; détail_du_poste.xlsx lignes 73-75","Mapping.xlsx › Mapping, lignes 56-58",base CONFORME=0.95 ; ×appariement 1.00 = 0.95,,,,,,CONFORME
C-3241002-S14-D13-givenName,3241002,Pre3241002 Nom3241002,COMPARAISON_CHAMP,givenName,P · poste 88622 · emploi 6203 · début 2009-03-30,14,13,APPARIE,1.0,PrénomUsuel,Pre3241002,Pre3241002,pre3241002,pre3241002,Pre3241002,,IDENTIQUE,R_DIRECT,Copie directe (mapping N/A),COMPARAISON_BRUTE,MATCH,,CERTAIN,CONFORME,CONFORME,0.99,AUCUNE,0,"Niveau 1 : valeurs identiques (PrénomUsuel='Pre3241002', givenName='Pre3241002').",,,,Aucune action.,,False,,,"{""PrénomUsuel"": ""Pre3241002""}",,"Employe_Source_Anonymise_VF.xlsx ligne 14 ; Employe_Destination_Anonymise_VF.xlsx ligne 13 ; Mapping.xlsx › Mapping, ligne 2","Mapping.xlsx › Mapping, ligne 2",base CONFORME=0.99 ; ×appariement 1.00 = 0.99,,,,,,CONFORME
C-3241002-S14-D13-surname,3241002,Pre3241002 Nom3241002,COMPARAISON_CHAMP,surname,P · poste 88622 · emploi 6203 · début 2009-03-30,14,13,APPARIE,1.0,NomFamille,Nom3241002,Nom3241002,nom3241002,nom3241002,Nom3241002,,IDENTIQUE,R_DIRECT,Copie directe (mapping N/A),COMPARAISON_BRUTE,MATCH,,CERTAIN,CONFORME,CONFORME,0.99,AUCUNE,0,"Niveau 1 : valeurs identiques (NomFamille='Nom3241002', surname='Nom3241002').",,,,Aucune action.,,False,,,"{""NomFamille"": ""Nom3241002""}",,"Employe_Source_Anonymise_VF.xlsx ligne 14 ; Employe_Destination_Anonymise_VF.xlsx ligne 13 ; Mapping.xlsx › Mapping, ligne 3","Mapping.xlsx › Mapping, ligne 3",base CONFORME=0.99 ; ×appariement 1.00 = 0.99,,,,,,CONFORME
C-3241002-S14-D13-onboardDate,3241002,Pre3241002 Nom3241002,COMPARAISON_CHAMP,onboardDate,P · poste 88622 · emploi 6203 · début 2009-03-30,14,13,APPARIE,1.0,DateEmbaucheRécente,1995-03-18,1995-03-18T00:00:00.000Z,1995-03-18,1995-03-18,1995-03-18,,IDENTIQUE_APRES_NORMALISATION,R_DIRECT,Copie directe (mapping N/A),COMPARAISON_BRUTE,MATCH,,CERTAIN,CONFORME,CONFORME,0.95,AUCUNE,0,Niveau 1 : différence de format uniquement ('1995-03-18' vs '1995-03-18T00:00:00.000Z' → '1995-03-18').,,,,Aucune action.,,False,,,"{""DateEmbaucheRécente"": ""1995-03-18""}",,"Employe_Source_Anonymise_VF.xlsx ligne 14 ; Employe_Destination_Anonymise_VF.xlsx ligne 13 ; Mapping.xlsx › Mapping, ligne 7","Mapping.xlsx › Mapping, ligne 7",base CONFORME=0.95 ; ×appariement 1.00 = 0.95,,,,,,CONFORME
C-3241002-S14-D13-siteCode,3241002,Pre3241002 Nom3241002,COMPARAISON_CHAMP,siteCode,P · poste 88622 · emploi 6203 · début 2009-03-30,14,13,APPARIE,1.0,CodeSite,48,48,48,48,48,,IDENTIQUE,R_DIRECT,Copie directe (mapping N/A),COMPARAISON_BRUTE,MATCH,,CERTAIN,CONFORME,CONFORME,0.99,AUCUNE,0,"Niveau 1 : valeurs identiques (CodeSite='48', siteCode='48').",,,,Aucune action.,,False,,,"{""CodeSite"": ""48""}",,"Employe_Source_Anonymise_VF.xlsx ligne 14 ; Employe_Destination_Anonymise_VF.xlsx ligne 13 ; Mapping.xlsx › Mapping, ligne 10","Mapping.xlsx › Mapping, ligne 10",base CONFORME=0.99 ; ×appariement 1.00 = 0.99,,,,,,CONFORME
C-3241002-S14-D13-divisionId,3241002,Pre3241002 Nom3241002,COMPARAISON_CHAMP,divisionId,P · poste 88622 · emploi 6203 · début 2009-03-30,14,13,APPARIE,1.0,CodeDirection,348,348,348,348,348,,IDENTIQUE,R_DIRECT,Copie directe (mapping N/A),COMPARAISON_BRUTE,MATCH,,CERTAIN,CONFORME,CONFORME,0.99,AUCUNE,0,"Niveau 1 : valeurs identiques (CodeDirection='348', divisionId='348').",,,,Aucune action.,,False,,,"{""CodeDirection"": ""348""}",,"Employe_Source_Anonymise_VF.xlsx ligne 14 ; Employe_Destination_Anonymise_VF.xlsx ligne 13 ; Mapping.xlsx › Mapping, ligne 11","Mapping.xlsx › Mapping, ligne 11",base CONFORME=0.99 ; ×appariement 1.00 = 0.99,,,,,,CONFORME
C-3241002-S14-D13-divisionName,3241002,Pre3241002 Nom3241002,COMPARAISON_CHAMP,divisionName,P · poste 88622 · emploi 6203 · début 2009-03-30,14,13,APPARIE,1.0,LibelléDirection,UnitAdmin00348,00348-UnitAdmin00348,unitadmin00348,00348-unitadmin00348,348-UnitAdmin00348,,DIFFERENT,R_CONCAT_DIVISION,Concaténation CodeDirection + '-' + LibelléDirection,REGLE_DETERMINISTE,MATCH,zéros non significatifs du code ignorés,DERIVE,ECART_JUSTIFIE,ECART_JUSTIFIE,0.92,AUCUNE,0,"Niveau 1 : LibelléDirection='UnitAdmin00348' ≠ divisionName='00348-UnitAdmin00348'. Niveau 2 : écart expliqué par R_CONCAT_DIVISION [Mapping.xlsx › Mapping, ligne 12] : CodeDirection + '-' + LibelléDirection → attendu '348-UnitAdmin00348' (zéros non significatifs du code ignorés).",,,,Aucune action.,,False,,,"{""CodeDirection"": ""348"", ""LibelléDirection"": ""UnitAdmin00348""}","{""code_destination"": ""00348"", ""libelle_destination"": ""UnitAdmin00348""}","Employe_Source_Anonymise_VF.xlsx ligne 14 ; Employe_Destination_Anonymise_VF.xlsx ligne 13 ; Mapping.xlsx › Mapping, ligne 12","Mapping.xlsx › Mapping, ligne 12",base ECART_JUSTIFIE=0.92 ; ×appariement 1.00 = 0.92,,,,,,ECART_JUSTIFIE
C-3241002-S14-D13-divisionCode,3241002,Pre3241002 Nom3241002,COMPARAISON_CHAMP,divisionCode,P · poste 88622 · emploi 6203 · début 2009-03-30,14,13,APPARIE,1.0,CodeImputation,2950,2950,2950,2950,2950,,IDENTIQUE,R_DIRECT,Copie directe (mapping N/A),COMPARAISON_BRUTE,MATCH,,CERTAIN,CONFORME,CONFORME,0.99,AUCUNE,0,"Niveau 1 : valeurs identiques (CodeImputation='2950', divisionCode='2950').",,,,Aucune action.,,False,,,"{""CodeImputation"": ""2950""}",,"Employe_Source_Anonymise_VF.xlsx ligne 14 ; Employe_Destination_Anonymise_VF.xlsx ligne 13 ; Mapping.xlsx › Mapping, ligne 13","Mapping.xlsx › Mapping, ligne 13",base CONFORME=0.99 ; ×appariement 1.00 = 0.99,,,,,,CONFORME
C-3241002-S14-D13-positionId,3241002,Pre3241002 Nom3241002,COMPARAISON_CHAMP,positionId,P · poste 88622 · emploi 6203 · début 2009-03-30,14,13,APPARIE,1.0,CodeEmploi,6203,6203,6203,6203,6203,,IDENTIQUE,R_DIRECT,Copie directe (mapping N/A),COMPARAISON_BRUTE,MATCH,,CERTAIN,CONFORME,CONFORME,0.99,AUCUNE,0,"Niveau 1 : valeurs identiques (CodeEmploi='6203', positionId='6203').",,,,Aucune action.,,False,,,"{""CodeEmploi"": ""6203""}",,"Employe_Source_Anonymise_VF.xlsx ligne 14 ; Employe_Destination_Anonymise_VF.xlsx ligne 13 ; Mapping.xlsx › Mapping, ligne 14","Mapping.xlsx › Mapping, ligne 14",base CONFORME=0.99 ; ×appariement 1.00 = 0.99,,,,,,CONFORME
C-3241002-S14-D13-positionCode,3241002,Pre3241002 Nom3241002,COMPARAISON_CHAMP,positionCode,P · poste 88622 · emploi 6203 · début 2009-03-30,14,13,APPARIE,1.0,CodeEmploi,6203,6203,6203,6203,6203,,IDENTIQUE,R_DIRECT,Copie directe (mapping N/A),COMPARAISON_BRUTE,MATCH,,CERTAIN,CONFORME,CONFORME,0.99,AUCUNE,0,"Niveau 1 : valeurs identiques (CodeEmploi='6203', positionCode='6203').",,,,Aucune action.,,False,,,"{""CodeEmploi"": ""6203""}",,"Employe_Source_Anonymise_VF.xlsx ligne 14 ; Employe_Destination_Anonymise_VF.xlsx ligne 13 ; Mapping.xlsx › Mapping, ligne 16","Mapping.xlsx › Mapping, ligne 16",base CONFORME=0.99 ; ×appariement 1.00 = 0.99,,,,,,CONFORME
C-3241002-S14-D13-statusReasonCode,3241002,Pre3241002 Nom3241002,COMPARAISON_CHAMP,statusReasonCode,P · poste 88622 · emploi 6203 · début 2009-03-30,14,13,APPARIE,1.0,"CodeStatutEmploi, CodeRaisonStatut, DateEffetRaison",703,,703,,,,DESTINATION_VIDE,R_SITUATION_EMPLOI,Table 'Règles situation d'emploi' + jointure motifs,REGLE_DETERMINISTE,MATCH,,DERIVE,ECART_JUSTIFIE,ECART_JUSTIFIE,0.92,AUCUNE,0,"Niveau 1 : CodeRaisonStatut='703' ≠ statusReasonCode='∅'. Niveau 2 : écart expliqué par R_SITUATION_EMPLOI [Mapping.xlsx › Mapping, lignes 17-21] : situation 'Actif' (codes d'accès [0, 1], ligne 2) → cf_CAD = null → attendu '∅'.",,,,Aucune action.,,False,,,"{""CodeSuspensionAccès"": ""1"", ""CodeStatutEmploi"": ""1"", ""CodeRaisonStatut"": ""703"", ""DateEffetRaison"": ""2012-10-12"", ""DateRetourAnticipée"": """"}","{""motif_trouve"": false}","Employe_Source_Anonymise_VF.xlsx ligne 14 ; Employe_Destination_Anonymise_VF.xlsx ligne 13 ; Mapping.xlsx › Mapping, lignes 17-21 ; Mapping.xlsx › Règles situation d'emploi","Mapping.xlsx › Mapping, lignes 17-21",base ECART_JUSTIFIE=0.92 ; ×appariement 1.00 = 0.92,,,,,,ECART_JUSTIFIE
C-3241002-S14-D13-expectedReturnDate,3241002,Pre3241002 Nom3241002,COMPARAISON_CHAMP,expectedReturnDate,P · poste 88622 · emploi 6203 · début 2009-03-30,14,13,APPARIE,1.0,DateRetourAnticipée,,,,,,,VIDE_DES_DEUX_COTES,R_SITUATION_EMPLOI,Table 'Règles situation d'emploi' + jointure motifs,REGLE_DETERMINISTE,MATCH,,DERIVE,CONFORME,CONFORME,0.95,AUCUNE,0,Niveau 1 : valeur vide des deux côtés (DateRetourAnticipée / expectedReturnDate).,,,,Aucune action.,,False,,,"{""CodeSuspensionAccès"": ""1"", ""CodeStatutEmploi"": ""1"", ""CodeRaisonStatut"": ""703"", ""DateEffetRaison"": ""2012-10-12"", ""DateRetourAnticipée"": """"}","{""motif_trouve"": false}","Employe_Source_Anonymise_VF.xlsx ligne 14 ; Employe_Destination_Anonymise_VF.xlsx ligne 13 ; Mapping.xlsx › Mapping, ligne 22 ; Mapping.xlsx › Règles situation d'emploi","Mapping.xlsx › Mapping, ligne 22",base CONFORME=0.95 ; ×appariement 1.00 = 0.95,,,,,,CONFORME
C-3241002-S14-D13-detailedStatus,3241002,Pre3241002 Nom3241002,COMPARAISON_CHAMP,detailedStatus,P · poste 88622 · emploi 6203 · début 2009-03-30,14,13,APPARIE,1.0,-,,Actif,,actif,Actif,,NON_COMPARABLE,R_SITUATION_EMPLOI,Table 'Règles situation d'emploi' + jointure motifs,REGLE_DETERMINISTE,MATCH,,DERIVE,CONFORME,CONFORME,0.95,AUCUNE,0,"Niveau 2 : R_SITUATION_EMPLOI [Mapping.xlsx › Mapping, ligne 23] dérive 'Actif' (situation 'Actif' (codes d'accès [0, 1], ligne 2)) ; identique à la destination.",,,,Aucune action.,,False,,,"{""CodeSuspensionAccès"": ""1"", ""CodeStatutEmploi"": ""1"", ""CodeRaisonStatut"": ""703"", ""DateEffetRaison"": ""2012-10-12"", ""DateRetourAnticipée"": """"}","{""motif_trouve"": false}","Employe_Source_Anonymise_VF.xlsx ligne 14 ; Employe_Destination_Anonymise_VF.xlsx ligne 13 ; Mapping.xlsx › Mapping, ligne 23 ; Mapping.xlsx › Règles situation d'emploi","Mapping.xlsx › Mapping, ligne 23",base CONFORME=0.95 ; ×appariement 1.00 = 0.95,,,,,,CONFORME
C-3241002-S14-D13-contractTypeCode,3241002,Pre3241002 Nom3241002,COMPARAISON_CHAMP,contractTypeCode,P · poste 88622 · emploi 6203 · début 2009-03-30,14,13,APPARIE,1.0,"CatégorieEmploi, EMPT_CD, EstPermanent, PERM_IND, EstTempsPlein, FT_IND",V,JWN,v,jwn,JWN,,DIFFERENT,R_CONTRACT_TYPE,Type d'employé : table SI PERM_IND / FT_IND / EMPTP_CD,REGLE_DETERMINISTE,MATCH,,DERIVE,ECART_JUSTIFIE,ECART_JUSTIFIE,0.92,AUCUNE,0,"Niveau 1 : CatégorieEmploi='V' ≠ contractTypeCode='JWN'. Niveau 2 : écart expliqué par R_CONTRACT_TYPE [Mapping.xlsx › Mapping, lignes 24-40] : ligne de règle appliquée : SI PERM_IND=1 et FT_IND=1 et EMPTP_CD=""V"" --> Mettre ""JWN"" → attendu 'JWN'.",,,,Aucune action.,,False,,,"{""CatégorieEmploi"": ""V"", ""EstPermanent"": ""Oui (1)"", ""EstTempsPlein"": ""Oui (1)""}",,"Employe_Source_Anonymise_VF.xlsx ligne 14 ; Employe_Destination_Anonymise_VF.xlsx ligne 13 ; Mapping.xlsx › Mapping, lignes 24-40","Mapping.xlsx › Mapping, lignes 24-40",base ECART_JUSTIFIE=0.92 ; ×appariement 1.00 = 0.92,,,,,,ECART_JUSTIFIE
C-3241002-S14-D13-isPrimaryAssignment,3241002,Pre3241002 Nom3241002,COMPARAISON_CHAMP,isPrimaryAssignment,P · poste 88622 · emploi 6203 · début 2009-03-30,14,13,APPARIE,1.0,TypeAffectation,P,true,P,true,true,,DIFFERENT,R_ASSIGNMENT_TYPE,TypeAffectation P/A/S → indicateurs primaire/temporaire,REGLE_DETERMINISTE,MATCH,,DERIVE,ECART_JUSTIFIE,ECART_JUSTIFIE,0.92,AUCUNE,0,"Niveau 1 : TypeAffectation='P' ≠ isPrimaryAssignment='true'. Niveau 2 : écart expliqué par R_ASSIGNMENT_TYPE [Mapping.xlsx › Mapping, lignes 41-45] : Type aff = P → primaire=true, temporaire=false → attendu 'true'.",,,,Aucune action.,,False,,,"{""TypeAffectation"": ""P""}",,"Employe_Source_Anonymise_VF.xlsx ligne 14 ; Employe_Destination_Anonymise_VF.xlsx ligne 13 ; Mapping.xlsx › Mapping, lignes 41-45","Mapping.xlsx › Mapping, lignes 41-45",base ECART_JUSTIFIE=0.92 ; ×appariement 1.00 = 0.92,,,,,,ECART_JUSTIFIE
C-3241002-S14-D13-isTemporaryAssignment,3241002,Pre3241002 Nom3241002,COMPARAISON_CHAMP,isTemporaryAssignment,P · poste 88622 · emploi 6203 · début 2009-03-30,14,13,APPARIE,1.0,TypeAffectation,P,false,P,false,false,,DIFFERENT,R_ASSIGNMENT_TYPE,TypeAffectation P/A/S → indicateurs primaire/temporaire,REGLE_DETERMINISTE,MATCH,,DERIVE,ECART_JUSTIFIE,ECART_JUSTIFIE,0.92,AUCUNE,0,"Niveau 1 : TypeAffectation='P' ≠ isTemporaryAssignment='false'. Niveau 2 : écart expliqué par R_ASSIGNMENT_TYPE [Mapping.xlsx › Mapping, lignes 41-45] : Type aff = P → primaire=true, temporaire=false → attendu 'false'.",,,,Aucune action.,,False,,,"{""TypeAffectation"": ""P""}",,"Employe_Source_Anonymise_VF.xlsx ligne 14 ; Employe_Destination_Anonymise_VF.xlsx ligne 13 ; Mapping.xlsx › Mapping, lignes 41-45","Mapping.xlsx › Mapping, lignes 41-45",base ECART_JUSTIFIE=0.92 ; ×appariement 1.00 = 0.92,,,,,,ECART_JUSTIFIE
C-3241002-S14-D13-assignmentStartDate,3241002,Pre3241002 Nom3241002,COMPARAISON_CHAMP,assignmentStartDate,P · poste 88622 · emploi 6203 · début 2009-03-30,14,13,APPARIE,1.0,DateEntréePoste,2009-03-30,2022-10-05,2009-03-30,2022-10-05,2022-10-05,,DIFFERENT,R_ASSIGNMENT_START,Date d'effet : DateEntréePoste vs date d'effet de l'unité adm. (détail du poste),REGLE_DETERMINISTE,MATCH,,DERIVE,ECART_JUSTIFIE,ECART_JUSTIFIE,0.92,AUCUNE,0,"Niveau 1 : DateEntréePoste='2009-03-30' ≠ assignmentStartDate='2022-10-05'. Niveau 2 : écart expliqué par R_ASSIGNMENT_START [Mapping.xlsx › Mapping, lignes 46-48] : MAX(DateEntréePoste 2009-03-30, date d'effet du détail du poste courant 2022-10-05) = 2022-10-05 → date du détail du poste courant [enregistrement courant (ligne 68) différent du précédent (ligne 67) sur : CodePosteSecondaire, MatriculeGestionnaire] → attendu '2022-10-05'.",,,,Aucune action.,,False,,,"{""DateEntréePoste"": ""2009-03-30"", ""CodePoste"": ""88622"", ""CodeDirection"": ""348""}","{""date_effet_detail_courant"": ""2022-10-05"", ""ligne_detail_courant"": 68, ""methode_detail_poste"": ""enregistrement courant (ligne 68) différent du précédent (ligne 67) sur : CodePosteSecondaire, MatriculeGestionnaire"", ""historique"": ""2009-01-01 (unité 348) → 2011-10-09 (unité 348) → 2014-08-18 (unité 348) → 2017-05-11 (unité 348) → 2020-05-06 (unité 348) → 2022-10-05 (unité 348)"", ""EFFDT_min"": ""2001-11-16"", ""EFFDT_max"": ""2022-10-05"", ""lignes_detail_poste"": [60, 61, 62, 63, 64, 65, 66, 67, 68], ""valeur_lecture_litterale_MIN"": ""2009-03-30""}","Employe_Source_Anonymise_VF.xlsx ligne 14 ; Employe_Destination_Anonymise_VF.xlsx ligne 13 ; Mapping.xlsx › Mapping, lignes 46-48 ; détail_du_poste.xlsx lignes 60-68","Mapping.xlsx › Mapping, lignes 46-48",base ECART_JUSTIFIE=0.92 ; ×appariement 1.00 = 0.92,,,,,,ECART_JUSTIFIE
C-3241002-S14-D13-payGradeId,3241002,Pre3241002 Nom3241002,COMPARAISON_CHAMP,payGradeId,P · poste 88622 · emploi 6203 · début 2009-03-30,14,13,APPARIE,1.0,ÉchelleSalariale,223,223,223,223,223,,IDENTIQUE,R_DIRECT,Copie directe (mapping N/A),COMPARAISON_BRUTE,MATCH,,CERTAIN,CONFORME,CONFORME,0.99,AUCUNE,0,"Niveau 1 : valeurs identiques (ÉchelleSalariale='223', payGradeId='223').",,,,Aucune action.,,False,,,"{""ÉchelleSalariale"": ""223""}",,"Employe_Source_Anonymise_VF.xlsx ligne 14 ; Employe_Destination_Anonymise_VF.xlsx ligne 13 ; Mapping.xlsx › Mapping, ligne 49","Mapping.xlsx › Mapping, ligne 49",base CONFORME=0.99 ; ×appariement 1.00 = 0.99,,,,,,CONFORME
C-3241002-S14-D13-weeklyHoursOverride,3241002,Pre3241002 Nom3241002,COMPARAISON_CHAMP,weeklyHoursOverride,P · poste 88622 · emploi 6203 · début 2009-03-30,14,13,APPARIE,1.0,HeuresNormeHebdo,40,40,40,40,40,,IDENTIQUE,R_DIRECT,Copie directe (mapping N/A),COMPARAISON_BRUTE,MATCH,,CERTAIN,CONFORME,CONFORME,0.99,AUCUNE,0,"Niveau 1 : valeurs identiques (HeuresNormeHebdo='40', weeklyHoursOverride='40').",,,,Aucune action.,,False,,,"{""HeuresNormeHebdo"": ""40""}","{""heures_semaine_poste"": 40, ""CodeQuart"": ""23""}","Employe_Source_Anonymise_VF.xlsx ligne 14 ; Employe_Destination_Anonymise_VF.xlsx ligne 13 ; Mapping.xlsx › Mapping, ligne 51 ; détail_du_poste.xlsx (contexte) lignes 68","Mapping.xlsx › Mapping, ligne 51",base CONFORME=0.99 ; ×appariement 1.00 = 0.99,,,,,,CONFORME
C-3241002-S14-D13-dailyHoursOverride,3241002,Pre3241002 Nom3241002,COMPARAISON_CHAMP,dailyHoursOverride,P · poste 88622 · emploi 6203 · début 2009-03-30,14,13,APPARIE,1.0,HeuresNormeQuotidienne,8,8,8,8,8,,IDENTIQUE,R_DIRECT,Copie directe (mapping N/A),COMPARAISON_BRUTE,MATCH,,CERTAIN,CONFORME,CONFORME,0.99,AUCUNE,0,"Niveau 1 : valeurs identiques (HeuresNormeQuotidienne='8', dailyHoursOverride='8').",,,,Aucune action.,,False,,,"{""HeuresNormeQuotidienne"": ""8""}","{""heures_jour_poste"": 8, ""CodeQuart"": ""23""}","Employe_Source_Anonymise_VF.xlsx ligne 14 ; Employe_Destination_Anonymise_VF.xlsx ligne 13 ; Mapping.xlsx › Mapping, ligne 52 ; détail_du_poste.xlsx (contexte) lignes 68","Mapping.xlsx › Mapping, ligne 52",base CONFORME=0.99 ; ×appariement 1.00 = 0.99,,,,,,CONFORME
C-3241002-S14-D13-assignmentEndDate,3241002,Pre3241002 Nom3241002,COMPARAISON_CHAMP,assignmentEndDate,P · poste 88622 · emploi 6203 · début 2009-03-30,14,13,APPARIE,1.0,DateSortiePoste,,,,,,,VIDE_DES_DEUX_COTES,R_ASSIGNMENT_END,"Date de fin : MIN(DateSortiePoste, fin de l'unité adm. courante)",REGLE_DETERMINISTE,MATCH,,DERIVE,CONFORME,CONFORME,0.95,AUCUNE,0,Niveau 1 : valeur vide des deux côtés (DateSortiePoste / assignmentEndDate).,,,,Aucune action.,,False,,,"{""DateSortiePoste"": """", ""CodePoste"": ""88622""}","{""fin_unite_adm"": """", ""methode_unite_adm"": ""aucun changement d'unité dans l'historique → MIN(EFFDT)""}","Employe_Source_Anonymise_VF.xlsx ligne 14 ; Employe_Destination_Anonymise_VF.xlsx ligne 13 ; Mapping.xlsx › Mapping, lignes 53-55 ; détail_du_poste.xlsx lignes 60-68","Mapping.xlsx › Mapping, lignes 53-55",base CONFORME=0.95 ; ×appariement 1.00 = 0.95,,,,,,CONFORME
C-3241002-S14-D13-termEndDate,3241002,Pre3241002 Nom3241002,COMPARAISON_CHAMP,termEndDate,P · poste 88622 · emploi 6203 · début 2009-03-30,14,13,APPARIE,1.0,DateSortiePoste,,,,,,,VIDE_DES_DEUX_COTES,R_ASSIGNMENT_END,"Date de fin : MIN(DateSortiePoste, fin de l'unité adm. courante)",REGLE_DETERMINISTE,MATCH,,DERIVE,CONFORME,CONFORME,0.95,AUCUNE,0,Niveau 1 : valeur vide des deux côtés (DateSortiePoste / termEndDate).,,,,Aucune action.,,False,,,"{""DateSortiePoste"": """", ""CodePoste"": ""88622""}","{""fin_unite_adm"": """", ""methode_unite_adm"": ""aucun changement d'unité dans l'historique → MIN(EFFDT)""}","Employe_Source_Anonymise_VF.xlsx ligne 14 ; Employe_Destination_Anonymise_VF.xlsx ligne 13 ; Mapping.xlsx › Mapping, lignes 56-58 ; détail_du_poste.xlsx lignes 60-68","Mapping.xlsx › Mapping, lignes 56-58",base CONFORME=0.95 ; ×appariement 1.00 = 0.95,,,,,,CONFORME
C-3712987-S18-D17-givenName,3712987,Pre3712987 Nom3712987,COMPARAISON_CHAMP,givenName,P · poste 86337 · emploi 6031 · début 2016-05-09,18,17,APPARIE,1.0,PrénomUsuel,Pre3712987,Pre3712987,pre3712987,pre3712987,Pre3712987,,IDENTIQUE,R_DIRECT,Copie directe (mapping N/A),COMPARAISON_BRUTE,MATCH,,CERTAIN,CONFORME,CONFORME,0.99,AUCUNE,0,"Niveau 1 : valeurs identiques (PrénomUsuel='Pre3712987', givenName='Pre3712987').",,,,Aucune action.,,False,,,"{""PrénomUsuel"": ""Pre3712987""}",,"Employe_Source_Anonymise_VF.xlsx ligne 18 ; Employe_Destination_Anonymise_VF.xlsx ligne 17 ; Mapping.xlsx › Mapping, ligne 2","Mapping.xlsx › Mapping, ligne 2",base CONFORME=0.99 ; ×appariement 1.00 = 0.99,,,,,,CONFORME
C-3712987-S18-D17-surname,3712987,Pre3712987 Nom3712987,COMPARAISON_CHAMP,surname,P · poste 86337 · emploi 6031 · début 2016-05-09,18,17,APPARIE,1.0,NomFamille,Nom3712987,Nom3712987,nom3712987,nom3712987,Nom3712987,,IDENTIQUE,R_DIRECT,Copie directe (mapping N/A),COMPARAISON_BRUTE,MATCH,,CERTAIN,CONFORME,CONFORME,0.99,AUCUNE,0,"Niveau 1 : valeurs identiques (NomFamille='Nom3712987', surname='Nom3712987').",,,,Aucune action.,,False,,,"{""NomFamille"": ""Nom3712987""}",,"Employe_Source_Anonymise_VF.xlsx ligne 18 ; Employe_Destination_Anonymise_VF.xlsx ligne 17 ; Mapping.xlsx › Mapping, ligne 3","Mapping.xlsx › Mapping, ligne 3",base CONFORME=0.99 ; ×appariement 1.00 = 0.99,,,,,,CONFORME
C-3712987-S18-D17-onboardDate,3712987,Pre3712987 Nom3712987,COMPARAISON_CHAMP,onboardDate,P · poste 86337 · emploi 6031 · début 2016-05-09,18,17,APPARIE,1.0,DateEmbaucheRécente,2015-03-24,2015-03-24T00:00:00.000Z,2015-03-24,2015-03-24,2015-03-24,,IDENTIQUE_APRES_NORMALISATION,R_DIRECT,Copie directe (mapping N/A),COMPARAISON_BRUTE,MATCH,,CERTAIN,CONFORME,CONFORME,0.95,AUCUNE,0,Niveau 1 : différence de format uniquement ('2015-03-24' vs '2015-03-24T00:00:00.000Z' → '2015-03-24').,,,,Aucune action.,,False,,,"{""DateEmbaucheRécente"": ""2015-03-24""}",,"Employe_Source_Anonymise_VF.xlsx ligne 18 ; Employe_Destination_Anonymise_VF.xlsx ligne 17 ; Mapping.xlsx › Mapping, ligne 7","Mapping.xlsx › Mapping, ligne 7",base CONFORME=0.95 ; ×appariement 1.00 = 0.95,,,,,,CONFORME
C-3712987-S18-D17-siteName,3712987,Pre3712987 Nom3712987,COMPARAISON_CHAMP,siteName,P · poste 86337 · emploi 6031 · début 2016-05-09,18,17,APPARIE,1.0,LibelléSite,Emplacement48,Emplacement48,emplacement48,emplacement48,Emplacement48,,IDENTIQUE,R_DIRECT,Copie directe (mapping N/A),COMPARAISON_BRUTE,MATCH,,CERTAIN,CONFORME,CONFORME,0.99,AUCUNE,0,"Niveau 1 : valeurs identiques (LibelléSite='Emplacement48', siteName='Emplacement48').",,,,Aucune action.,,False,,,"{""LibelléSite"": ""Emplacement48""}",,"Employe_Source_Anonymise_VF.xlsx ligne 18 ; Employe_Destination_Anonymise_VF.xlsx ligne 17 ; Mapping.xlsx › Mapping, ligne 9","Mapping.xlsx › Mapping, ligne 9",base CONFORME=0.99 ; ×appariement 1.00 = 0.99,,,,,,CONFORME
C-3712987-S18-D17-siteCode,3712987,Pre3712987 Nom3712987,COMPARAISON_CHAMP,siteCode,P · poste 86337 · emploi 6031 · début 2016-05-09,18,17,APPARIE,1.0,CodeSite,48,48,48,48,48,,IDENTIQUE,R_DIRECT,Copie directe (mapping N/A),COMPARAISON_BRUTE,MATCH,,CERTAIN,CONFORME,CONFORME,0.99,AUCUNE,0,"Niveau 1 : valeurs identiques (CodeSite='48', siteCode='48').",,,,Aucune action.,,False,,,"{""CodeSite"": ""48""}",,"Employe_Source_Anonymise_VF.xlsx ligne 18 ; Employe_Destination_Anonymise_VF.xlsx ligne 17 ; Mapping.xlsx › Mapping, ligne 10","Mapping.xlsx › Mapping, ligne 10",base CONFORME=0.99 ; ×appariement 1.00 = 0.99,,,,,,CONFORME
C-3712987-S18-D17-divisionId,3712987,Pre3712987 Nom3712987,COMPARAISON_CHAMP,divisionId,P · poste 86337 · emploi 6031 · début 2016-05-09,18,17,APPARIE,1.0,CodeDirection,371,371,371,371,371,,IDENTIQUE,R_DIRECT,Copie directe (mapping N/A),COMPARAISON_BRUTE,MATCH,,CERTAIN,CONFORME,CONFORME,0.99,AUCUNE,0,"Niveau 1 : valeurs identiques (CodeDirection='371', divisionId='371').",,,,Aucune action.,,False,,,"{""CodeDirection"": ""371""}",,"Employe_Source_Anonymise_VF.xlsx ligne 18 ; Employe_Destination_Anonymise_VF.xlsx ligne 17 ; Mapping.xlsx › Mapping, ligne 11","Mapping.xlsx › Mapping, ligne 11",base CONFORME=0.99 ; ×appariement 1.00 = 0.99,,,,,,CONFORME
C-3712987-S18-D17-divisionName,3712987,Pre3712987 Nom3712987,COMPARAISON_CHAMP,divisionName,P · poste 86337 · emploi 6031 · début 2016-05-09,18,17,APPARIE,1.0,LibelléDirection,UnitAdmin00371,00371-UnitAdmin00371,unitadmin00371,00371-unitadmin00371,371-UnitAdmin00371,,DIFFERENT,R_CONCAT_DIVISION,Concaténation CodeDirection + '-' + LibelléDirection,REGLE_DETERMINISTE,MATCH,zéros non significatifs du code ignorés,DERIVE,ECART_JUSTIFIE,ECART_JUSTIFIE,0.92,AUCUNE,0,"Niveau 1 : LibelléDirection='UnitAdmin00371' ≠ divisionName='00371-UnitAdmin00371'. Niveau 2 : écart expliqué par R_CONCAT_DIVISION [Mapping.xlsx › Mapping, ligne 12] : CodeDirection + '-' + LibelléDirection → attendu '371-UnitAdmin00371' (zéros non significatifs du code ignorés).",,,,Aucune action.,,False,,,"{""CodeDirection"": ""371"", ""LibelléDirection"": ""UnitAdmin00371""}","{""code_destination"": ""00371"", ""libelle_destination"": ""UnitAdmin00371""}","Employe_Source_Anonymise_VF.xlsx ligne 18 ; Employe_Destination_Anonymise_VF.xlsx ligne 17 ; Mapping.xlsx › Mapping, ligne 12","Mapping.xlsx › Mapping, ligne 12",base ECART_JUSTIFIE=0.92 ; ×appariement 1.00 = 0.92,,,,,,ECART_JUSTIFIE
C-3712987-S18-D17-divisionCode,3712987,Pre3712987 Nom3712987,COMPARAISON_CHAMP,divisionCode,P · poste 86337 · emploi 6031 · début 2016-05-09,18,17,APPARIE,1.0,CodeImputation,2883,2883,2883,2883,2883,,IDENTIQUE,R_DIRECT,Copie directe (mapping N/A),COMPARAISON_BRUTE,MATCH,,CERTAIN,CONFORME,CONFORME,0.99,AUCUNE,0,"Niveau 1 : valeurs identiques (CodeImputation='2883', divisionCode='2883').",,,,Aucune action.,,False,,,"{""CodeImputation"": ""2883""}",,"Employe_Source_Anonymise_VF.xlsx ligne 18 ; Employe_Destination_Anonymise_VF.xlsx ligne 17 ; Mapping.xlsx › Mapping, ligne 13","Mapping.xlsx › Mapping, ligne 13",base CONFORME=0.99 ; ×appariement 1.00 = 0.99,,,,,,CONFORME
C-3712987-S18-D17-positionId,3712987,Pre3712987 Nom3712987,COMPARAISON_CHAMP,positionId,P · poste 86337 · emploi 6031 · début 2016-05-09,18,17,APPARIE,1.0,CodeEmploi,6031,6031,6031,6031,6031,,IDENTIQUE,R_DIRECT,Copie directe (mapping N/A),COMPARAISON_BRUTE,MATCH,,CERTAIN,CONFORME,CONFORME,0.99,AUCUNE,0,"Niveau 1 : valeurs identiques (CodeEmploi='6031', positionId='6031').",,,,Aucune action.,,False,,,"{""CodeEmploi"": ""6031""}",,"Employe_Source_Anonymise_VF.xlsx ligne 18 ; Employe_Destination_Anonymise_VF.xlsx ligne 17 ; Mapping.xlsx › Mapping, ligne 14","Mapping.xlsx › Mapping, ligne 14",base CONFORME=0.99 ; ×appariement 1.00 = 0.99,,,,,,CONFORME
C-3712987-S18-D17-positionCode,3712987,Pre3712987 Nom3712987,COMPARAISON_CHAMP,positionCode,P · poste 86337 · emploi 6031 · début 2016-05-09,18,17,APPARIE,1.0,CodeEmploi,6031,6031,6031,6031,6031,,IDENTIQUE,R_DIRECT,Copie directe (mapping N/A),COMPARAISON_BRUTE,MATCH,,CERTAIN,CONFORME,CONFORME,0.99,AUCUNE,0,"Niveau 1 : valeurs identiques (CodeEmploi='6031', positionCode='6031').",,,,Aucune action.,,False,,,"{""CodeEmploi"": ""6031""}",,"Employe_Source_Anonymise_VF.xlsx ligne 18 ; Employe_Destination_Anonymise_VF.xlsx ligne 17 ; Mapping.xlsx › Mapping, ligne 16","Mapping.xlsx › Mapping, ligne 16",base CONFORME=0.99 ; ×appariement 1.00 = 0.99,,,,,,CONFORME
C-3712987-S18-D17-statusReasonCode,3712987,Pre3712987 Nom3712987,COMPARAISON_CHAMP,statusReasonCode,P · poste 86337 · emploi 6031 · début 2016-05-09,18,17,APPARIE,1.0,"CodeStatutEmploi, CodeRaisonStatut, DateEffetRaison",703,,703,,,,DESTINATION_VIDE,R_SITUATION_EMPLOI,Table 'Règles situation d'emploi' + jointure motifs,REGLE_DETERMINISTE,MATCH,,DERIVE,ECART_JUSTIFIE,ECART_JUSTIFIE,0.92,AUCUNE,0,"Niveau 1 : CodeRaisonStatut='703' ≠ statusReasonCode='∅'. Niveau 2 : écart expliqué par R_SITUATION_EMPLOI [Mapping.xlsx › Mapping, lignes 17-21] : situation 'Actif' (codes d'accès [0, 1], ligne 2) → cf_CAD = null → attendu '∅'.",,,,Aucune action.,,False,,,"{""CodeSuspensionAccès"": ""1"", ""CodeStatutEmploi"": ""1"", ""CodeRaisonStatut"": ""703"", ""DateEffetRaison"": ""2026-03-28"", ""DateRetourAnticipée"": """"}","{""motif_trouve"": false}","Employe_Source_Anonymise_VF.xlsx ligne 18 ; Employe_Destination_Anonymise_VF.xlsx ligne 17 ; Mapping.xlsx › Mapping, lignes 17-21 ; Mapping.xlsx › Règles situation d'emploi","Mapping.xlsx › Mapping, lignes 17-21",base ECART_JUSTIFIE=0.92 ; ×appariement 1.00 = 0.92,,,,,,ECART_JUSTIFIE
C-3712987-S18-D17-expectedReturnDate,3712987,Pre3712987 Nom3712987,COMPARAISON_CHAMP,expectedReturnDate,P · poste 86337 · emploi 6031 · début 2016-05-09,18,17,APPARIE,1.0,DateRetourAnticipée,,,,,,,VIDE_DES_DEUX_COTES,R_SITUATION_EMPLOI,Table 'Règles situation d'emploi' + jointure motifs,REGLE_DETERMINISTE,MATCH,,DERIVE,CONFORME,CONFORME,0.95,AUCUNE,0,Niveau 1 : valeur vide des deux côtés (DateRetourAnticipée / expectedReturnDate).,,,,Aucune action.,,False,,,"{""CodeSuspensionAccès"": ""1"", ""CodeStatutEmploi"": ""1"", ""CodeRaisonStatut"": ""703"", ""DateEffetRaison"": ""2026-03-28"", ""DateRetourAnticipée"": """"}","{""motif_trouve"": false}","Employe_Source_Anonymise_VF.xlsx ligne 18 ; Employe_Destination_Anonymise_VF.xlsx ligne 17 ; Mapping.xlsx › Mapping, ligne 22 ; Mapping.xlsx › Règles situation d'emploi","Mapping.xlsx › Mapping, ligne 22",base CONFORME=0.95 ; ×appariement 1.00 = 0.95,,,,,,CONFORME
C-3712987-S18-D17-detailedStatus,3712987,Pre3712987 Nom3712987,COMPARAISON_CHAMP,detailedStatus,P · poste 86337 · emploi 6031 · début 2016-05-09,18,17,APPARIE,1.0,-,,Actif,,actif,Actif,,NON_COMPARABLE,R_SITUATION_EMPLOI,Table 'Règles situation d'emploi' + jointure motifs,REGLE_DETERMINISTE,MATCH,,DERIVE,CONFORME,CONFORME,0.95,AUCUNE,0,"Niveau 2 : R_SITUATION_EMPLOI [Mapping.xlsx › Mapping, ligne 23] dérive 'Actif' (situation 'Actif' (codes d'accès [0, 1], ligne 2)) ; identique à la destination.",,,,Aucune action.,,False,,,"{""CodeSuspensionAccès"": ""1"", ""CodeStatutEmploi"": ""1"", ""CodeRaisonStatut"": ""703"", ""DateEffetRaison"": ""2026-03-28"", ""DateRetourAnticipée"": """"}","{""motif_trouve"": false}","Employe_Source_Anonymise_VF.xlsx ligne 18 ; Employe_Destination_Anonymise_VF.xlsx ligne 17 ; Mapping.xlsx › Mapping, ligne 23 ; Mapping.xlsx › Règles situation d'emploi","Mapping.xlsx › Mapping, ligne 23",base CONFORME=0.95 ; ×appariement 1.00 = 0.95,,,,,,CONFORME
C-3712987-S18-D17-isPrimaryAssignment,3712987,Pre3712987 Nom3712987,COMPARAISON_CHAMP,isPrimaryAssignment,P · poste 86337 · emploi 6031 · début 2016-05-09,18,17,APPARIE,1.0,TypeAffectation,P,true,P,true,true,,DIFFERENT,R_ASSIGNMENT_TYPE,TypeAffectation P/A/S → indicateurs primaire/temporaire,REGLE_DETERMINISTE,MATCH,,DERIVE,ECART_JUSTIFIE,ECART_JUSTIFIE,0.92,AUCUNE,0,"Niveau 1 : TypeAffectation='P' ≠ isPrimaryAssignment='true'. Niveau 2 : écart expliqué par R_ASSIGNMENT_TYPE [Mapping.xlsx › Mapping, lignes 41-45] : Type aff = P → primaire=true, temporaire=false → attendu 'true'.",,,,Aucune action.,,False,,,"{""TypeAffectation"": ""P""}",,"Employe_Source_Anonymise_VF.xlsx ligne 18 ; Employe_Destination_Anonymise_VF.xlsx ligne 17 ; Mapping.xlsx › Mapping, lignes 41-45","Mapping.xlsx › Mapping, lignes 41-45",base ECART_JUSTIFIE=0.92 ; ×appariement 1.00 = 0.92,,,,,,ECART_JUSTIFIE
C-3712987-S18-D17-isTemporaryAssignment,3712987,Pre3712987 Nom3712987,COMPARAISON_CHAMP,isTemporaryAssignment,P · poste 86337 · emploi 6031 · début 2016-05-09,18,17,APPARIE,1.0,TypeAffectation,P,false,P,false,false,,DIFFERENT,R_ASSIGNMENT_TYPE,TypeAffectation P/A/S → indicateurs primaire/temporaire,REGLE_DETERMINISTE,MATCH,,DERIVE,ECART_JUSTIFIE,ECART_JUSTIFIE,0.92,AUCUNE,0,"Niveau 1 : TypeAffectation='P' ≠ isTemporaryAssignment='false'. Niveau 2 : écart expliqué par R_ASSIGNMENT_TYPE [Mapping.xlsx › Mapping, lignes 41-45] : Type aff = P → primaire=true, temporaire=false → attendu 'false'.",,,,Aucune action.,,False,,,"{""TypeAffectation"": ""P""}",,"Employe_Source_Anonymise_VF.xlsx ligne 18 ; Employe_Destination_Anonymise_VF.xlsx ligne 17 ; Mapping.xlsx › Mapping, lignes 41-45","Mapping.xlsx › Mapping, lignes 41-45",base ECART_JUSTIFIE=0.92 ; ×appariement 1.00 = 0.92,,,,,,ECART_JUSTIFIE
C-3712987-S18-D17-assignmentStartDate,3712987,Pre3712987 Nom3712987,COMPARAISON_CHAMP,assignmentStartDate,P · poste 86337 · emploi 6031 · début 2016-05-09,18,17,APPARIE,1.0,DateEntréePoste,2016-05-09,2016-05-09,2016-05-09,2016-05-09,2016-05-09,,IDENTIQUE,R_ASSIGNMENT_START,Date d'effet : DateEntréePoste vs date d'effet de l'unité adm. (détail du poste),REGLE_DETERMINISTE,MATCH,,DERIVE,CONFORME,CONFORME,0.99,AUCUNE,0,"Niveau 1 : valeurs identiques (DateEntréePoste='2016-05-09', assignmentStartDate='2016-05-09') ; Niveau 2 : R_ASSIGNMENT_START [Mapping.xlsx › Mapping, lignes 46-48] confirme la valeur attendue '2016-05-09' (MAX(DateEntréePoste 2016-05-09, date d'effet du détail du poste courant 2001-12-21) = 2016-05-09 → date d'effet du poste (source) [enregistrement courant (ligne 85) différent du précédent (ligne 84) sur : CodePosteSecondaire, MatriculeGestionnaire]).",,,,Aucune action.,,False,,,"{""DateEntréePoste"": ""2016-05-09"", ""CodePoste"": ""86337"", ""CodeDirection"": ""371""}","{""date_effet_detail_courant"": ""2001-12-21"", ""ligne_detail_courant"": 85, ""methode_detail_poste"": ""enregistrement courant (ligne 85) différent du précédent (ligne 84) sur : CodePosteSecondaire, MatriculeGestionnaire"", ""historique"": ""1993-05-23 (unité 371) → 1996-08-18 (unité 371) → 1999-05-05 (unité 371) → 1999-11-27 (unité 371) → 2001-12-21 (unité 371)"", ""EFFDT_min"": ""1993-05-23"", ""EFFDT_max"": ""2001-12-21"", ""lignes_detail_poste"": [81, 82, 83, 84, 85], ""valeur_lecture_litterale_MIN"": ""2001-12-21""}","Employe_Source_Anonymise_VF.xlsx ligne 18 ; Employe_Destination_Anonymise_VF.xlsx ligne 17 ; Mapping.xlsx › Mapping, lignes 46-48 ; détail_du_poste.xlsx lignes 81-85","Mapping.xlsx › Mapping, lignes 46-48",base CONFORME=0.99 ; ×appariement 1.00 = 0.99,,,,,,CONFORME
C-3712987-S18-D17-payGradeId,3712987,Pre3712987 Nom3712987,COMPARAISON_CHAMP,payGradeId,P · poste 86337 · emploi 6031 · début 2016-05-09,18,17,APPARIE,1.0,ÉchelleSalariale,293,293,293,293,293,,IDENTIQUE,R_DIRECT,Copie directe (mapping N/A),COMPARAISON_BRUTE,MATCH,,CERTAIN,CONFORME,CONFORME,0.99,AUCUNE,0,"Niveau 1 : valeurs identiques (ÉchelleSalariale='293', payGradeId='293').",,,,Aucune action.,,False,,,"{""ÉchelleSalariale"": ""293""}",,"Employe_Source_Anonymise_VF.xlsx ligne 18 ; Employe_Destination_Anonymise_VF.xlsx ligne 17 ; Mapping.xlsx › Mapping, ligne 49","Mapping.xlsx › Mapping, ligne 49",base CONFORME=0.99 ; ×appariement 1.00 = 0.99,,,,,,CONFORME
C-3712987-S18-D17-assignmentEndDate,3712987,Pre3712987 Nom3712987,COMPARAISON_CHAMP,assignmentEndDate,P · poste 86337 · emploi 6031 · début 2016-05-09,18,17,APPARIE,1.0,DateSortiePoste,,,,,,,VIDE_DES_DEUX_COTES,R_ASSIGNMENT_END,"Date de fin : MIN(DateSortiePoste, fin de l'unité adm. courante)",REGLE_DETERMINISTE,MATCH,,DERIVE,CONFORME,CONFORME,0.95,AUCUNE,0,Niveau 1 : valeur vide des deux côtés (DateSortiePoste / assignmentEndDate).,,,,Aucune action.,,False,,,"{""DateSortiePoste"": """", ""CodePoste"": ""86337""}","{""fin_unite_adm"": """", ""methode_unite_adm"": ""aucun changement d'unité dans l'historique → MIN(EFFDT)""}","Employe_Source_Anonymise_VF.xlsx ligne 18 ; Employe_Destination_Anonymise_VF.xlsx ligne 17 ; Mapping.xlsx › Mapping, lignes 53-55 ; détail_du_poste.xlsx lignes 81-85","Mapping.xlsx › Mapping, lignes 53-55",base CONFORME=0.95 ; ×appariement 1.00 = 0.95,,,,,,CONFORME
C-3712987-S18-D17-termEndDate,3712987,Pre3712987 Nom3712987,COMPARAISON_CHAMP,termEndDate,P · poste 86337 · emploi 6031 · début 2016-05-09,18,17,APPARIE,1.0,DateSortiePoste,,,,,,,VIDE_DES_DEUX_COTES,R_ASSIGNMENT_END,"Date de fin : MIN(DateSortiePoste, fin de l'unité adm. courante)",REGLE_DETERMINISTE,MATCH,,DERIVE,CONFORME,CONFORME,0.95,AUCUNE,0,Niveau 1 : valeur vide des deux côtés (DateSortiePoste / termEndDate).,,,,Aucune action.,,False,,,"{""DateSortiePoste"": """", ""CodePoste"": ""86337""}","{""fin_unite_adm"": """", ""methode_unite_adm"": ""aucun changement d'unité dans l'historique → MIN(EFFDT)""}","Employe_Source_Anonymise_VF.xlsx ligne 18 ; Employe_Destination_Anonymise_VF.xlsx ligne 17 ; Mapping.xlsx › Mapping, lignes 56-58 ; détail_du_poste.xlsx lignes 81-85","Mapping.xlsx › Mapping, lignes 56-58",base CONFORME=0.95 ; ×appariement 1.00 = 0.95,,,,,,CONFORME
C-4402456-S17-D16-givenName,4402456,Pre4402456 Nom4402456,COMPARAISON_CHAMP,givenName,P · poste 26586 · emploi 6031 · début 2001-02-05,17,16,APPARIE,1.0,PrénomUsuel,Pre4402456,Pre4402456,pre4402456,pre4402456,Pre4402456,,IDENTIQUE,R_DIRECT,Copie directe (mapping N/A),COMPARAISON_BRUTE,MATCH,,CERTAIN,CONFORME,CONFORME,0.99,AUCUNE,0,"Niveau 1 : valeurs identiques (PrénomUsuel='Pre4402456', givenName='Pre4402456').",,,,Aucune action.,,False,,,"{""PrénomUsuel"": ""Pre4402456""}",,"Employe_Source_Anonymise_VF.xlsx ligne 17 ; Employe_Destination_Anonymise_VF.xlsx ligne 16 ; Mapping.xlsx › Mapping, ligne 2","Mapping.xlsx › Mapping, ligne 2",base CONFORME=0.99 ; ×appariement 1.00 = 0.99,,,,,,CONFORME
C-4402456-S17-D16-surname,4402456,Pre4402456 Nom4402456,COMPARAISON_CHAMP,surname,P · poste 26586 · emploi 6031 · début 2001-02-05,17,16,APPARIE,1.0,NomFamille,Nom4402456,Nom4402456,nom4402456,nom4402456,Nom4402456,,IDENTIQUE,R_DIRECT,Copie directe (mapping N/A),COMPARAISON_BRUTE,MATCH,,CERTAIN,CONFORME,CONFORME,0.99,AUCUNE,0,"Niveau 1 : valeurs identiques (NomFamille='Nom4402456', surname='Nom4402456').",,,,Aucune action.,,False,,,"{""NomFamille"": ""Nom4402456""}",,"Employe_Source_Anonymise_VF.xlsx ligne 17 ; Employe_Destination_Anonymise_VF.xlsx ligne 16 ; Mapping.xlsx › Mapping, ligne 3","Mapping.xlsx › Mapping, ligne 3",base CONFORME=0.99 ; ×appariement 1.00 = 0.99,,,,,,CONFORME
C-4402456-S17-D16-onboardDate,4402456,Pre4402456 Nom4402456,COMPARAISON_CHAMP,onboardDate,P · poste 26586 · emploi 6031 · début 2001-02-05,17,16,APPARIE,1.0,DateEmbaucheRécente,1993-10-11,1993-10-11T00:00:00.000Z,1993-10-11,1993-10-11,1993-10-11,,IDENTIQUE_APRES_NORMALISATION,R_DIRECT,Copie directe (mapping N/A),COMPARAISON_BRUTE,MATCH,,CERTAIN,CONFORME,CONFORME,0.95,AUCUNE,0,Niveau 1 : différence de format uniquement ('1993-10-11' vs '1993-10-11T00:00:00.000Z' → '1993-10-11').,,,,Aucune action.,,False,,,"{""DateEmbaucheRécente"": ""1993-10-11""}",,"Employe_Source_Anonymise_VF.xlsx ligne 17 ; Employe_Destination_Anonymise_VF.xlsx ligne 16 ; Mapping.xlsx › Mapping, ligne 7","Mapping.xlsx › Mapping, ligne 7",base CONFORME=0.95 ; ×appariement 1.00 = 0.95,,,,,,CONFORME
C-4402456-S17-D16-siteName,4402456,Pre4402456 Nom4402456,COMPARAISON_CHAMP,siteName,P · poste 26586 · emploi 6031 · début 2001-02-05,17,16,APPARIE,1.0,LibelléSite,Emplacement48,Emplacement48,emplacement48,emplacement48,Emplacement48,,IDENTIQUE,R_DIRECT,Copie directe (mapping N/A),COMPARAISON_BRUTE,MATCH,,CERTAIN,CONFORME,CONFORME,0.99,AUCUNE,0,"Niveau 1 : valeurs identiques (LibelléSite='Emplacement48', siteName='Emplacement48').",,,,Aucune action.,,False,,,"{""LibelléSite"": ""Emplacement48""}",,"Employe_Source_Anonymise_VF.xlsx ligne 17 ; Employe_Destination_Anonymise_VF.xlsx ligne 16 ; Mapping.xlsx › Mapping, ligne 9","Mapping.xlsx › Mapping, ligne 9",base CONFORME=0.99 ; ×appariement 1.00 = 0.99,,,,,,CONFORME
C-4402456-S17-D16-siteCode,4402456,Pre4402456 Nom4402456,COMPARAISON_CHAMP,siteCode,P · poste 26586 · emploi 6031 · début 2001-02-05,17,16,APPARIE,1.0,CodeSite,48,48,48,48,48,,IDENTIQUE,R_DIRECT,Copie directe (mapping N/A),COMPARAISON_BRUTE,MATCH,,CERTAIN,CONFORME,CONFORME,0.99,AUCUNE,0,"Niveau 1 : valeurs identiques (CodeSite='48', siteCode='48').",,,,Aucune action.,,False,,,"{""CodeSite"": ""48""}",,"Employe_Source_Anonymise_VF.xlsx ligne 17 ; Employe_Destination_Anonymise_VF.xlsx ligne 16 ; Mapping.xlsx › Mapping, ligne 10","Mapping.xlsx › Mapping, ligne 10",base CONFORME=0.99 ; ×appariement 1.00 = 0.99,,,,,,CONFORME
C-4402456-S17-D16-divisionId,4402456,Pre4402456 Nom4402456,COMPARAISON_CHAMP,divisionId,P · poste 26586 · emploi 6031 · début 2001-02-05,17,16,APPARIE,1.0,CodeDirection,371,371,371,371,371,,IDENTIQUE,R_DIRECT,Copie directe (mapping N/A),COMPARAISON_BRUTE,MATCH,,CERTAIN,CONFORME,CONFORME,0.99,AUCUNE,0,"Niveau 1 : valeurs identiques (CodeDirection='371', divisionId='371').",,,,Aucune action.,,False,,,"{""CodeDirection"": ""371""}",,"Employe_Source_Anonymise_VF.xlsx ligne 17 ; Employe_Destination_Anonymise_VF.xlsx ligne 16 ; Mapping.xlsx › Mapping, ligne 11","Mapping.xlsx › Mapping, ligne 11",base CONFORME=0.99 ; ×appariement 1.00 = 0.99,,,,,,CONFORME
C-4402456-S17-D16-divisionName,4402456,Pre4402456 Nom4402456,COMPARAISON_CHAMP,divisionName,P · poste 26586 · emploi 6031 · début 2001-02-05,17,16,APPARIE,1.0,LibelléDirection,UnitAdmin00371,00371-UnitAdmin00371,unitadmin00371,00371-unitadmin00371,371-UnitAdmin00371,,DIFFERENT,R_CONCAT_DIVISION,Concaténation CodeDirection + '-' + LibelléDirection,REGLE_DETERMINISTE,MATCH,zéros non significatifs du code ignorés,DERIVE,ECART_JUSTIFIE,ECART_JUSTIFIE,0.92,AUCUNE,0,"Niveau 1 : LibelléDirection='UnitAdmin00371' ≠ divisionName='00371-UnitAdmin00371'. Niveau 2 : écart expliqué par R_CONCAT_DIVISION [Mapping.xlsx › Mapping, ligne 12] : CodeDirection + '-' + LibelléDirection → attendu '371-UnitAdmin00371' (zéros non significatifs du code ignorés).",,,,Aucune action.,,False,,,"{""CodeDirection"": ""371"", ""LibelléDirection"": ""UnitAdmin00371""}","{""code_destination"": ""00371"", ""libelle_destination"": ""UnitAdmin00371""}","Employe_Source_Anonymise_VF.xlsx ligne 17 ; Employe_Destination_Anonymise_VF.xlsx ligne 16 ; Mapping.xlsx › Mapping, ligne 12","Mapping.xlsx › Mapping, ligne 12",base ECART_JUSTIFIE=0.92 ; ×appariement 1.00 = 0.92,,,,,,ECART_JUSTIFIE
C-4402456-S17-D16-divisionCode,4402456,Pre4402456 Nom4402456,COMPARAISON_CHAMP,divisionCode,P · poste 26586 · emploi 6031 · début 2001-02-05,17,16,APPARIE,1.0,CodeImputation,2883,2883,2883,2883,2883,,IDENTIQUE,R_DIRECT,Copie directe (mapping N/A),COMPARAISON_BRUTE,MATCH,,CERTAIN,CONFORME,CONFORME,0.99,AUCUNE,0,"Niveau 1 : valeurs identiques (CodeImputation='2883', divisionCode='2883').",,,,Aucune action.,,False,,,"{""CodeImputation"": ""2883""}",,"Employe_Source_Anonymise_VF.xlsx ligne 17 ; Employe_Destination_Anonymise_VF.xlsx ligne 16 ; Mapping.xlsx › Mapping, ligne 13","Mapping.xlsx › Mapping, ligne 13",base CONFORME=0.99 ; ×appariement 1.00 = 0.99,,,,,,CONFORME
C-4402456-S17-D16-positionId,4402456,Pre4402456 Nom4402456,COMPARAISON_CHAMP,positionId,P · poste 26586 · emploi 6031 · début 2001-02-05,17,16,APPARIE,1.0,CodeEmploi,6031,6031,6031,6031,6031,,IDENTIQUE,R_DIRECT,Copie directe (mapping N/A),COMPARAISON_BRUTE,MATCH,,CERTAIN,CONFORME,CONFORME,0.99,AUCUNE,0,"Niveau 1 : valeurs identiques (CodeEmploi='6031', positionId='6031').",,,,Aucune action.,,False,,,"{""CodeEmploi"": ""6031""}",,"Employe_Source_Anonymise_VF.xlsx ligne 17 ; Employe_Destination_Anonymise_VF.xlsx ligne 16 ; Mapping.xlsx › Mapping, ligne 14","Mapping.xlsx › Mapping, ligne 14",base CONFORME=0.99 ; ×appariement 1.00 = 0.99,,,,,,CONFORME
C-4402456-S17-D16-positionCode,4402456,Pre4402456 Nom4402456,COMPARAISON_CHAMP,positionCode,P · poste 26586 · emploi 6031 · début 2001-02-05,17,16,APPARIE,1.0,CodeEmploi,6031,6031,6031,6031,6031,,IDENTIQUE,R_DIRECT,Copie directe (mapping N/A),COMPARAISON_BRUTE,MATCH,,CERTAIN,CONFORME,CONFORME,0.99,AUCUNE,0,"Niveau 1 : valeurs identiques (CodeEmploi='6031', positionCode='6031').",,,,Aucune action.,,False,,,"{""CodeEmploi"": ""6031""}",,"Employe_Source_Anonymise_VF.xlsx ligne 17 ; Employe_Destination_Anonymise_VF.xlsx ligne 16 ; Mapping.xlsx › Mapping, ligne 16","Mapping.xlsx › Mapping, ligne 16",base CONFORME=0.99 ; ×appariement 1.00 = 0.99,,,,,,CONFORME
C-4402456-S17-D16-statusReasonCode,4402456,Pre4402456 Nom4402456,COMPARAISON_CHAMP,statusReasonCode,P · poste 26586 · emploi 6031 · début 2001-02-05,17,16,APPARIE,1.0,"CodeStatutEmploi, CodeRaisonStatut, DateEffetRaison",703,,703,,,,DESTINATION_VIDE,R_SITUATION_EMPLOI,Table 'Règles situation d'emploi' + jointure motifs,REGLE_DETERMINISTE,MATCH,,DERIVE,ECART_JUSTIFIE,ECART_JUSTIFIE,0.92,AUCUNE,0,"Niveau 1 : CodeRaisonStatut='703' ≠ statusReasonCode='∅'. Niveau 2 : écart expliqué par R_SITUATION_EMPLOI [Mapping.xlsx › Mapping, lignes 17-21] : situation 'Actif' (codes d'accès [0, 1], ligne 2) → cf_CAD = null → attendu '∅'.",,,,Aucune action.,,False,,,"{""CodeSuspensionAccès"": ""1"", ""CodeStatutEmploi"": ""1"", ""CodeRaisonStatut"": ""703"", ""DateEffetRaison"": ""2012-09-02"", ""DateRetourAnticipée"": """"}","{""motif_trouve"": false}","Employe_Source_Anonymise_VF.xlsx ligne 17 ; Employe_Destination_Anonymise_VF.xlsx ligne 16 ; Mapping.xlsx › Mapping, lignes 17-21 ; Mapping.xlsx › Règles situation d'emploi","Mapping.xlsx › Mapping, lignes 17-21",base ECART_JUSTIFIE=0.92 ; ×appariement 1.00 = 0.92,,,,,,ECART_JUSTIFIE
C-4402456-S17-D16-expectedReturnDate,4402456,Pre4402456 Nom4402456,COMPARAISON_CHAMP,expectedReturnDate,P · poste 26586 · emploi 6031 · début 2001-02-05,17,16,APPARIE,1.0,DateRetourAnticipée,,,,,,,VIDE_DES_DEUX_COTES,R_SITUATION_EMPLOI,Table 'Règles situation d'emploi' + jointure motifs,REGLE_DETERMINISTE,MATCH,,DERIVE,CONFORME,CONFORME,0.95,AUCUNE,0,Niveau 1 : valeur vide des deux côtés (DateRetourAnticipée / expectedReturnDate).,,,,Aucune action.,,False,,,"{""CodeSuspensionAccès"": ""1"", ""CodeStatutEmploi"": ""1"", ""CodeRaisonStatut"": ""703"", ""DateEffetRaison"": ""2012-09-02"", ""DateRetourAnticipée"": """"}","{""motif_trouve"": false}","Employe_Source_Anonymise_VF.xlsx ligne 17 ; Employe_Destination_Anonymise_VF.xlsx ligne 16 ; Mapping.xlsx › Mapping, ligne 22 ; Mapping.xlsx › Règles situation d'emploi","Mapping.xlsx › Mapping, ligne 22",base CONFORME=0.95 ; ×appariement 1.00 = 0.95,,,,,,CONFORME
C-4402456-S17-D16-detailedStatus,4402456,Pre4402456 Nom4402456,COMPARAISON_CHAMP,detailedStatus,P · poste 26586 · emploi 6031 · début 2001-02-05,17,16,APPARIE,1.0,-,,Actif,,actif,Actif,,NON_COMPARABLE,R_SITUATION_EMPLOI,Table 'Règles situation d'emploi' + jointure motifs,REGLE_DETERMINISTE,MATCH,,DERIVE,CONFORME,CONFORME,0.95,AUCUNE,0,"Niveau 2 : R_SITUATION_EMPLOI [Mapping.xlsx › Mapping, ligne 23] dérive 'Actif' (situation 'Actif' (codes d'accès [0, 1], ligne 2)) ; identique à la destination.",,,,Aucune action.,,False,,,"{""CodeSuspensionAccès"": ""1"", ""CodeStatutEmploi"": ""1"", ""CodeRaisonStatut"": ""703"", ""DateEffetRaison"": ""2012-09-02"", ""DateRetourAnticipée"": """"}","{""motif_trouve"": false}","Employe_Source_Anonymise_VF.xlsx ligne 17 ; Employe_Destination_Anonymise_VF.xlsx ligne 16 ; Mapping.xlsx › Mapping, ligne 23 ; Mapping.xlsx › Règles situation d'emploi","Mapping.xlsx › Mapping, ligne 23",base CONFORME=0.95 ; ×appariement 1.00 = 0.95,,,,,,CONFORME
C-4402456-S17-D16-contractTypeCode,4402456,Pre4402456 Nom4402456,COMPARAISON_CHAMP,contractTypeCode,P · poste 26586 · emploi 6031 · début 2001-02-05,17,16,APPARIE,1.0,"CatégorieEmploi, EMPT_CD, EstPermanent, PERM_IND, EstTempsPlein, FT_IND",V,JWN,v,jwn,JWN,,DIFFERENT,R_CONTRACT_TYPE,Type d'employé : table SI PERM_IND / FT_IND / EMPTP_CD,REGLE_DETERMINISTE,MATCH,,DERIVE,ECART_JUSTIFIE,ECART_JUSTIFIE,0.92,AUCUNE,0,"Niveau 1 : CatégorieEmploi='V' ≠ contractTypeCode='JWN'. Niveau 2 : écart expliqué par R_CONTRACT_TYPE [Mapping.xlsx › Mapping, lignes 24-40] : ligne de règle appliquée : SI PERM_IND=1 et FT_IND=1 et EMPTP_CD=""V"" --> Mettre ""JWN"" → attendu 'JWN'.",,,,Aucune action.,,False,,,"{""CatégorieEmploi"": ""V"", ""EstPermanent"": ""Oui (1)"", ""EstTempsPlein"": ""Oui (1)""}",,"Employe_Source_Anonymise_VF.xlsx ligne 17 ; Employe_Destination_Anonymise_VF.xlsx ligne 16 ; Mapping.xlsx › Mapping, lignes 24-40","Mapping.xlsx › Mapping, lignes 24-40",base ECART_JUSTIFIE=0.92 ; ×appariement 1.00 = 0.92,,,,,,ECART_JUSTIFIE
C-4402456-S17-D16-isPrimaryAssignment,4402456,Pre4402456 Nom4402456,COMPARAISON_CHAMP,isPrimaryAssignment,P · poste 26586 · emploi 6031 · début 2001-02-05,17,16,APPARIE,1.0,TypeAffectation,P,true,P,true,true,,DIFFERENT,R_ASSIGNMENT_TYPE,TypeAffectation P/A/S → indicateurs primaire/temporaire,REGLE_DETERMINISTE,MATCH,,DERIVE,ECART_JUSTIFIE,ECART_JUSTIFIE,0.92,AUCUNE,0,"Niveau 1 : TypeAffectation='P' ≠ isPrimaryAssignment='true'. Niveau 2 : écart expliqué par R_ASSIGNMENT_TYPE [Mapping.xlsx › Mapping, lignes 41-45] : Type aff = P → primaire=true, temporaire=false → attendu 'true'.",,,,Aucune action.,,False,,,"{""TypeAffectation"": ""P""}",,"Employe_Source_Anonymise_VF.xlsx ligne 17 ; Employe_Destination_Anonymise_VF.xlsx ligne 16 ; Mapping.xlsx › Mapping, lignes 41-45","Mapping.xlsx › Mapping, lignes 41-45",base ECART_JUSTIFIE=0.92 ; ×appariement 1.00 = 0.92,,,,,,ECART_JUSTIFIE
C-4402456-S17-D16-isTemporaryAssignment,4402456,Pre4402456 Nom4402456,COMPARAISON_CHAMP,isTemporaryAssignment,P · poste 26586 · emploi 6031 · début 2001-02-05,17,16,APPARIE,1.0,TypeAffectation,P,false,P,false,false,,DIFFERENT,R_ASSIGNMENT_TYPE,TypeAffectation P/A/S → indicateurs primaire/temporaire,REGLE_DETERMINISTE,MATCH,,DERIVE,ECART_JUSTIFIE,ECART_JUSTIFIE,0.92,AUCUNE,0,"Niveau 1 : TypeAffectation='P' ≠ isTemporaryAssignment='false'. Niveau 2 : écart expliqué par R_ASSIGNMENT_TYPE [Mapping.xlsx › Mapping, lignes 41-45] : Type aff = P → primaire=true, temporaire=false → attendu 'false'.",,,,Aucune action.,,False,,,"{""TypeAffectation"": ""P""}",,"Employe_Source_Anonymise_VF.xlsx ligne 17 ; Employe_Destination_Anonymise_VF.xlsx ligne 16 ; Mapping.xlsx › Mapping, lignes 41-45","Mapping.xlsx › Mapping, lignes 41-45",base ECART_JUSTIFIE=0.92 ; ×appariement 1.00 = 0.92,,,,,,ECART_JUSTIFIE
C-4402456-S17-D16-assignmentStartDate,4402456,Pre4402456 Nom4402456,COMPARAISON_CHAMP,assignmentStartDate,P · poste 26586 · emploi 6031 · début 2001-02-05,17,16,APPARIE,1.0,DateEntréePoste,2001-02-05,2013-10-20,2001-02-05,2013-10-20,2013-10-20,,DIFFERENT,R_ASSIGNMENT_START,Date d'effet : DateEntréePoste vs date d'effet de l'unité adm. (détail du poste),REGLE_DETERMINISTE,MATCH,,DERIVE,ECART_JUSTIFIE,ECART_JUSTIFIE,0.92,AUCUNE,0,"Niveau 1 : DateEntréePoste='2001-02-05' ≠ assignmentStartDate='2013-10-20'. Niveau 2 : écart expliqué par R_ASSIGNMENT_START [Mapping.xlsx › Mapping, lignes 46-48] : MAX(DateEntréePoste 2001-02-05, date d'effet du détail du poste courant 2013-10-20) = 2013-10-20 → date du détail du poste courant [enregistrement courant (ligne 80) différent du précédent (ligne 79) sur : CodePosteSecondaire, MatriculeGestionnaire] → attendu '2013-10-20'.",,,,Aucune action.,,False,,,"{""DateEntréePoste"": ""2001-02-05"", ""CodePoste"": ""26586"", ""CodeDirection"": ""371""}","{""date_effet_detail_courant"": ""2013-10-20"", ""ligne_detail_courant"": 80, ""methode_detail_poste"": ""enregistrement courant (ligne 80) différent du précédent (ligne 79) sur : CodePosteSecondaire, MatriculeGestionnaire"", ""historique"": ""2002-06-10 (unité 371) → 2006-03-11 (unité 371) → 2009-07-17 (unité 371) → 2012-06-19 (unité 371) → 2013-10-20 (unité 371)"", ""EFFDT_min"": ""2002-06-10"", ""EFFDT_max"": ""2013-10-20"", ""lignes_detail_poste"": [76, 77, 78, 79, 80], ""valeur_lecture_litterale_MIN"": ""2001-02-05""}","Employe_Source_Anonymise_VF.xlsx ligne 17 ; Employe_Destination_Anonymise_VF.xlsx ligne 16 ; Mapping.xlsx › Mapping, lignes 46-48 ; détail_du_poste.xlsx lignes 76-80","Mapping.xlsx › Mapping, lignes 46-48",base ECART_JUSTIFIE=0.92 ; ×appariement 1.00 = 0.92,,,,,,ECART_JUSTIFIE
C-4402456-S17-D16-payGradeId,4402456,Pre4402456 Nom4402456,COMPARAISON_CHAMP,payGradeId,P · poste 26586 · emploi 6031 · début 2001-02-05,17,16,APPARIE,1.0,ÉchelleSalariale,293,293,293,293,293,,IDENTIQUE,R_DIRECT,Copie directe (mapping N/A),COMPARAISON_BRUTE,MATCH,,CERTAIN,CONFORME,CONFORME,0.99,AUCUNE,0,"Niveau 1 : valeurs identiques (ÉchelleSalariale='293', payGradeId='293').",,,,Aucune action.,,False,,,"{""ÉchelleSalariale"": ""293""}",,"Employe_Source_Anonymise_VF.xlsx ligne 17 ; Employe_Destination_Anonymise_VF.xlsx ligne 16 ; Mapping.xlsx › Mapping, ligne 49","Mapping.xlsx › Mapping, ligne 49",base CONFORME=0.99 ; ×appariement 1.00 = 0.99,,,,,,CONFORME
C-4402456-S17-D16-assignmentEndDate,4402456,Pre4402456 Nom4402456,COMPARAISON_CHAMP,assignmentEndDate,P · poste 26586 · emploi 6031 · début 2001-02-05,17,16,APPARIE,1.0,DateSortiePoste,,,,,,,VIDE_DES_DEUX_COTES,R_ASSIGNMENT_END,"Date de fin : MIN(DateSortiePoste, fin de l'unité adm. courante)",REGLE_DETERMINISTE,MATCH,,DERIVE,CONFORME,CONFORME,0.95,AUCUNE,0,Niveau 1 : valeur vide des deux côtés (DateSortiePoste / assignmentEndDate).,,,,Aucune action.,,False,,,"{""DateSortiePoste"": """", ""CodePoste"": ""26586""}","{""fin_unite_adm"": """", ""methode_unite_adm"": ""aucun changement d'unité dans l'historique → MIN(EFFDT)""}","Employe_Source_Anonymise_VF.xlsx ligne 17 ; Employe_Destination_Anonymise_VF.xlsx ligne 16 ; Mapping.xlsx › Mapping, lignes 53-55 ; détail_du_poste.xlsx lignes 76-80","Mapping.xlsx › Mapping, lignes 53-55",base CONFORME=0.95 ; ×appariement 1.00 = 0.95,,,,,,CONFORME
C-4402456-S17-D16-termEndDate,4402456,Pre4402456 Nom4402456,COMPARAISON_CHAMP,termEndDate,P · poste 26586 · emploi 6031 · début 2001-02-05,17,16,APPARIE,1.0,DateSortiePoste,,,,,,,VIDE_DES_DEUX_COTES,R_ASSIGNMENT_END,"Date de fin : MIN(DateSortiePoste, fin de l'unité adm. courante)",REGLE_DETERMINISTE,MATCH,,DERIVE,CONFORME,CONFORME,0.95,AUCUNE,0,Niveau 1 : valeur vide des deux côtés (DateSortiePoste / termEndDate).,,,,Aucune action.,,False,,,"{""DateSortiePoste"": """", ""CodePoste"": ""26586""}","{""fin_unite_adm"": """", ""methode_unite_adm"": ""aucun changement d'unité dans l'historique → MIN(EFFDT)""}","Employe_Source_Anonymise_VF.xlsx ligne 17 ; Employe_Destination_Anonymise_VF.xlsx ligne 16 ; Mapping.xlsx › Mapping, lignes 56-58 ; détail_du_poste.xlsx lignes 76-80","Mapping.xlsx › Mapping, lignes 56-58",base CONFORME=0.95 ; ×appariement 1.00 = 0.95,,,,,,CONFORME
C-4625374-S9-D8-givenName,4625374,Pre4625374 Nom4625374,COMPARAISON_CHAMP,givenName,P · poste 43478 · emploi 6203 · début 2025-03-24,9,8,APPARIE,1.0,PrénomUsuel,Pre4625374,Pre4625374,pre4625374,pre4625374,Pre4625374,,IDENTIQUE,R_DIRECT,Copie directe (mapping N/A),COMPARAISON_BRUTE,MATCH,,CERTAIN,CONFORME,CONFORME,0.99,AUCUNE,0,"Niveau 1 : valeurs identiques (PrénomUsuel='Pre4625374', givenName='Pre4625374').",,,,Aucune action.,,False,,,"{""PrénomUsuel"": ""Pre4625374""}",,"Employe_Source_Anonymise_VF.xlsx ligne 9 ; Employe_Destination_Anonymise_VF.xlsx ligne 8 ; Mapping.xlsx › Mapping, ligne 2","Mapping.xlsx › Mapping, ligne 2",base CONFORME=0.99 ; ×appariement 1.00 = 0.99,,,,,,CONFORME
C-4625374-S9-D8-surname,4625374,Pre4625374 Nom4625374,COMPARAISON_CHAMP,surname,P · poste 43478 · emploi 6203 · début 2025-03-24,9,8,APPARIE,1.0,NomFamille,Nom4625374,Nom4625374,nom4625374,nom4625374,Nom4625374,,IDENTIQUE,R_DIRECT,Copie directe (mapping N/A),COMPARAISON_BRUTE,MATCH,,CERTAIN,CONFORME,CONFORME,0.99,AUCUNE,0,"Niveau 1 : valeurs identiques (NomFamille='Nom4625374', surname='Nom4625374').",,,,Aucune action.,,False,,,"{""NomFamille"": ""Nom4625374""}",,"Employe_Source_Anonymise_VF.xlsx ligne 9 ; Employe_Destination_Anonymise_VF.xlsx ligne 8 ; Mapping.xlsx › Mapping, ligne 3","Mapping.xlsx › Mapping, ligne 3",base CONFORME=0.99 ; ×appariement 1.00 = 0.99,,,,,,CONFORME
C-4625374-S9-D8-onboardDate,4625374,Pre4625374 Nom4625374,COMPARAISON_CHAMP,onboardDate,P · poste 43478 · emploi 6203 · début 2025-03-24,9,8,APPARIE,1.0,DateEmbaucheRécente,2007-05-25,2007-05-25T00:00:00.000Z,2007-05-25,2007-05-25,2007-05-25,,IDENTIQUE_APRES_NORMALISATION,R_DIRECT,Copie directe (mapping N/A),COMPARAISON_BRUTE,MATCH,,CERTAIN,CONFORME,CONFORME,0.95,AUCUNE,0,Niveau 1 : différence de format uniquement ('2007-05-25' vs '2007-05-25T00:00:00.000Z' → '2007-05-25').,,,,Aucune action.,,False,,,"{""DateEmbaucheRécente"": ""2007-05-25""}",,"Employe_Source_Anonymise_VF.xlsx ligne 9 ; Employe_Destination_Anonymise_VF.xlsx ligne 8 ; Mapping.xlsx › Mapping, ligne 7","Mapping.xlsx › Mapping, ligne 7",base CONFORME=0.95 ; ×appariement 1.00 = 0.95,,,,,,CONFORME
C-4625374-S9-D8-siteName,4625374,Pre4625374 Nom4625374,COMPARAISON_CHAMP,siteName,P · poste 43478 · emploi 6203 · début 2025-03-24,9,8,APPARIE,1.0,LibelléSite,Emplacement48,Emplacement48,emplacement48,emplacement48,Emplacement48,,IDENTIQUE,R_DIRECT,Copie directe (mapping N/A),COMPARAISON_BRUTE,MATCH,,CERTAIN,CONFORME,CONFORME,0.99,AUCUNE,0,"Niveau 1 : valeurs identiques (LibelléSite='Emplacement48', siteName='Emplacement48').",,,,Aucune action.,,False,,,"{""LibelléSite"": ""Emplacement48""}",,"Employe_Source_Anonymise_VF.xlsx ligne 9 ; Employe_Destination_Anonymise_VF.xlsx ligne 8 ; Mapping.xlsx › Mapping, ligne 9","Mapping.xlsx › Mapping, ligne 9",base CONFORME=0.99 ; ×appariement 1.00 = 0.99,,,,,,CONFORME
C-4625374-S9-D8-siteCode,4625374,Pre4625374 Nom4625374,COMPARAISON_CHAMP,siteCode,P · poste 43478 · emploi 6203 · début 2025-03-24,9,8,APPARIE,1.0,CodeSite,48,48,48,48,48,,IDENTIQUE,R_DIRECT,Copie directe (mapping N/A),COMPARAISON_BRUTE,MATCH,,CERTAIN,CONFORME,CONFORME,0.99,AUCUNE,0,"Niveau 1 : valeurs identiques (CodeSite='48', siteCode='48').",,,,Aucune action.,,False,,,"{""CodeSite"": ""48""}",,"Employe_Source_Anonymise_VF.xlsx ligne 9 ; Employe_Destination_Anonymise_VF.xlsx ligne 8 ; Mapping.xlsx › Mapping, ligne 10","Mapping.xlsx › Mapping, ligne 10",base CONFORME=0.99 ; ×appariement 1.00 = 0.99,,,,,,CONFORME
C-4625374-S9-D8-divisionId,4625374,Pre4625374 Nom4625374,COMPARAISON_CHAMP,divisionId,P · poste 43478 · emploi 6203 · début 2025-03-24,9,8,APPARIE,1.0,CodeDirection,348,348,348,348,348,,IDENTIQUE,R_DIRECT,Copie directe (mapping N/A),COMPARAISON_BRUTE,MATCH,,CERTAIN,CONFORME,CONFORME,0.99,AUCUNE,0,"Niveau 1 : valeurs identiques (CodeDirection='348', divisionId='348').",,,,Aucune action.,,False,,,"{""CodeDirection"": ""348""}",,"Employe_Source_Anonymise_VF.xlsx ligne 9 ; Employe_Destination_Anonymise_VF.xlsx ligne 8 ; Mapping.xlsx › Mapping, ligne 11","Mapping.xlsx › Mapping, ligne 11",base CONFORME=0.99 ; ×appariement 1.00 = 0.99,,,,,,CONFORME
C-4625374-S9-D8-divisionName,4625374,Pre4625374 Nom4625374,COMPARAISON_CHAMP,divisionName,P · poste 43478 · emploi 6203 · début 2025-03-24,9,8,APPARIE,1.0,LibelléDirection,UnitAdmin00348,00348-UnitAdmin00348,unitadmin00348,00348-unitadmin00348,348-UnitAdmin00348,,DIFFERENT,R_CONCAT_DIVISION,Concaténation CodeDirection + '-' + LibelléDirection,REGLE_DETERMINISTE,MATCH,zéros non significatifs du code ignorés,DERIVE,ECART_JUSTIFIE,ECART_JUSTIFIE,0.92,AUCUNE,0,"Niveau 1 : LibelléDirection='UnitAdmin00348' ≠ divisionName='00348-UnitAdmin00348'. Niveau 2 : écart expliqué par R_CONCAT_DIVISION [Mapping.xlsx › Mapping, ligne 12] : CodeDirection + '-' + LibelléDirection → attendu '348-UnitAdmin00348' (zéros non significatifs du code ignorés).",,,,Aucune action.,,False,,,"{""CodeDirection"": ""348"", ""LibelléDirection"": ""UnitAdmin00348""}","{""code_destination"": ""00348"", ""libelle_destination"": ""UnitAdmin00348""}","Employe_Source_Anonymise_VF.xlsx ligne 9 ; Employe_Destination_Anonymise_VF.xlsx ligne 8 ; Mapping.xlsx › Mapping, ligne 12","Mapping.xlsx › Mapping, ligne 12",base ECART_JUSTIFIE=0.92 ; ×appariement 1.00 = 0.92,,,,,,ECART_JUSTIFIE
C-4625374-S9-D8-divisionCode,4625374,Pre4625374 Nom4625374,COMPARAISON_CHAMP,divisionCode,P · poste 43478 · emploi 6203 · début 2025-03-24,9,8,APPARIE,1.0,CodeImputation,2950,2950,2950,2950,2950,,IDENTIQUE,R_DIRECT,Copie directe (mapping N/A),COMPARAISON_BRUTE,MATCH,,CERTAIN,CONFORME,CONFORME,0.99,AUCUNE,0,"Niveau 1 : valeurs identiques (CodeImputation='2950', divisionCode='2950').",,,,Aucune action.,,False,,,"{""CodeImputation"": ""2950""}",,"Employe_Source_Anonymise_VF.xlsx ligne 9 ; Employe_Destination_Anonymise_VF.xlsx ligne 8 ; Mapping.xlsx › Mapping, ligne 13","Mapping.xlsx › Mapping, ligne 13",base CONFORME=0.99 ; ×appariement 1.00 = 0.99,,,,,,CONFORME
C-4625374-S9-D8-positionId,4625374,Pre4625374 Nom4625374,COMPARAISON_CHAMP,positionId,P · poste 43478 · emploi 6203 · début 2025-03-24,9,8,APPARIE,1.0,CodeEmploi,6203,6203,6203,6203,6203,,IDENTIQUE,R_DIRECT,Copie directe (mapping N/A),COMPARAISON_BRUTE,MATCH,,CERTAIN,CONFORME,CONFORME,0.99,AUCUNE,0,"Niveau 1 : valeurs identiques (CodeEmploi='6203', positionId='6203').",,,,Aucune action.,,False,,,"{""CodeEmploi"": ""6203""}",,"Employe_Source_Anonymise_VF.xlsx ligne 9 ; Employe_Destination_Anonymise_VF.xlsx ligne 8 ; Mapping.xlsx › Mapping, ligne 14","Mapping.xlsx › Mapping, ligne 14",base CONFORME=0.99 ; ×appariement 1.00 = 0.99,,,,,,CONFORME
C-4625374-S9-D8-positionCode,4625374,Pre4625374 Nom4625374,COMPARAISON_CHAMP,positionCode,P · poste 43478 · emploi 6203 · début 2025-03-24,9,8,APPARIE,1.0,CodeEmploi,6203,6203,6203,6203,6203,,IDENTIQUE,R_DIRECT,Copie directe (mapping N/A),COMPARAISON_BRUTE,MATCH,,CERTAIN,CONFORME,CONFORME,0.99,AUCUNE,0,"Niveau 1 : valeurs identiques (CodeEmploi='6203', positionCode='6203').",,,,Aucune action.,,False,,,"{""CodeEmploi"": ""6203""}",,"Employe_Source_Anonymise_VF.xlsx ligne 9 ; Employe_Destination_Anonymise_VF.xlsx ligne 8 ; Mapping.xlsx › Mapping, ligne 16","Mapping.xlsx › Mapping, ligne 16",base CONFORME=0.99 ; ×appariement 1.00 = 0.99,,,,,,CONFORME
C-4625374-S9-D8-statusReasonCode,4625374,Pre4625374 Nom4625374,COMPARAISON_CHAMP,statusReasonCode,P · poste 43478 · emploi 6203 · début 2025-03-24,9,8,APPARIE,1.0,"CodeStatutEmploi, CodeRaisonStatut, DateEffetRaison",651,,651,,,,DESTINATION_VIDE,R_SITUATION_EMPLOI,Table 'Règles situation d'emploi' + jointure motifs,REGLE_DETERMINISTE,MATCH,,DERIVE,ECART_JUSTIFIE,ECART_JUSTIFIE,0.92,AUCUNE,0,"Niveau 1 : CodeRaisonStatut='651' ≠ statusReasonCode='∅'. Niveau 2 : écart expliqué par R_SITUATION_EMPLOI [Mapping.xlsx › Mapping, lignes 17-21] : situation 'Actif' (codes d'accès [0, 1], ligne 2) → cf_CAD = null → attendu '∅'.",,,,Aucune action.,,False,,,"{""CodeSuspensionAccès"": ""1"", ""CodeStatutEmploi"": ""1"", ""CodeRaisonStatut"": ""651"", ""DateEffetRaison"": ""2012-05-28"", ""DateRetourAnticipée"": """"}","{""motif_trouve"": false}","Employe_Source_Anonymise_VF.xlsx ligne 9 ; Employe_Destination_Anonymise_VF.xlsx ligne 8 ; Mapping.xlsx › Mapping, lignes 17-21 ; Mapping.xlsx › Règles situation d'emploi","Mapping.xlsx › Mapping, lignes 17-21",base ECART_JUSTIFIE=0.92 ; ×appariement 1.00 = 0.92,,,,,,ECART_JUSTIFIE
C-4625374-S9-D8-expectedReturnDate,4625374,Pre4625374 Nom4625374,COMPARAISON_CHAMP,expectedReturnDate,P · poste 43478 · emploi 6203 · début 2025-03-24,9,8,APPARIE,1.0,DateRetourAnticipée,,,,,,,VIDE_DES_DEUX_COTES,R_SITUATION_EMPLOI,Table 'Règles situation d'emploi' + jointure motifs,REGLE_DETERMINISTE,MATCH,,DERIVE,CONFORME,CONFORME,0.95,AUCUNE,0,Niveau 1 : valeur vide des deux côtés (DateRetourAnticipée / expectedReturnDate).,,,,Aucune action.,,False,,,"{""CodeSuspensionAccès"": ""1"", ""CodeStatutEmploi"": ""1"", ""CodeRaisonStatut"": ""651"", ""DateEffetRaison"": ""2012-05-28"", ""DateRetourAnticipée"": """"}","{""motif_trouve"": false}","Employe_Source_Anonymise_VF.xlsx ligne 9 ; Employe_Destination_Anonymise_VF.xlsx ligne 8 ; Mapping.xlsx › Mapping, ligne 22 ; Mapping.xlsx › Règles situation d'emploi","Mapping.xlsx › Mapping, ligne 22",base CONFORME=0.95 ; ×appariement 1.00 = 0.95,,,,,,CONFORME
C-4625374-S9-D8-detailedStatus,4625374,Pre4625374 Nom4625374,COMPARAISON_CHAMP,detailedStatus,P · poste 43478 · emploi 6203 · début 2025-03-24,9,8,APPARIE,1.0,-,,Actif,,actif,Actif,,NON_COMPARABLE,R_SITUATION_EMPLOI,Table 'Règles situation d'emploi' + jointure motifs,REGLE_DETERMINISTE,MATCH,,DERIVE,CONFORME,CONFORME,0.95,AUCUNE,0,"Niveau 2 : R_SITUATION_EMPLOI [Mapping.xlsx › Mapping, ligne 23] dérive 'Actif' (situation 'Actif' (codes d'accès [0, 1], ligne 2)) ; identique à la destination.",,,,Aucune action.,,False,,,"{""CodeSuspensionAccès"": ""1"", ""CodeStatutEmploi"": ""1"", ""CodeRaisonStatut"": ""651"", ""DateEffetRaison"": ""2012-05-28"", ""DateRetourAnticipée"": """"}","{""motif_trouve"": false}","Employe_Source_Anonymise_VF.xlsx ligne 9 ; Employe_Destination_Anonymise_VF.xlsx ligne 8 ; Mapping.xlsx › Mapping, ligne 23 ; Mapping.xlsx › Règles situation d'emploi","Mapping.xlsx › Mapping, ligne 23",base CONFORME=0.95 ; ×appariement 1.00 = 0.95,,,,,,CONFORME
C-4625374-S9-D8-isPrimaryAssignment,4625374,Pre4625374 Nom4625374,COMPARAISON_CHAMP,isPrimaryAssignment,P · poste 43478 · emploi 6203 · début 2025-03-24,9,8,APPARIE,1.0,TypeAffectation,P,true,P,true,true,,DIFFERENT,R_ASSIGNMENT_TYPE,TypeAffectation P/A/S → indicateurs primaire/temporaire,REGLE_DETERMINISTE,MATCH,,DERIVE,ECART_JUSTIFIE,ECART_JUSTIFIE,0.92,AUCUNE,0,"Niveau 1 : TypeAffectation='P' ≠ isPrimaryAssignment='true'. Niveau 2 : écart expliqué par R_ASSIGNMENT_TYPE [Mapping.xlsx › Mapping, lignes 41-45] : Type aff = P → primaire=true, temporaire=false → attendu 'true'.",,,,Aucune action.,,False,,,"{""TypeAffectation"": ""P""}",,"Employe_Source_Anonymise_VF.xlsx ligne 9 ; Employe_Destination_Anonymise_VF.xlsx ligne 8 ; Mapping.xlsx › Mapping, lignes 41-45","Mapping.xlsx › Mapping, lignes 41-45",base ECART_JUSTIFIE=0.92 ; ×appariement 1.00 = 0.92,,,,,,ECART_JUSTIFIE
C-4625374-S9-D8-isTemporaryAssignment,4625374,Pre4625374 Nom4625374,COMPARAISON_CHAMP,isTemporaryAssignment,P · poste 43478 · emploi 6203 · début 2025-03-24,9,8,APPARIE,1.0,TypeAffectation,P,false,P,false,false,,DIFFERENT,R_ASSIGNMENT_TYPE,TypeAffectation P/A/S → indicateurs primaire/temporaire,REGLE_DETERMINISTE,MATCH,,DERIVE,ECART_JUSTIFIE,ECART_JUSTIFIE,0.92,AUCUNE,0,"Niveau 1 : TypeAffectation='P' ≠ isTemporaryAssignment='false'. Niveau 2 : écart expliqué par R_ASSIGNMENT_TYPE [Mapping.xlsx › Mapping, lignes 41-45] : Type aff = P → primaire=true, temporaire=false → attendu 'false'.",,,,Aucune action.,,False,,,"{""TypeAffectation"": ""P""}",,"Employe_Source_Anonymise_VF.xlsx ligne 9 ; Employe_Destination_Anonymise_VF.xlsx ligne 8 ; Mapping.xlsx › Mapping, lignes 41-45","Mapping.xlsx › Mapping, lignes 41-45",base ECART_JUSTIFIE=0.92 ; ×appariement 1.00 = 0.92,,,,,,ECART_JUSTIFIE
C-4625374-S9-D8-assignmentStartDate,4625374,Pre4625374 Nom4625374,COMPARAISON_CHAMP,assignmentStartDate,P · poste 43478 · emploi 6203 · début 2025-03-24,9,8,APPARIE,1.0,DateEntréePoste,2025-03-24,2025-03-24,2025-03-24,2025-03-24,2025-03-24,,IDENTIQUE,R_ASSIGNMENT_START,Date d'effet : DateEntréePoste vs date d'effet de l'unité adm. (détail du poste),REGLE_DETERMINISTE,MATCH,,DERIVE,CONFORME,CONFORME,0.99,AUCUNE,0,"Niveau 1 : valeurs identiques (DateEntréePoste='2025-03-24', assignmentStartDate='2025-03-24') ; Niveau 2 : R_ASSIGNMENT_START [Mapping.xlsx › Mapping, lignes 46-48] confirme la valeur attendue '2025-03-24' (MAX(DateEntréePoste 2025-03-24, date d'effet du détail du poste courant 1958-08-12) = 2025-03-24 → date d'effet du poste (source) [enregistrement courant (ligne 41) différent du précédent (ligne 40) sur : CodePosteSecondaire, MatriculeGestionnaire]).",,,,Aucune action.,,False,,,"{""DateEntréePoste"": ""2025-03-24"", ""CodePoste"": ""43478"", ""CodeDirection"": ""348""}","{""date_effet_detail_courant"": ""1958-08-12"", ""ligne_detail_courant"": 41, ""methode_detail_poste"": ""enregistrement courant (ligne 41) différent du précédent (ligne 40) sur : CodePosteSecondaire, MatriculeGestionnaire"", ""historique"": ""1950-08-09 (unité 348) → 1952-04-26 (unité 348) → 1955-12-22 (unité 348) → 1958-08-12 (unité 348)"", ""EFFDT_min"": ""1950-08-09"", ""EFFDT_max"": ""1958-08-12"", ""lignes_detail_poste"": [38, 39, 40, 41], ""valeur_lecture_litterale_MIN"": ""1958-08-12""}","Employe_Source_Anonymise_VF.xlsx ligne 9 ; Employe_Destination_Anonymise_VF.xlsx ligne 8 ; Mapping.xlsx › Mapping, lignes 46-48 ; détail_du_poste.xlsx lignes 38-41","Mapping.xlsx › Mapping, lignes 46-48",base CONFORME=0.99 ; ×appariement 1.00 = 0.99,,,,,,CONFORME
C-4625374-S9-D8-payGradeId,4625374,Pre4625374 Nom4625374,COMPARAISON_CHAMP,payGradeId,P · poste 43478 · emploi 6203 · début 2025-03-24,9,8,APPARIE,1.0,ÉchelleSalariale,223,223,223,223,223,,IDENTIQUE,R_DIRECT,Copie directe (mapping N/A),COMPARAISON_BRUTE,MATCH,,CERTAIN,CONFORME,CONFORME,0.99,AUCUNE,0,"Niveau 1 : valeurs identiques (ÉchelleSalariale='223', payGradeId='223').",,,,Aucune action.,,False,,,"{""ÉchelleSalariale"": ""223""}",,"Employe_Source_Anonymise_VF.xlsx ligne 9 ; Employe_Destination_Anonymise_VF.xlsx ligne 8 ; Mapping.xlsx › Mapping, ligne 49","Mapping.xlsx › Mapping, ligne 49",base CONFORME=0.99 ; ×appariement 1.00 = 0.99,,,,,,CONFORME
C-4625374-S9-D8-weeklyHoursOverride,4625374,Pre4625374 Nom4625374,COMPARAISON_CHAMP,weeklyHoursOverride,P · poste 43478 · emploi 6203 · début 2025-03-24,9,8,APPARIE,1.0,HeuresNormeHebdo,40,40,40,40,40,,IDENTIQUE,R_DIRECT,Copie directe (mapping N/A),COMPARAISON_BRUTE,MATCH,,CERTAIN,CONFORME,CONFORME,0.99,AUCUNE,0,"Niveau 1 : valeurs identiques (HeuresNormeHebdo='40', weeklyHoursOverride='40').",,,,Aucune action.,,False,,,"{""HeuresNormeHebdo"": ""40""}","{""heures_semaine_poste"": 40, ""CodeQuart"": ""23""}","Employe_Source_Anonymise_VF.xlsx ligne 9 ; Employe_Destination_Anonymise_VF.xlsx ligne 8 ; Mapping.xlsx › Mapping, ligne 51 ; détail_du_poste.xlsx (contexte) lignes 41","Mapping.xlsx › Mapping, ligne 51",base CONFORME=0.99 ; ×appariement 1.00 = 0.99,,,,,,CONFORME
C-4625374-S9-D8-dailyHoursOverride,4625374,Pre4625374 Nom4625374,COMPARAISON_CHAMP,dailyHoursOverride,P · poste 43478 · emploi 6203 · début 2025-03-24,9,8,APPARIE,1.0,HeuresNormeQuotidienne,8,8,8,8,8,,IDENTIQUE,R_DIRECT,Copie directe (mapping N/A),COMPARAISON_BRUTE,MATCH,,CERTAIN,CONFORME,CONFORME,0.99,AUCUNE,0,"Niveau 1 : valeurs identiques (HeuresNormeQuotidienne='8', dailyHoursOverride='8').",,,,Aucune action.,,False,,,"{""HeuresNormeQuotidienne"": ""8""}","{""heures_jour_poste"": 8, ""CodeQuart"": ""23""}","Employe_Source_Anonymise_VF.xlsx ligne 9 ; Employe_Destination_Anonymise_VF.xlsx ligne 8 ; Mapping.xlsx › Mapping, ligne 52 ; détail_du_poste.xlsx (contexte) lignes 41","Mapping.xlsx › Mapping, ligne 52",base CONFORME=0.99 ; ×appariement 1.00 = 0.99,,,,,,CONFORME
C-4625374-S9-D8-assignmentEndDate,4625374,Pre4625374 Nom4625374,COMPARAISON_CHAMP,assignmentEndDate,P · poste 43478 · emploi 6203 · début 2025-03-24,9,8,APPARIE,1.0,DateSortiePoste,,,,,,,VIDE_DES_DEUX_COTES,R_ASSIGNMENT_END,"Date de fin : MIN(DateSortiePoste, fin de l'unité adm. courante)",REGLE_DETERMINISTE,MATCH,,DERIVE,CONFORME,CONFORME,0.95,AUCUNE,0,Niveau 1 : valeur vide des deux côtés (DateSortiePoste / assignmentEndDate).,,,,Aucune action.,,False,,,"{""DateSortiePoste"": """", ""CodePoste"": ""43478""}","{""fin_unite_adm"": """", ""methode_unite_adm"": ""aucun changement d'unité dans l'historique → MIN(EFFDT)""}","Employe_Source_Anonymise_VF.xlsx ligne 9 ; Employe_Destination_Anonymise_VF.xlsx ligne 8 ; Mapping.xlsx › Mapping, lignes 53-55 ; détail_du_poste.xlsx lignes 38-41","Mapping.xlsx › Mapping, lignes 53-55",base CONFORME=0.95 ; ×appariement 1.00 = 0.95,,,,,,CONFORME
C-4625374-S9-D8-termEndDate,4625374,Pre4625374 Nom4625374,COMPARAISON_CHAMP,termEndDate,P · poste 43478 · emploi 6203 · début 2025-03-24,9,8,APPARIE,1.0,DateSortiePoste,,,,,,,VIDE_DES_DEUX_COTES,R_ASSIGNMENT_END,"Date de fin : MIN(DateSortiePoste, fin de l'unité adm. courante)",REGLE_DETERMINISTE,MATCH,,DERIVE,CONFORME,CONFORME,0.95,AUCUNE,0,Niveau 1 : valeur vide des deux côtés (DateSortiePoste / termEndDate).,,,,Aucune action.,,False,,,"{""DateSortiePoste"": """", ""CodePoste"": ""43478""}","{""fin_unite_adm"": """", ""methode_unite_adm"": ""aucun changement d'unité dans l'historique → MIN(EFFDT)""}","Employe_Source_Anonymise_VF.xlsx ligne 9 ; Employe_Destination_Anonymise_VF.xlsx ligne 8 ; Mapping.xlsx › Mapping, lignes 56-58 ; détail_du_poste.xlsx lignes 38-41","Mapping.xlsx › Mapping, lignes 56-58",base CONFORME=0.95 ; ×appariement 1.00 = 0.95,,,,,,CONFORME
C-4880692-S11-D10-givenName,4880692,Pre4880692 Nom4880692,COMPARAISON_CHAMP,givenName,P · poste 35161 · emploi 6203 · début 2009-03-30,11,10,APPARIE,1.0,PrénomUsuel,Pre4880692,Pre4880692,pre4880692,pre4880692,Pre4880692,,IDENTIQUE,R_DIRECT,Copie directe (mapping N/A),COMPARAISON_BRUTE,MATCH,,CERTAIN,CONFORME,CONFORME,0.99,AUCUNE,0,"Niveau 1 : valeurs identiques (PrénomUsuel='Pre4880692', givenName='Pre4880692').",,,,Aucune action.,,False,,,"{""PrénomUsuel"": ""Pre4880692""}",,"Employe_Source_Anonymise_VF.xlsx ligne 11 ; Employe_Destination_Anonymise_VF.xlsx ligne 10 ; Mapping.xlsx › Mapping, ligne 2","Mapping.xlsx › Mapping, ligne 2",base CONFORME=0.99 ; ×appariement 1.00 = 0.99,,,,,,CONFORME
C-4880692-S11-D10-surname,4880692,Pre4880692 Nom4880692,COMPARAISON_CHAMP,surname,P · poste 35161 · emploi 6203 · début 2009-03-30,11,10,APPARIE,1.0,NomFamille,Nom4880692,Nom4880692,nom4880692,nom4880692,Nom4880692,,IDENTIQUE,R_DIRECT,Copie directe (mapping N/A),COMPARAISON_BRUTE,MATCH,,CERTAIN,CONFORME,CONFORME,0.99,AUCUNE,0,"Niveau 1 : valeurs identiques (NomFamille='Nom4880692', surname='Nom4880692').",,,,Aucune action.,,False,,,"{""NomFamille"": ""Nom4880692""}",,"Employe_Source_Anonymise_VF.xlsx ligne 11 ; Employe_Destination_Anonymise_VF.xlsx ligne 10 ; Mapping.xlsx › Mapping, ligne 3","Mapping.xlsx › Mapping, ligne 3",base CONFORME=0.99 ; ×appariement 1.00 = 0.99,,,,,,CONFORME
C-4880692-S11-D10-onboardDate,4880692,Pre4880692 Nom4880692,COMPARAISON_CHAMP,onboardDate,P · poste 35161 · emploi 6203 · début 2009-03-30,11,10,APPARIE,1.0,DateEmbaucheRécente,2007-06-17,2007-06-17T00:00:00.000Z,2007-06-17,2007-06-17,2007-06-17,,IDENTIQUE_APRES_NORMALISATION,R_DIRECT,Copie directe (mapping N/A),COMPARAISON_BRUTE,MATCH,,CERTAIN,CONFORME,CONFORME,0.95,AUCUNE,0,Niveau 1 : différence de format uniquement ('2007-06-17' vs '2007-06-17T00:00:00.000Z' → '2007-06-17').,,,,Aucune action.,,False,,,"{""DateEmbaucheRécente"": ""2007-06-17""}",,"Employe_Source_Anonymise_VF.xlsx ligne 11 ; Employe_Destination_Anonymise_VF.xlsx ligne 10 ; Mapping.xlsx › Mapping, ligne 7","Mapping.xlsx › Mapping, ligne 7",base CONFORME=0.95 ; ×appariement 1.00 = 0.95,,,,,,CONFORME
C-4880692-S11-D10-siteName,4880692,Pre4880692 Nom4880692,COMPARAISON_CHAMP,siteName,P · poste 35161 · emploi 6203 · début 2009-03-30,11,10,APPARIE,1.0,LibelléSite,Emplacement48,Emplacement48,emplacement48,emplacement48,Emplacement48,,IDENTIQUE,R_DIRECT,Copie directe (mapping N/A),COMPARAISON_BRUTE,MATCH,,CERTAIN,CONFORME,CONFORME,0.99,AUCUNE,0,"Niveau 1 : valeurs identiques (LibelléSite='Emplacement48', siteName='Emplacement48').",,,,Aucune action.,,False,,,"{""LibelléSite"": ""Emplacement48""}",,"Employe_Source_Anonymise_VF.xlsx ligne 11 ; Employe_Destination_Anonymise_VF.xlsx ligne 10 ; Mapping.xlsx › Mapping, ligne 9","Mapping.xlsx › Mapping, ligne 9",base CONFORME=0.99 ; ×appariement 1.00 = 0.99,,,,,,CONFORME
C-4880692-S11-D10-siteCode,4880692,Pre4880692 Nom4880692,COMPARAISON_CHAMP,siteCode,P · poste 35161 · emploi 6203 · début 2009-03-30,11,10,APPARIE,1.0,CodeSite,48,48,48,48,48,,IDENTIQUE,R_DIRECT,Copie directe (mapping N/A),COMPARAISON_BRUTE,MATCH,,CERTAIN,CONFORME,CONFORME,0.99,AUCUNE,0,"Niveau 1 : valeurs identiques (CodeSite='48', siteCode='48').",,,,Aucune action.,,False,,,"{""CodeSite"": ""48""}",,"Employe_Source_Anonymise_VF.xlsx ligne 11 ; Employe_Destination_Anonymise_VF.xlsx ligne 10 ; Mapping.xlsx › Mapping, ligne 10","Mapping.xlsx › Mapping, ligne 10",base CONFORME=0.99 ; ×appariement 1.00 = 0.99,,,,,,CONFORME
C-4880692-S11-D10-divisionId,4880692,Pre4880692 Nom4880692,COMPARAISON_CHAMP,divisionId,P · poste 35161 · emploi 6203 · début 2009-03-30,11,10,APPARIE,1.0,CodeDirection,348,348,348,348,348,,IDENTIQUE,R_DIRECT,Copie directe (mapping N/A),COMPARAISON_BRUTE,MATCH,,CERTAIN,CONFORME,CONFORME,0.99,AUCUNE,0,"Niveau 1 : valeurs identiques (CodeDirection='348', divisionId='348').",,,,Aucune action.,,False,,,"{""CodeDirection"": ""348""}",,"Employe_Source_Anonymise_VF.xlsx ligne 11 ; Employe_Destination_Anonymise_VF.xlsx ligne 10 ; Mapping.xlsx › Mapping, ligne 11","Mapping.xlsx › Mapping, ligne 11",base CONFORME=0.99 ; ×appariement 1.00 = 0.99,,,,,,CONFORME
C-4880692-S11-D10-divisionName,4880692,Pre4880692 Nom4880692,COMPARAISON_CHAMP,divisionName,P · poste 35161 · emploi 6203 · début 2009-03-30,11,10,APPARIE,1.0,LibelléDirection,UnitAdmin00348,00348-UnitAdmin00348,unitadmin00348,00348-unitadmin00348,348-UnitAdmin00348,,DIFFERENT,R_CONCAT_DIVISION,Concaténation CodeDirection + '-' + LibelléDirection,REGLE_DETERMINISTE,MATCH,zéros non significatifs du code ignorés,DERIVE,ECART_JUSTIFIE,ECART_JUSTIFIE,0.92,AUCUNE,0,"Niveau 1 : LibelléDirection='UnitAdmin00348' ≠ divisionName='00348-UnitAdmin00348'. Niveau 2 : écart expliqué par R_CONCAT_DIVISION [Mapping.xlsx › Mapping, ligne 12] : CodeDirection + '-' + LibelléDirection → attendu '348-UnitAdmin00348' (zéros non significatifs du code ignorés).",,,,Aucune action.,,False,,,"{""CodeDirection"": ""348"", ""LibelléDirection"": ""UnitAdmin00348""}","{""code_destination"": ""00348"", ""libelle_destination"": ""UnitAdmin00348""}","Employe_Source_Anonymise_VF.xlsx ligne 11 ; Employe_Destination_Anonymise_VF.xlsx ligne 10 ; Mapping.xlsx › Mapping, ligne 12","Mapping.xlsx › Mapping, ligne 12",base ECART_JUSTIFIE=0.92 ; ×appariement 1.00 = 0.92,,,,,,ECART_JUSTIFIE
C-4880692-S11-D10-divisionCode,4880692,Pre4880692 Nom4880692,COMPARAISON_CHAMP,divisionCode,P · poste 35161 · emploi 6203 · début 2009-03-30,11,10,APPARIE,1.0,CodeImputation,2950,2950,2950,2950,2950,,IDENTIQUE,R_DIRECT,Copie directe (mapping N/A),COMPARAISON_BRUTE,MATCH,,CERTAIN,CONFORME,CONFORME,0.99,AUCUNE,0,"Niveau 1 : valeurs identiques (CodeImputation='2950', divisionCode='2950').",,,,Aucune action.,,False,,,"{""CodeImputation"": ""2950""}",,"Employe_Source_Anonymise_VF.xlsx ligne 11 ; Employe_Destination_Anonymise_VF.xlsx ligne 10 ; Mapping.xlsx › Mapping, ligne 13","Mapping.xlsx › Mapping, ligne 13",base CONFORME=0.99 ; ×appariement 1.00 = 0.99,,,,,,CONFORME
C-4880692-S11-D10-positionId,4880692,Pre4880692 Nom4880692,COMPARAISON_CHAMP,positionId,P · poste 35161 · emploi 6203 · début 2009-03-30,11,10,APPARIE,1.0,CodeEmploi,6203,6203,6203,6203,6203,,IDENTIQUE,R_DIRECT,Copie directe (mapping N/A),COMPARAISON_BRUTE,MATCH,,CERTAIN,CONFORME,CONFORME,0.99,AUCUNE,0,"Niveau 1 : valeurs identiques (CodeEmploi='6203', positionId='6203').",,,,Aucune action.,,False,,,"{""CodeEmploi"": ""6203""}",,"Employe_Source_Anonymise_VF.xlsx ligne 11 ; Employe_Destination_Anonymise_VF.xlsx ligne 10 ; Mapping.xlsx › Mapping, ligne 14","Mapping.xlsx › Mapping, ligne 14",base CONFORME=0.99 ; ×appariement 1.00 = 0.99,,,,,,CONFORME
C-4880692-S11-D10-positionCode,4880692,Pre4880692 Nom4880692,COMPARAISON_CHAMP,positionCode,P · poste 35161 · emploi 6203 · début 2009-03-30,11,10,APPARIE,1.0,CodeEmploi,6203,6203,6203,6203,6203,,IDENTIQUE,R_DIRECT,Copie directe (mapping N/A),COMPARAISON_BRUTE,MATCH,,CERTAIN,CONFORME,CONFORME,0.99,AUCUNE,0,"Niveau 1 : valeurs identiques (CodeEmploi='6203', positionCode='6203').",,,,Aucune action.,,False,,,"{""CodeEmploi"": ""6203""}",,"Employe_Source_Anonymise_VF.xlsx ligne 11 ; Employe_Destination_Anonymise_VF.xlsx ligne 10 ; Mapping.xlsx › Mapping, ligne 16","Mapping.xlsx › Mapping, ligne 16",base CONFORME=0.99 ; ×appariement 1.00 = 0.99,,,,,,CONFORME
C-4880692-S11-D10-statusReasonCode,4880692,Pre4880692 Nom4880692,COMPARAISON_CHAMP,statusReasonCode,P · poste 35161 · emploi 6203 · début 2009-03-30,11,10,APPARIE,1.0,"CodeStatutEmploi, CodeRaisonStatut, DateEffetRaison",703,,703,,,,DESTINATION_VIDE,R_SITUATION_EMPLOI,Table 'Règles situation d'emploi' + jointure motifs,REGLE_DETERMINISTE,MATCH,,DERIVE,ECART_JUSTIFIE,ECART_JUSTIFIE,0.92,AUCUNE,0,"Niveau 1 : CodeRaisonStatut='703' ≠ statusReasonCode='∅'. Niveau 2 : écart expliqué par R_SITUATION_EMPLOI [Mapping.xlsx › Mapping, lignes 17-21] : situation 'Actif' (codes d'accès [0, 1], ligne 2) → cf_CAD = null → attendu '∅'.",,,,Aucune action.,,False,,,"{""CodeSuspensionAccès"": ""1"", ""CodeStatutEmploi"": ""1"", ""CodeRaisonStatut"": ""703"", ""DateEffetRaison"": ""2021-05-26"", ""DateRetourAnticipée"": """"}","{""motif_trouve"": false}","Employe_Source_Anonymise_VF.xlsx ligne 11 ; Employe_Destination_Anonymise_VF.xlsx ligne 10 ; Mapping.xlsx › Mapping, lignes 17-21 ; Mapping.xlsx › Règles situation d'emploi","Mapping.xlsx › Mapping, lignes 17-21",base ECART_JUSTIFIE=0.92 ; ×appariement 1.00 = 0.92,,,,,,ECART_JUSTIFIE
C-4880692-S11-D10-expectedReturnDate,4880692,Pre4880692 Nom4880692,COMPARAISON_CHAMP,expectedReturnDate,P · poste 35161 · emploi 6203 · début 2009-03-30,11,10,APPARIE,1.0,DateRetourAnticipée,,,,,,,VIDE_DES_DEUX_COTES,R_SITUATION_EMPLOI,Table 'Règles situation d'emploi' + jointure motifs,REGLE_DETERMINISTE,MATCH,,DERIVE,CONFORME,CONFORME,0.95,AUCUNE,0,Niveau 1 : valeur vide des deux côtés (DateRetourAnticipée / expectedReturnDate).,,,,Aucune action.,,False,,,"{""CodeSuspensionAccès"": ""1"", ""CodeStatutEmploi"": ""1"", ""CodeRaisonStatut"": ""703"", ""DateEffetRaison"": ""2021-05-26"", ""DateRetourAnticipée"": """"}","{""motif_trouve"": false}","Employe_Source_Anonymise_VF.xlsx ligne 11 ; Employe_Destination_Anonymise_VF.xlsx ligne 10 ; Mapping.xlsx › Mapping, ligne 22 ; Mapping.xlsx › Règles situation d'emploi","Mapping.xlsx › Mapping, ligne 22",base CONFORME=0.95 ; ×appariement 1.00 = 0.95,,,,,,CONFORME
C-4880692-S11-D10-detailedStatus,4880692,Pre4880692 Nom4880692,COMPARAISON_CHAMP,detailedStatus,P · poste 35161 · emploi 6203 · début 2009-03-30,11,10,APPARIE,1.0,-,,Actif,,actif,Actif,,NON_COMPARABLE,R_SITUATION_EMPLOI,Table 'Règles situation d'emploi' + jointure motifs,REGLE_DETERMINISTE,MATCH,,DERIVE,CONFORME,CONFORME,0.95,AUCUNE,0,"Niveau 2 : R_SITUATION_EMPLOI [Mapping.xlsx › Mapping, ligne 23] dérive 'Actif' (situation 'Actif' (codes d'accès [0, 1], ligne 2)) ; identique à la destination.",,,,Aucune action.,,False,,,"{""CodeSuspensionAccès"": ""1"", ""CodeStatutEmploi"": ""1"", ""CodeRaisonStatut"": ""703"", ""DateEffetRaison"": ""2021-05-26"", ""DateRetourAnticipée"": """"}","{""motif_trouve"": false}","Employe_Source_Anonymise_VF.xlsx ligne 11 ; Employe_Destination_Anonymise_VF.xlsx ligne 10 ; Mapping.xlsx › Mapping, ligne 23 ; Mapping.xlsx › Règles situation d'emploi","Mapping.xlsx › Mapping, ligne 23",base CONFORME=0.95 ; ×appariement 1.00 = 0.95,,,,,,CONFORME
C-4880692-S11-D10-contractTypeCode,4880692,Pre4880692 Nom4880692,COMPARAISON_CHAMP,contractTypeCode,P · poste 35161 · emploi 6203 · début 2009-03-30,11,10,APPARIE,1.0,"CatégorieEmploi, EMPT_CD, EstPermanent, PERM_IND, EstTempsPlein, FT_IND",V,JWN,v,jwn,JWN,,DIFFERENT,R_CONTRACT_TYPE,Type d'employé : table SI PERM_IND / FT_IND / EMPTP_CD,REGLE_DETERMINISTE,MATCH,,DERIVE,ECART_JUSTIFIE,ECART_JUSTIFIE,0.92,AUCUNE,0,"Niveau 1 : CatégorieEmploi='V' ≠ contractTypeCode='JWN'. Niveau 2 : écart expliqué par R_CONTRACT_TYPE [Mapping.xlsx › Mapping, lignes 24-40] : ligne de règle appliquée : SI PERM_IND=1 et FT_IND=1 et EMPTP_CD=""V"" --> Mettre ""JWN"" → attendu 'JWN'.",,,,Aucune action.,,False,,,"{""CatégorieEmploi"": ""V"", ""EstPermanent"": ""Oui (1)"", ""EstTempsPlein"": ""Oui (1)""}",,"Employe_Source_Anonymise_VF.xlsx ligne 11 ; Employe_Destination_Anonymise_VF.xlsx ligne 10 ; Mapping.xlsx › Mapping, lignes 24-40","Mapping.xlsx › Mapping, lignes 24-40",base ECART_JUSTIFIE=0.92 ; ×appariement 1.00 = 0.92,,,,,,ECART_JUSTIFIE
C-4880692-S11-D10-isPrimaryAssignment,4880692,Pre4880692 Nom4880692,COMPARAISON_CHAMP,isPrimaryAssignment,P · poste 35161 · emploi 6203 · début 2009-03-30,11,10,APPARIE,1.0,TypeAffectation,P,true,P,true,true,,DIFFERENT,R_ASSIGNMENT_TYPE,TypeAffectation P/A/S → indicateurs primaire/temporaire,REGLE_DETERMINISTE,MATCH,,DERIVE,ECART_JUSTIFIE,ECART_JUSTIFIE,0.92,AUCUNE,0,"Niveau 1 : TypeAffectation='P' ≠ isPrimaryAssignment='true'. Niveau 2 : écart expliqué par R_ASSIGNMENT_TYPE [Mapping.xlsx › Mapping, lignes 41-45] : Type aff = P → primaire=true, temporaire=false → attendu 'true'.",,,,Aucune action.,,False,,,"{""TypeAffectation"": ""P""}",,"Employe_Source_Anonymise_VF.xlsx ligne 11 ; Employe_Destination_Anonymise_VF.xlsx ligne 10 ; Mapping.xlsx › Mapping, lignes 41-45","Mapping.xlsx › Mapping, lignes 41-45",base ECART_JUSTIFIE=0.92 ; ×appariement 1.00 = 0.92,,,,,,ECART_JUSTIFIE
C-4880692-S11-D10-isTemporaryAssignment,4880692,Pre4880692 Nom4880692,COMPARAISON_CHAMP,isTemporaryAssignment,P · poste 35161 · emploi 6203 · début 2009-03-30,11,10,APPARIE,1.0,TypeAffectation,P,false,P,false,false,,DIFFERENT,R_ASSIGNMENT_TYPE,TypeAffectation P/A/S → indicateurs primaire/temporaire,REGLE_DETERMINISTE,MATCH,,DERIVE,ECART_JUSTIFIE,ECART_JUSTIFIE,0.92,AUCUNE,0,"Niveau 1 : TypeAffectation='P' ≠ isTemporaryAssignment='false'. Niveau 2 : écart expliqué par R_ASSIGNMENT_TYPE [Mapping.xlsx › Mapping, lignes 41-45] : Type aff = P → primaire=true, temporaire=false → attendu 'false'.",,,,Aucune action.,,False,,,"{""TypeAffectation"": ""P""}",,"Employe_Source_Anonymise_VF.xlsx ligne 11 ; Employe_Destination_Anonymise_VF.xlsx ligne 10 ; Mapping.xlsx › Mapping, lignes 41-45","Mapping.xlsx › Mapping, lignes 41-45",base ECART_JUSTIFIE=0.92 ; ×appariement 1.00 = 0.92,,,,,,ECART_JUSTIFIE
C-4880692-S11-D10-assignmentStartDate,4880692,Pre4880692 Nom4880692,COMPARAISON_CHAMP,assignmentStartDate,P · poste 35161 · emploi 6203 · début 2009-03-30,11,10,APPARIE,1.0,DateEntréePoste,2009-03-30,2009-03-30,2009-03-30,2009-03-30,2009-03-30,,IDENTIQUE,R_ASSIGNMENT_START,Date d'effet : DateEntréePoste vs date d'effet de l'unité adm. (détail du poste),REGLE_DETERMINISTE,MATCH,,DERIVE,CONFORME,CONFORME,0.99,AUCUNE,0,"Niveau 1 : valeurs identiques (DateEntréePoste='2009-03-30', assignmentStartDate='2009-03-30') ; Niveau 2 : R_ASSIGNMENT_START [Mapping.xlsx › Mapping, lignes 46-48] confirme la valeur attendue '2009-03-30' (MAX(DateEntréePoste 2009-03-30, date d'effet du détail du poste courant 1980-06-19) = 2009-03-30 → date d'effet du poste (source) [enregistrement courant (ligne 55) différent du précédent (ligne 54) sur : CodePosteSecondaire, MatriculeGestionnaire]).",,,,Aucune action.,,False,,,"{""DateEntréePoste"": ""2009-03-30"", ""CodePoste"": ""35161"", ""CodeDirection"": ""348""}","{""date_effet_detail_courant"": ""1980-06-19"", ""ligne_detail_courant"": 55, ""methode_detail_poste"": ""enregistrement courant (ligne 55) différent du précédent (ligne 54) sur : CodePosteSecondaire, MatriculeGestionnaire"", ""historique"": ""1970-09-19 (unité 348) → 1971-11-26 (unité 348) → 1975-07-03 (unité 348) → 1979-04-05 (unité 348) → 1979-12-10 (unité 348) → 1980-06-19 (unité 348)"", ""EFFDT_min"": ""1969-04-04"", ""EFFDT_max"": ""1980-06-19"", ""lignes_detail_poste"": [49, 50, 51, 52, 53, 54, 55], ""valeur_lecture_litterale_MIN"": ""1980-06-19""}","Employe_Source_Anonymise_VF.xlsx ligne 11 ; Employe_Destination_Anonymise_VF.xlsx ligne 10 ; Mapping.xlsx › Mapping, lignes 46-48 ; détail_du_poste.xlsx lignes 49-55","Mapping.xlsx › Mapping, lignes 46-48",base CONFORME=0.99 ; ×appariement 1.00 = 0.99,,,,,,CONFORME
C-4880692-S11-D10-payGradeId,4880692,Pre4880692 Nom4880692,COMPARAISON_CHAMP,payGradeId,P · poste 35161 · emploi 6203 · début 2009-03-30,11,10,APPARIE,1.0,ÉchelleSalariale,223,223,223,223,223,,IDENTIQUE,R_DIRECT,Copie directe (mapping N/A),COMPARAISON_BRUTE,MATCH,,CERTAIN,CONFORME,CONFORME,0.99,AUCUNE,0,"Niveau 1 : valeurs identiques (ÉchelleSalariale='223', payGradeId='223').",,,,Aucune action.,,False,,,"{""ÉchelleSalariale"": ""223""}",,"Employe_Source_Anonymise_VF.xlsx ligne 11 ; Employe_Destination_Anonymise_VF.xlsx ligne 10 ; Mapping.xlsx › Mapping, ligne 49","Mapping.xlsx › Mapping, ligne 49",base CONFORME=0.99 ; ×appariement 1.00 = 0.99,,,,,,CONFORME
C-4880692-S11-D10-weeklyHoursOverride,4880692,Pre4880692 Nom4880692,COMPARAISON_CHAMP,weeklyHoursOverride,P · poste 35161 · emploi 6203 · début 2009-03-30,11,10,APPARIE,1.0,HeuresNormeHebdo,40,40,40,40,40,,IDENTIQUE,R_DIRECT,Copie directe (mapping N/A),COMPARAISON_BRUTE,MATCH,,CERTAIN,CONFORME,CONFORME,0.99,AUCUNE,0,"Niveau 1 : valeurs identiques (HeuresNormeHebdo='40', weeklyHoursOverride='40').",,,,Aucune action.,,False,,,"{""HeuresNormeHebdo"": ""40""}","{""heures_semaine_poste"": 40, ""CodeQuart"": ""23""}","Employe_Source_Anonymise_VF.xlsx ligne 11 ; Employe_Destination_Anonymise_VF.xlsx ligne 10 ; Mapping.xlsx › Mapping, ligne 51 ; détail_du_poste.xlsx (contexte) lignes 55","Mapping.xlsx › Mapping, ligne 51",base CONFORME=0.99 ; ×appariement 1.00 = 0.99,,,,,,CONFORME
C-4880692-S11-D10-dailyHoursOverride,4880692,Pre4880692 Nom4880692,COMPARAISON_CHAMP,dailyHoursOverride,P · poste 35161 · emploi 6203 · début 2009-03-30,11,10,APPARIE,1.0,HeuresNormeQuotidienne,8,8,8,8,8,,IDENTIQUE,R_DIRECT,Copie directe (mapping N/A),COMPARAISON_BRUTE,MATCH,,CERTAIN,CONFORME,CONFORME,0.99,AUCUNE,0,"Niveau 1 : valeurs identiques (HeuresNormeQuotidienne='8', dailyHoursOverride='8').",,,,Aucune action.,,False,,,"{""HeuresNormeQuotidienne"": ""8""}","{""heures_jour_poste"": 8, ""CodeQuart"": ""23""}","Employe_Source_Anonymise_VF.xlsx ligne 11 ; Employe_Destination_Anonymise_VF.xlsx ligne 10 ; Mapping.xlsx › Mapping, ligne 52 ; détail_du_poste.xlsx (contexte) lignes 55","Mapping.xlsx › Mapping, ligne 52",base CONFORME=0.99 ; ×appariement 1.00 = 0.99,,,,,,CONFORME
C-4880692-S11-D10-assignmentEndDate,4880692,Pre4880692 Nom4880692,COMPARAISON_CHAMP,assignmentEndDate,P · poste 35161 · emploi 6203 · début 2009-03-30,11,10,APPARIE,1.0,DateSortiePoste,,,,,,,VIDE_DES_DEUX_COTES,R_ASSIGNMENT_END,"Date de fin : MIN(DateSortiePoste, fin de l'unité adm. courante)",REGLE_DETERMINISTE,MATCH,,DERIVE,CONFORME,CONFORME,0.95,AUCUNE,0,Niveau 1 : valeur vide des deux côtés (DateSortiePoste / assignmentEndDate).,,,,Aucune action.,,False,,,"{""DateSortiePoste"": """", ""CodePoste"": ""35161""}","{""fin_unite_adm"": """", ""methode_unite_adm"": ""aucun changement d'unité dans l'historique → MIN(EFFDT)""}","Employe_Source_Anonymise_VF.xlsx ligne 11 ; Employe_Destination_Anonymise_VF.xlsx ligne 10 ; Mapping.xlsx › Mapping, lignes 53-55 ; détail_du_poste.xlsx lignes 49-55","Mapping.xlsx › Mapping, lignes 53-55",base CONFORME=0.95 ; ×appariement 1.00 = 0.95,,,,,,CONFORME
C-4880692-S11-D10-termEndDate,4880692,Pre4880692 Nom4880692,COMPARAISON_CHAMP,termEndDate,P · poste 35161 · emploi 6203 · début 2009-03-30,11,10,APPARIE,1.0,DateSortiePoste,,,,,,,VIDE_DES_DEUX_COTES,R_ASSIGNMENT_END,"Date de fin : MIN(DateSortiePoste, fin de l'unité adm. courante)",REGLE_DETERMINISTE,MATCH,,DERIVE,CONFORME,CONFORME,0.95,AUCUNE,0,Niveau 1 : valeur vide des deux côtés (DateSortiePoste / termEndDate).,,,,Aucune action.,,False,,,"{""DateSortiePoste"": """", ""CodePoste"": ""35161""}","{""fin_unite_adm"": """", ""methode_unite_adm"": ""aucun changement d'unité dans l'historique → MIN(EFFDT)""}","Employe_Source_Anonymise_VF.xlsx ligne 11 ; Employe_Destination_Anonymise_VF.xlsx ligne 10 ; Mapping.xlsx › Mapping, lignes 56-58 ; détail_du_poste.xlsx lignes 49-55","Mapping.xlsx › Mapping, lignes 56-58",base CONFORME=0.95 ; ×appariement 1.00 = 0.95,,,,,,CONFORME
C-6035643-S13-D12-givenName,6035643,Pre6035643 Nom6035643,COMPARAISON_CHAMP,givenName,P · poste 47056 · emploi 6622 · début 2023-02-13,13,12,APPARIE,1.0,PrénomUsuel,Pre6035643,Pre6035643,pre6035643,pre6035643,Pre6035643,,IDENTIQUE,R_DIRECT,Copie directe (mapping N/A),COMPARAISON_BRUTE,MATCH,,CERTAIN,CONFORME,CONFORME,0.99,AUCUNE,0,"Niveau 1 : valeurs identiques (PrénomUsuel='Pre6035643', givenName='Pre6035643').",,,,Aucune action.,,False,,,"{""PrénomUsuel"": ""Pre6035643""}",,"Employe_Source_Anonymise_VF.xlsx ligne 13 ; Employe_Destination_Anonymise_VF.xlsx ligne 12 ; Mapping.xlsx › Mapping, ligne 2","Mapping.xlsx › Mapping, ligne 2",base CONFORME=0.99 ; ×appariement 1.00 = 0.99,,,,,,CONFORME
C-6035643-S13-D12-surname,6035643,Pre6035643 Nom6035643,COMPARAISON_CHAMP,surname,P · poste 47056 · emploi 6622 · début 2023-02-13,13,12,APPARIE,1.0,NomFamille,Nom6035643,Nom6035643,nom6035643,nom6035643,Nom6035643,,IDENTIQUE,R_DIRECT,Copie directe (mapping N/A),COMPARAISON_BRUTE,MATCH,,CERTAIN,CONFORME,CONFORME,0.99,AUCUNE,0,"Niveau 1 : valeurs identiques (NomFamille='Nom6035643', surname='Nom6035643').",,,,Aucune action.,,False,,,"{""NomFamille"": ""Nom6035643""}",,"Employe_Source_Anonymise_VF.xlsx ligne 13 ; Employe_Destination_Anonymise_VF.xlsx ligne 12 ; Mapping.xlsx › Mapping, ligne 3","Mapping.xlsx › Mapping, ligne 3",base CONFORME=0.99 ; ×appariement 1.00 = 0.99,,,,,,CONFORME
C-6035643-S13-D12-onboardDate,6035643,Pre6035643 Nom6035643,COMPARAISON_CHAMP,onboardDate,P · poste 47056 · emploi 6622 · début 2023-02-13,13,12,APPARIE,1.0,DateEmbaucheRécente,2015-03-20,2015-03-20T00:00:00.000Z,2015-03-20,2015-03-20,2015-03-20,,IDENTIQUE_APRES_NORMALISATION,R_DIRECT,Copie directe (mapping N/A),COMPARAISON_BRUTE,MATCH,,CERTAIN,CONFORME,CONFORME,0.95,AUCUNE,0,Niveau 1 : différence de format uniquement ('2015-03-20' vs '2015-03-20T00:00:00.000Z' → '2015-03-20').,,,,Aucune action.,,False,,,"{""DateEmbaucheRécente"": ""2015-03-20""}",,"Employe_Source_Anonymise_VF.xlsx ligne 13 ; Employe_Destination_Anonymise_VF.xlsx ligne 12 ; Mapping.xlsx › Mapping, ligne 7","Mapping.xlsx › Mapping, ligne 7",base CONFORME=0.95 ; ×appariement 1.00 = 0.95,,,,,,CONFORME
C-6035643-S13-D12-siteCode,6035643,Pre6035643 Nom6035643,COMPARAISON_CHAMP,siteCode,P · poste 47056 · emploi 6622 · début 2023-02-13,13,12,APPARIE,1.0,CodeSite,35,35,35,35,35,,IDENTIQUE,R_DIRECT,Copie directe (mapping N/A),COMPARAISON_BRUTE,MATCH,,CERTAIN,CONFORME,CONFORME,0.99,AUCUNE,0,"Niveau 1 : valeurs identiques (CodeSite='35', siteCode='35').",,,,Aucune action.,,False,,,"{""CodeSite"": ""35""}",,"Employe_Source_Anonymise_VF.xlsx ligne 13 ; Employe_Destination_Anonymise_VF.xlsx ligne 12 ; Mapping.xlsx › Mapping, ligne 10","Mapping.xlsx › Mapping, ligne 10",base CONFORME=0.99 ; ×appariement 1.00 = 0.99,,,,,,CONFORME
C-6035643-S13-D12-divisionId,6035643,Pre6035643 Nom6035643,COMPARAISON_CHAMP,divisionId,P · poste 47056 · emploi 6622 · début 2023-02-13,13,12,APPARIE,1.0,CodeDirection,392,392,392,392,392,,IDENTIQUE,R_DIRECT,Copie directe (mapping N/A),COMPARAISON_BRUTE,MATCH,,CERTAIN,CONFORME,CONFORME,0.99,AUCUNE,0,"Niveau 1 : valeurs identiques (CodeDirection='392', divisionId='392').",,,,Aucune action.,,False,,,"{""CodeDirection"": ""392""}",,"Employe_Source_Anonymise_VF.xlsx ligne 13 ; Employe_Destination_Anonymise_VF.xlsx ligne 12 ; Mapping.xlsx › Mapping, ligne 11","Mapping.xlsx › Mapping, ligne 11",base CONFORME=0.99 ; ×appariement 1.00 = 0.99,,,,,,CONFORME
C-6035643-S13-D12-divisionName,6035643,Pre6035643 Nom6035643,COMPARAISON_CHAMP,divisionName,P · poste 47056 · emploi 6622 · début 2023-02-13,13,12,APPARIE,1.0,LibelléDirection,UnitAdmin00392,00392-UnitAdmin00392,unitadmin00392,00392-unitadmin00392,392-UnitAdmin00392,,DIFFERENT,R_CONCAT_DIVISION,Concaténation CodeDirection + '-' + LibelléDirection,REGLE_DETERMINISTE,MATCH,zéros non significatifs du code ignorés,DERIVE,ECART_JUSTIFIE,ECART_JUSTIFIE,0.92,AUCUNE,0,"Niveau 1 : LibelléDirection='UnitAdmin00392' ≠ divisionName='00392-UnitAdmin00392'. Niveau 2 : écart expliqué par R_CONCAT_DIVISION [Mapping.xlsx › Mapping, ligne 12] : CodeDirection + '-' + LibelléDirection → attendu '392-UnitAdmin00392' (zéros non significatifs du code ignorés).",,,,Aucune action.,,False,,,"{""CodeDirection"": ""392"", ""LibelléDirection"": ""UnitAdmin00392""}","{""code_destination"": ""00392"", ""libelle_destination"": ""UnitAdmin00392""}","Employe_Source_Anonymise_VF.xlsx ligne 13 ; Employe_Destination_Anonymise_VF.xlsx ligne 12 ; Mapping.xlsx › Mapping, ligne 12","Mapping.xlsx › Mapping, ligne 12",base ECART_JUSTIFIE=0.92 ; ×appariement 1.00 = 0.92,,,,,,ECART_JUSTIFIE
C-6035643-S13-D12-divisionCode,6035643,Pre6035643 Nom6035643,COMPARAISON_CHAMP,divisionCode,P · poste 47056 · emploi 6622 · début 2023-02-13,13,12,APPARIE,1.0,CodeImputation,2060,2060,2060,2060,2060,,IDENTIQUE,R_DIRECT,Copie directe (mapping N/A),COMPARAISON_BRUTE,MATCH,,CERTAIN,CONFORME,CONFORME,0.99,AUCUNE,0,"Niveau 1 : valeurs identiques (CodeImputation='2060', divisionCode='2060').",,,,Aucune action.,,False,,,"{""CodeImputation"": ""2060""}",,"Employe_Source_Anonymise_VF.xlsx ligne 13 ; Employe_Destination_Anonymise_VF.xlsx ligne 12 ; Mapping.xlsx › Mapping, ligne 13","Mapping.xlsx › Mapping, ligne 13",base CONFORME=0.99 ; ×appariement 1.00 = 0.99,,,,,,CONFORME
C-6035643-S13-D12-positionId,6035643,Pre6035643 Nom6035643,COMPARAISON_CHAMP,positionId,P · poste 47056 · emploi 6622 · début 2023-02-13,13,12,APPARIE,1.0,CodeEmploi,6622,6622,6622,6622,6622,,IDENTIQUE,R_DIRECT,Copie directe (mapping N/A),COMPARAISON_BRUTE,MATCH,,CERTAIN,CONFORME,CONFORME,0.99,AUCUNE,0,"Niveau 1 : valeurs identiques (CodeEmploi='6622', positionId='6622').",,,,Aucune action.,,False,,,"{""CodeEmploi"": ""6622""}",,"Employe_Source_Anonymise_VF.xlsx ligne 13 ; Employe_Destination_Anonymise_VF.xlsx ligne 12 ; Mapping.xlsx › Mapping, ligne 14","Mapping.xlsx › Mapping, ligne 14",base CONFORME=0.99 ; ×appariement 1.00 = 0.99,,,,,,CONFORME
C-6035643-S13-D12-positionCode,6035643,Pre6035643 Nom6035643,COMPARAISON_CHAMP,positionCode,P · poste 47056 · emploi 6622 · début 2023-02-13,13,12,APPARIE,1.0,CodeEmploi,6622,6622,6622,6622,6622,,IDENTIQUE,R_DIRECT,Copie directe (mapping N/A),COMPARAISON_BRUTE,MATCH,,CERTAIN,CONFORME,CONFORME,0.99,AUCUNE,0,"Niveau 1 : valeurs identiques (CodeEmploi='6622', positionCode='6622').",,,,Aucune action.,,False,,,"{""CodeEmploi"": ""6622""}",,"Employe_Source_Anonymise_VF.xlsx ligne 13 ; Employe_Destination_Anonymise_VF.xlsx ligne 12 ; Mapping.xlsx › Mapping, ligne 16","Mapping.xlsx › Mapping, ligne 16",base CONFORME=0.99 ; ×appariement 1.00 = 0.99,,,,,,CONFORME
C-6035643-S13-D12-statusReasonCode,6035643,Pre6035643 Nom6035643,COMPARAISON_CHAMP,statusReasonCode,P · poste 47056 · emploi 6622 · début 2023-02-13,13,12,APPARIE,1.0,"CodeStatutEmploi, CodeRaisonStatut, DateEffetRaison",703,,703,,,,DESTINATION_VIDE,R_SITUATION_EMPLOI,Table 'Règles situation d'emploi' + jointure motifs,REGLE_DETERMINISTE,MATCH,,DERIVE,ECART_JUSTIFIE,ECART_JUSTIFIE,0.92,AUCUNE,0,"Niveau 1 : CodeRaisonStatut='703' ≠ statusReasonCode='∅'. Niveau 2 : écart expliqué par R_SITUATION_EMPLOI [Mapping.xlsx › Mapping, lignes 17-21] : situation 'Actif' (codes d'accès [0, 1], ligne 2) → cf_CAD = null → attendu '∅'.",,,,Aucune action.,,False,,,"{""CodeSuspensionAccès"": ""1"", ""CodeStatutEmploi"": ""1"", ""CodeRaisonStatut"": ""703"", ""DateEffetRaison"": ""2024-08-25"", ""DateRetourAnticipée"": """"}","{""motif_trouve"": false}","Employe_Source_Anonymise_VF.xlsx ligne 13 ; Employe_Destination_Anonymise_VF.xlsx ligne 12 ; Mapping.xlsx › Mapping, lignes 17-21 ; Mapping.xlsx › Règles situation d'emploi","Mapping.xlsx › Mapping, lignes 17-21",base ECART_JUSTIFIE=0.92 ; ×appariement 1.00 = 0.92,,,,,,ECART_JUSTIFIE
C-6035643-S13-D12-expectedReturnDate,6035643,Pre6035643 Nom6035643,COMPARAISON_CHAMP,expectedReturnDate,P · poste 47056 · emploi 6622 · début 2023-02-13,13,12,APPARIE,1.0,DateRetourAnticipée,,,,,,,VIDE_DES_DEUX_COTES,R_SITUATION_EMPLOI,Table 'Règles situation d'emploi' + jointure motifs,REGLE_DETERMINISTE,MATCH,,DERIVE,CONFORME,CONFORME,0.95,AUCUNE,0,Niveau 1 : valeur vide des deux côtés (DateRetourAnticipée / expectedReturnDate).,,,,Aucune action.,,False,,,"{""CodeSuspensionAccès"": ""1"", ""CodeStatutEmploi"": ""1"", ""CodeRaisonStatut"": ""703"", ""DateEffetRaison"": ""2024-08-25"", ""DateRetourAnticipée"": """"}","{""motif_trouve"": false}","Employe_Source_Anonymise_VF.xlsx ligne 13 ; Employe_Destination_Anonymise_VF.xlsx ligne 12 ; Mapping.xlsx › Mapping, ligne 22 ; Mapping.xlsx › Règles situation d'emploi","Mapping.xlsx › Mapping, ligne 22",base CONFORME=0.95 ; ×appariement 1.00 = 0.95,,,,,,CONFORME
C-6035643-S13-D12-detailedStatus,6035643,Pre6035643 Nom6035643,COMPARAISON_CHAMP,detailedStatus,P · poste 47056 · emploi 6622 · début 2023-02-13,13,12,APPARIE,1.0,-,,Actif,,actif,Actif,,NON_COMPARABLE,R_SITUATION_EMPLOI,Table 'Règles situation d'emploi' + jointure motifs,REGLE_DETERMINISTE,MATCH,,DERIVE,CONFORME,CONFORME,0.95,AUCUNE,0,"Niveau 2 : R_SITUATION_EMPLOI [Mapping.xlsx › Mapping, ligne 23] dérive 'Actif' (situation 'Actif' (codes d'accès [0, 1], ligne 2)) ; identique à la destination.",,,,Aucune action.,,False,,,"{""CodeSuspensionAccès"": ""1"", ""CodeStatutEmploi"": ""1"", ""CodeRaisonStatut"": ""703"", ""DateEffetRaison"": ""2024-08-25"", ""DateRetourAnticipée"": """"}","{""motif_trouve"": false}","Employe_Source_Anonymise_VF.xlsx ligne 13 ; Employe_Destination_Anonymise_VF.xlsx ligne 12 ; Mapping.xlsx › Mapping, ligne 23 ; Mapping.xlsx › Règles situation d'emploi","Mapping.xlsx › Mapping, ligne 23",base CONFORME=0.95 ; ×appariement 1.00 = 0.95,,,,,,CONFORME
C-6035643-S13-D12-contractTypeCode,6035643,Pre6035643 Nom6035643,COMPARAISON_CHAMP,contractTypeCode,P · poste 47056 · emploi 6622 · début 2023-02-13,13,12,APPARIE,1.0,"CatégorieEmploi, EMPT_CD, EstPermanent, PERM_IND, EstTempsPlein, FT_IND",V,JWN,v,jwn,JWN,,DIFFERENT,R_CONTRACT_TYPE,Type d'employé : table SI PERM_IND / FT_IND / EMPTP_CD,REGLE_DETERMINISTE,MATCH,,DERIVE,ECART_JUSTIFIE,ECART_JUSTIFIE,0.92,AUCUNE,0,"Niveau 1 : CatégorieEmploi='V' ≠ contractTypeCode='JWN'. Niveau 2 : écart expliqué par R_CONTRACT_TYPE [Mapping.xlsx › Mapping, lignes 24-40] : ligne de règle appliquée : SI PERM_IND=1 et FT_IND=1 et EMPTP_CD=""V"" --> Mettre ""JWN"" → attendu 'JWN'.",,,,Aucune action.,,False,,,"{""CatégorieEmploi"": ""V"", ""EstPermanent"": ""Oui (1)"", ""EstTempsPlein"": ""Oui (1)""}",,"Employe_Source_Anonymise_VF.xlsx ligne 13 ; Employe_Destination_Anonymise_VF.xlsx ligne 12 ; Mapping.xlsx › Mapping, lignes 24-40","Mapping.xlsx › Mapping, lignes 24-40",base ECART_JUSTIFIE=0.92 ; ×appariement 1.00 = 0.92,,,,,,ECART_JUSTIFIE
C-6035643-S13-D12-isPrimaryAssignment,6035643,Pre6035643 Nom6035643,COMPARAISON_CHAMP,isPrimaryAssignment,P · poste 47056 · emploi 6622 · début 2023-02-13,13,12,APPARIE,1.0,TypeAffectation,P,true,P,true,true,,DIFFERENT,R_ASSIGNMENT_TYPE,TypeAffectation P/A/S → indicateurs primaire/temporaire,REGLE_DETERMINISTE,MATCH,,DERIVE,ECART_JUSTIFIE,ECART_JUSTIFIE,0.92,AUCUNE,0,"Niveau 1 : TypeAffectation='P' ≠ isPrimaryAssignment='true'. Niveau 2 : écart expliqué par R_ASSIGNMENT_TYPE [Mapping.xlsx › Mapping, lignes 41-45] : Type aff = P → primaire=true, temporaire=false → attendu 'true'.",,,,Aucune action.,,False,,,"{""TypeAffectation"": ""P""}",,"Employe_Source_Anonymise_VF.xlsx ligne 13 ; Employe_Destination_Anonymise_VF.xlsx ligne 12 ; Mapping.xlsx › Mapping, lignes 41-45","Mapping.xlsx › Mapping, lignes 41-45",base ECART_JUSTIFIE=0.92 ; ×appariement 1.00 = 0.92,,,,,,ECART_JUSTIFIE
C-6035643-S13-D12-isTemporaryAssignment,6035643,Pre6035643 Nom6035643,COMPARAISON_CHAMP,isTemporaryAssignment,P · poste 47056 · emploi 6622 · début 2023-02-13,13,12,APPARIE,1.0,TypeAffectation,P,false,P,false,false,,DIFFERENT,R_ASSIGNMENT_TYPE,TypeAffectation P/A/S → indicateurs primaire/temporaire,REGLE_DETERMINISTE,MATCH,,DERIVE,ECART_JUSTIFIE,ECART_JUSTIFIE,0.92,AUCUNE,0,"Niveau 1 : TypeAffectation='P' ≠ isTemporaryAssignment='false'. Niveau 2 : écart expliqué par R_ASSIGNMENT_TYPE [Mapping.xlsx › Mapping, lignes 41-45] : Type aff = P → primaire=true, temporaire=false → attendu 'false'.",,,,Aucune action.,,False,,,"{""TypeAffectation"": ""P""}",,"Employe_Source_Anonymise_VF.xlsx ligne 13 ; Employe_Destination_Anonymise_VF.xlsx ligne 12 ; Mapping.xlsx › Mapping, lignes 41-45","Mapping.xlsx › Mapping, lignes 41-45",base ECART_JUSTIFIE=0.92 ; ×appariement 1.00 = 0.92,,,,,,ECART_JUSTIFIE
C-6035643-S13-D12-assignmentStartDate,6035643,Pre6035643 Nom6035643,COMPARAISON_CHAMP,assignmentStartDate,P · poste 47056 · emploi 6622 · début 2023-02-13,13,12,APPARIE,1.0,DateEntréePoste,2023-02-13,2023-02-13,2023-02-13,2023-02-13,2023-02-13,,IDENTIQUE,R_ASSIGNMENT_START,Date d'effet : DateEntréePoste vs date d'effet de l'unité adm. (détail du poste),REGLE_DETERMINISTE,MATCH,,DERIVE,CONFORME,CONFORME,0.99,AUCUNE,0,"Niveau 1 : valeurs identiques (DateEntréePoste='2023-02-13', assignmentStartDate='2023-02-13') ; Niveau 2 : R_ASSIGNMENT_START [Mapping.xlsx › Mapping, lignes 46-48] confirme la valeur attendue '2023-02-13' (MAX(DateEntréePoste 2023-02-13, date d'effet du détail du poste courant 1960-12-04) = 2023-02-13 → date d'effet du poste (source) [enregistrement unique du poste]).",,,,Aucune action.,,False,,,"{""DateEntréePoste"": ""2023-02-13"", ""CodePoste"": ""47056"", ""CodeDirection"": ""392""}","{""date_effet_detail_courant"": ""1960-12-04"", ""ligne_detail_courant"": 59, ""methode_detail_poste"": ""enregistrement unique du poste"", ""historique"": ""1960-12-04 (unité 392)"", ""EFFDT_min"": ""1960-12-04"", ""EFFDT_max"": ""1960-12-04"", ""lignes_detail_poste"": [59], ""valeur_lecture_litterale_MIN"": ""1960-12-04""}","Employe_Source_Anonymise_VF.xlsx ligne 13 ; Employe_Destination_Anonymise_VF.xlsx ligne 12 ; Mapping.xlsx › Mapping, lignes 46-48 ; détail_du_poste.xlsx lignes 59-59","Mapping.xlsx › Mapping, lignes 46-48",base CONFORME=0.99 ; ×appariement 1.00 = 0.99,,,,,,CONFORME
C-6035643-S13-D12-payGradeId,6035643,Pre6035643 Nom6035643,COMPARAISON_CHAMP,payGradeId,P · poste 47056 · emploi 6622 · début 2023-02-13,13,12,APPARIE,1.0,ÉchelleSalariale,260,260,260,260,260,,IDENTIQUE,R_DIRECT,Copie directe (mapping N/A),COMPARAISON_BRUTE,MATCH,,CERTAIN,CONFORME,CONFORME,0.99,AUCUNE,0,"Niveau 1 : valeurs identiques (ÉchelleSalariale='260', payGradeId='260').",,,,Aucune action.,,False,,,"{""ÉchelleSalariale"": ""260""}",,"Employe_Source_Anonymise_VF.xlsx ligne 13 ; Employe_Destination_Anonymise_VF.xlsx ligne 12 ; Mapping.xlsx › Mapping, ligne 49","Mapping.xlsx › Mapping, ligne 49",base CONFORME=0.99 ; ×appariement 1.00 = 0.99,,,,,,CONFORME
C-6035643-S13-D12-weeklyHoursOverride,6035643,Pre6035643 Nom6035643,COMPARAISON_CHAMP,weeklyHoursOverride,P · poste 47056 · emploi 6622 · début 2023-02-13,13,12,APPARIE,1.0,HeuresNormeHebdo,40,40,40,40,40,,IDENTIQUE,R_DIRECT,Copie directe (mapping N/A),COMPARAISON_BRUTE,MATCH,,CERTAIN,CONFORME,CONFORME,0.99,AUCUNE,0,"Niveau 1 : valeurs identiques (HeuresNormeHebdo='40', weeklyHoursOverride='40').",,,,Aucune action.,,False,,,"{""HeuresNormeHebdo"": ""40""}","{""heures_semaine_poste"": 40, ""CodeQuart"": ""23""}","Employe_Source_Anonymise_VF.xlsx ligne 13 ; Employe_Destination_Anonymise_VF.xlsx ligne 12 ; Mapping.xlsx › Mapping, ligne 51 ; détail_du_poste.xlsx (contexte) lignes 59","Mapping.xlsx › Mapping, ligne 51",base CONFORME=0.99 ; ×appariement 1.00 = 0.99,,,,,,CONFORME
C-6035643-S13-D12-dailyHoursOverride,6035643,Pre6035643 Nom6035643,COMPARAISON_CHAMP,dailyHoursOverride,P · poste 47056 · emploi 6622 · début 2023-02-13,13,12,APPARIE,1.0,HeuresNormeQuotidienne,8,8,8,8,8,,IDENTIQUE,R_DIRECT,Copie directe (mapping N/A),COMPARAISON_BRUTE,MATCH,,CERTAIN,CONFORME,CONFORME,0.99,AUCUNE,0,"Niveau 1 : valeurs identiques (HeuresNormeQuotidienne='8', dailyHoursOverride='8').",,,,Aucune action.,,False,,,"{""HeuresNormeQuotidienne"": ""8""}","{""heures_jour_poste"": 8, ""CodeQuart"": ""23""}","Employe_Source_Anonymise_VF.xlsx ligne 13 ; Employe_Destination_Anonymise_VF.xlsx ligne 12 ; Mapping.xlsx › Mapping, ligne 52 ; détail_du_poste.xlsx (contexte) lignes 59","Mapping.xlsx › Mapping, ligne 52",base CONFORME=0.99 ; ×appariement 1.00 = 0.99,,,,,,CONFORME
C-6035643-S13-D12-assignmentEndDate,6035643,Pre6035643 Nom6035643,COMPARAISON_CHAMP,assignmentEndDate,P · poste 47056 · emploi 6622 · début 2023-02-13,13,12,APPARIE,1.0,DateSortiePoste,,,,,,,VIDE_DES_DEUX_COTES,R_ASSIGNMENT_END,"Date de fin : MIN(DateSortiePoste, fin de l'unité adm. courante)",REGLE_DETERMINISTE,MATCH,,DERIVE,CONFORME,CONFORME,0.95,AUCUNE,0,Niveau 1 : valeur vide des deux côtés (DateSortiePoste / assignmentEndDate).,,,,Aucune action.,,False,,,"{""DateSortiePoste"": """", ""CodePoste"": ""47056""}","{""fin_unite_adm"": """", ""methode_unite_adm"": ""aucun changement d'unité dans l'historique → MIN(EFFDT)""}","Employe_Source_Anonymise_VF.xlsx ligne 13 ; Employe_Destination_Anonymise_VF.xlsx ligne 12 ; Mapping.xlsx › Mapping, lignes 53-55 ; détail_du_poste.xlsx lignes 59-59","Mapping.xlsx › Mapping, lignes 53-55",base CONFORME=0.95 ; ×appariement 1.00 = 0.95,,,,,,CONFORME
C-6035643-S13-D12-termEndDate,6035643,Pre6035643 Nom6035643,COMPARAISON_CHAMP,termEndDate,P · poste 47056 · emploi 6622 · début 2023-02-13,13,12,APPARIE,1.0,DateSortiePoste,,,,,,,VIDE_DES_DEUX_COTES,R_ASSIGNMENT_END,"Date de fin : MIN(DateSortiePoste, fin de l'unité adm. courante)",REGLE_DETERMINISTE,MATCH,,DERIVE,CONFORME,CONFORME,0.95,AUCUNE,0,Niveau 1 : valeur vide des deux côtés (DateSortiePoste / termEndDate).,,,,Aucune action.,,False,,,"{""DateSortiePoste"": """", ""CodePoste"": ""47056""}","{""fin_unite_adm"": """", ""methode_unite_adm"": ""aucun changement d'unité dans l'historique → MIN(EFFDT)""}","Employe_Source_Anonymise_VF.xlsx ligne 13 ; Employe_Destination_Anonymise_VF.xlsx ligne 12 ; Mapping.xlsx › Mapping, lignes 56-58 ; détail_du_poste.xlsx lignes 59-59","Mapping.xlsx › Mapping, lignes 56-58",base CONFORME=0.95 ; ×appariement 1.00 = 0.95,,,,,,CONFORME
C-6783031-S7-D6-givenName,6783031,Pre6783031 Nom6783031,COMPARAISON_CHAMP,givenName,P · poste 23999 · emploi 6203 · début 2009-03-30,7,6,APPARIE,1.0,PrénomUsuel,Pre6783031,Pre6783031,pre6783031,pre6783031,Pre6783031,,IDENTIQUE,R_DIRECT,Copie directe (mapping N/A),COMPARAISON_BRUTE,MATCH,,CERTAIN,CONFORME,CONFORME,0.99,AUCUNE,0,"Niveau 1 : valeurs identiques (PrénomUsuel='Pre6783031', givenName='Pre6783031').",,,,Aucune action.,,False,,,"{""PrénomUsuel"": ""Pre6783031""}",,"Employe_Source_Anonymise_VF.xlsx ligne 7 ; Employe_Destination_Anonymise_VF.xlsx ligne 6 ; Mapping.xlsx › Mapping, ligne 2","Mapping.xlsx › Mapping, ligne 2",base CONFORME=0.99 ; ×appariement 1.00 = 0.99,,,,,,CONFORME
C-6783031-S7-D6-surname,6783031,Pre6783031 Nom6783031,COMPARAISON_CHAMP,surname,P · poste 23999 · emploi 6203 · début 2009-03-30,7,6,APPARIE,1.0,NomFamille,Nom6783031,Nom6783031,nom6783031,nom6783031,Nom6783031,,IDENTIQUE,R_DIRECT,Copie directe (mapping N/A),COMPARAISON_BRUTE,MATCH,,CERTAIN,CONFORME,CONFORME,0.99,AUCUNE,0,"Niveau 1 : valeurs identiques (NomFamille='Nom6783031', surname='Nom6783031').",,,,Aucune action.,,False,,,"{""NomFamille"": ""Nom6783031""}",,"Employe_Source_Anonymise_VF.xlsx ligne 7 ; Employe_Destination_Anonymise_VF.xlsx ligne 6 ; Mapping.xlsx › Mapping, ligne 3","Mapping.xlsx › Mapping, ligne 3",base CONFORME=0.99 ; ×appariement 1.00 = 0.99,,,,,,CONFORME
C-6783031-S7-D6-onboardDate,6783031,Pre6783031 Nom6783031,COMPARAISON_CHAMP,onboardDate,P · poste 23999 · emploi 6203 · début 2009-03-30,7,6,APPARIE,1.0,DateEmbaucheRécente,1985-06-30,1985-06-30T00:00:00.000Z,1985-06-30,1985-06-30,1985-06-30,,IDENTIQUE_APRES_NORMALISATION,R_DIRECT,Copie directe (mapping N/A),COMPARAISON_BRUTE,MATCH,,CERTAIN,CONFORME,CONFORME,0.95,AUCUNE,0,Niveau 1 : différence de format uniquement ('1985-06-30' vs '1985-06-30T00:00:00.000Z' → '1985-06-30').,,,,Aucune action.,,False,,,"{""DateEmbaucheRécente"": ""1985-06-30""}",,"Employe_Source_Anonymise_VF.xlsx ligne 7 ; Employe_Destination_Anonymise_VF.xlsx ligne 6 ; Mapping.xlsx › Mapping, ligne 7","Mapping.xlsx › Mapping, ligne 7",base CONFORME=0.95 ; ×appariement 1.00 = 0.95,,,,,,CONFORME
C-6783031-S7-D6-siteName,6783031,Pre6783031 Nom6783031,COMPARAISON_CHAMP,siteName,P · poste 23999 · emploi 6203 · début 2009-03-30,7,6,APPARIE,1.0,LibelléSite,Emplacement48,Emplacement48,emplacement48,emplacement48,Emplacement48,,IDENTIQUE,R_DIRECT,Copie directe (mapping N/A),COMPARAISON_BRUTE,MATCH,,CERTAIN,CONFORME,CONFORME,0.99,AUCUNE,0,"Niveau 1 : valeurs identiques (LibelléSite='Emplacement48', siteName='Emplacement48').",,,,Aucune action.,,False,,,"{""LibelléSite"": ""Emplacement48""}",,"Employe_Source_Anonymise_VF.xlsx ligne 7 ; Employe_Destination_Anonymise_VF.xlsx ligne 6 ; Mapping.xlsx › Mapping, ligne 9","Mapping.xlsx › Mapping, ligne 9",base CONFORME=0.99 ; ×appariement 1.00 = 0.99,,,,,,CONFORME
C-6783031-S7-D6-siteCode,6783031,Pre6783031 Nom6783031,COMPARAISON_CHAMP,siteCode,P · poste 23999 · emploi 6203 · début 2009-03-30,7,6,APPARIE,1.0,CodeSite,48,48,48,48,48,,IDENTIQUE,R_DIRECT,Copie directe (mapping N/A),COMPARAISON_BRUTE,MATCH,,CERTAIN,CONFORME,CONFORME,0.99,AUCUNE,0,"Niveau 1 : valeurs identiques (CodeSite='48', siteCode='48').",,,,Aucune action.,,False,,,"{""CodeSite"": ""48""}",,"Employe_Source_Anonymise_VF.xlsx ligne 7 ; Employe_Destination_Anonymise_VF.xlsx ligne 6 ; Mapping.xlsx › Mapping, ligne 10","Mapping.xlsx › Mapping, ligne 10",base CONFORME=0.99 ; ×appariement 1.00 = 0.99,,,,,,CONFORME
C-6783031-S7-D6-divisionId,6783031,Pre6783031 Nom6783031,COMPARAISON_CHAMP,divisionId,P · poste 23999 · emploi 6203 · début 2009-03-30,7,6,APPARIE,1.0,CodeDirection,348,348,348,348,348,,IDENTIQUE,R_DIRECT,Copie directe (mapping N/A),COMPARAISON_BRUTE,MATCH,,CERTAIN,CONFORME,CONFORME,0.99,AUCUNE,0,"Niveau 1 : valeurs identiques (CodeDirection='348', divisionId='348').",,,,Aucune action.,,False,,,"{""CodeDirection"": ""348""}",,"Employe_Source_Anonymise_VF.xlsx ligne 7 ; Employe_Destination_Anonymise_VF.xlsx ligne 6 ; Mapping.xlsx › Mapping, ligne 11","Mapping.xlsx › Mapping, ligne 11",base CONFORME=0.99 ; ×appariement 1.00 = 0.99,,,,,,CONFORME
C-6783031-S7-D6-divisionName,6783031,Pre6783031 Nom6783031,COMPARAISON_CHAMP,divisionName,P · poste 23999 · emploi 6203 · début 2009-03-30,7,6,APPARIE,1.0,LibelléDirection,UnitAdmin00348,00348-UnitAdmin00348,unitadmin00348,00348-unitadmin00348,348-UnitAdmin00348,,DIFFERENT,R_CONCAT_DIVISION,Concaténation CodeDirection + '-' + LibelléDirection,REGLE_DETERMINISTE,MATCH,zéros non significatifs du code ignorés,DERIVE,ECART_JUSTIFIE,ECART_JUSTIFIE,0.92,AUCUNE,0,"Niveau 1 : LibelléDirection='UnitAdmin00348' ≠ divisionName='00348-UnitAdmin00348'. Niveau 2 : écart expliqué par R_CONCAT_DIVISION [Mapping.xlsx › Mapping, ligne 12] : CodeDirection + '-' + LibelléDirection → attendu '348-UnitAdmin00348' (zéros non significatifs du code ignorés).",,,,Aucune action.,,False,,,"{""CodeDirection"": ""348"", ""LibelléDirection"": ""UnitAdmin00348""}","{""code_destination"": ""00348"", ""libelle_destination"": ""UnitAdmin00348""}","Employe_Source_Anonymise_VF.xlsx ligne 7 ; Employe_Destination_Anonymise_VF.xlsx ligne 6 ; Mapping.xlsx › Mapping, ligne 12","Mapping.xlsx › Mapping, ligne 12",base ECART_JUSTIFIE=0.92 ; ×appariement 1.00 = 0.92,,,,,,ECART_JUSTIFIE
C-6783031-S7-D6-divisionCode,6783031,Pre6783031 Nom6783031,COMPARAISON_CHAMP,divisionCode,P · poste 23999 · emploi 6203 · début 2009-03-30,7,6,APPARIE,1.0,CodeImputation,2950,2950,2950,2950,2950,,IDENTIQUE,R_DIRECT,Copie directe (mapping N/A),COMPARAISON_BRUTE,MATCH,,CERTAIN,CONFORME,CONFORME,0.99,AUCUNE,0,"Niveau 1 : valeurs identiques (CodeImputation='2950', divisionCode='2950').",,,,Aucune action.,,False,,,"{""CodeImputation"": ""2950""}",,"Employe_Source_Anonymise_VF.xlsx ligne 7 ; Employe_Destination_Anonymise_VF.xlsx ligne 6 ; Mapping.xlsx › Mapping, ligne 13","Mapping.xlsx › Mapping, ligne 13",base CONFORME=0.99 ; ×appariement 1.00 = 0.99,,,,,,CONFORME
C-6783031-S7-D6-positionId,6783031,Pre6783031 Nom6783031,COMPARAISON_CHAMP,positionId,P · poste 23999 · emploi 6203 · début 2009-03-30,7,6,APPARIE,1.0,CodeEmploi,6203,6203,6203,6203,6203,,IDENTIQUE,R_DIRECT,Copie directe (mapping N/A),COMPARAISON_BRUTE,MATCH,,CERTAIN,CONFORME,CONFORME,0.99,AUCUNE,0,"Niveau 1 : valeurs identiques (CodeEmploi='6203', positionId='6203').",,,,Aucune action.,,False,,,"{""CodeEmploi"": ""6203""}",,"Employe_Source_Anonymise_VF.xlsx ligne 7 ; Employe_Destination_Anonymise_VF.xlsx ligne 6 ; Mapping.xlsx › Mapping, ligne 14","Mapping.xlsx › Mapping, ligne 14",base CONFORME=0.99 ; ×appariement 1.00 = 0.99,,,,,,CONFORME
C-6783031-S7-D6-positionCode,6783031,Pre6783031 Nom6783031,COMPARAISON_CHAMP,positionCode,P · poste 23999 · emploi 6203 · début 2009-03-30,7,6,APPARIE,1.0,CodeEmploi,6203,6203,6203,6203,6203,,IDENTIQUE,R_DIRECT,Copie directe (mapping N/A),COMPARAISON_BRUTE,MATCH,,CERTAIN,CONFORME,CONFORME,0.99,AUCUNE,0,"Niveau 1 : valeurs identiques (CodeEmploi='6203', positionCode='6203').",,,,Aucune action.,,False,,,"{""CodeEmploi"": ""6203""}",,"Employe_Source_Anonymise_VF.xlsx ligne 7 ; Employe_Destination_Anonymise_VF.xlsx ligne 6 ; Mapping.xlsx › Mapping, ligne 16","Mapping.xlsx › Mapping, ligne 16",base CONFORME=0.99 ; ×appariement 1.00 = 0.99,,,,,,CONFORME
C-6783031-S7-D6-statusReasonCode,6783031,Pre6783031 Nom6783031,COMPARAISON_CHAMP,statusReasonCode,P · poste 23999 · emploi 6203 · début 2009-03-30,7,6,APPARIE,1.0,"CodeStatutEmploi, CodeRaisonStatut, DateEffetRaison",703,,703,,,,DESTINATION_VIDE,R_SITUATION_EMPLOI,Table 'Règles situation d'emploi' + jointure motifs,REGLE_DETERMINISTE,MATCH,,DERIVE,ECART_JUSTIFIE,ECART_JUSTIFIE,0.92,AUCUNE,0,"Niveau 1 : CodeRaisonStatut='703' ≠ statusReasonCode='∅'. Niveau 2 : écart expliqué par R_SITUATION_EMPLOI [Mapping.xlsx › Mapping, lignes 17-21] : situation 'Actif' (codes d'accès [0, 1], ligne 2) → cf_CAD = null → attendu '∅'.",,,,Aucune action.,,False,,,"{""CodeSuspensionAccès"": ""1"", ""CodeStatutEmploi"": ""1"", ""CodeRaisonStatut"": ""703"", ""DateEffetRaison"": ""2004-10-14"", ""DateRetourAnticipée"": """"}","{""motif_trouve"": false}","Employe_Source_Anonymise_VF.xlsx ligne 7 ; Employe_Destination_Anonymise_VF.xlsx ligne 6 ; Mapping.xlsx › Mapping, lignes 17-21 ; Mapping.xlsx › Règles situation d'emploi","Mapping.xlsx › Mapping, lignes 17-21",base ECART_JUSTIFIE=0.92 ; ×appariement 1.00 = 0.92,,,,,,ECART_JUSTIFIE
C-6783031-S7-D6-expectedReturnDate,6783031,Pre6783031 Nom6783031,COMPARAISON_CHAMP,expectedReturnDate,P · poste 23999 · emploi 6203 · début 2009-03-30,7,6,APPARIE,1.0,DateRetourAnticipée,,,,,,,VIDE_DES_DEUX_COTES,R_SITUATION_EMPLOI,Table 'Règles situation d'emploi' + jointure motifs,REGLE_DETERMINISTE,MATCH,,DERIVE,CONFORME,CONFORME,0.95,AUCUNE,0,Niveau 1 : valeur vide des deux côtés (DateRetourAnticipée / expectedReturnDate).,,,,Aucune action.,,False,,,"{""CodeSuspensionAccès"": ""1"", ""CodeStatutEmploi"": ""1"", ""CodeRaisonStatut"": ""703"", ""DateEffetRaison"": ""2004-10-14"", ""DateRetourAnticipée"": """"}","{""motif_trouve"": false}","Employe_Source_Anonymise_VF.xlsx ligne 7 ; Employe_Destination_Anonymise_VF.xlsx ligne 6 ; Mapping.xlsx › Mapping, ligne 22 ; Mapping.xlsx › Règles situation d'emploi","Mapping.xlsx › Mapping, ligne 22",base CONFORME=0.95 ; ×appariement 1.00 = 0.95,,,,,,CONFORME
C-6783031-S7-D6-detailedStatus,6783031,Pre6783031 Nom6783031,COMPARAISON_CHAMP,detailedStatus,P · poste 23999 · emploi 6203 · début 2009-03-30,7,6,APPARIE,1.0,-,,Actif,,actif,Actif,,NON_COMPARABLE,R_SITUATION_EMPLOI,Table 'Règles situation d'emploi' + jointure motifs,REGLE_DETERMINISTE,MATCH,,DERIVE,CONFORME,CONFORME,0.95,AUCUNE,0,"Niveau 2 : R_SITUATION_EMPLOI [Mapping.xlsx › Mapping, ligne 23] dérive 'Actif' (situation 'Actif' (codes d'accès [0, 1], ligne 2)) ; identique à la destination.",,,,Aucune action.,,False,,,"{""CodeSuspensionAccès"": ""1"", ""CodeStatutEmploi"": ""1"", ""CodeRaisonStatut"": ""703"", ""DateEffetRaison"": ""2004-10-14"", ""DateRetourAnticipée"": """"}","{""motif_trouve"": false}","Employe_Source_Anonymise_VF.xlsx ligne 7 ; Employe_Destination_Anonymise_VF.xlsx ligne 6 ; Mapping.xlsx › Mapping, ligne 23 ; Mapping.xlsx › Règles situation d'emploi","Mapping.xlsx › Mapping, ligne 23",base CONFORME=0.95 ; ×appariement 1.00 = 0.95,,,,,,CONFORME
C-6783031-S7-D6-contractTypeCode,6783031,Pre6783031 Nom6783031,COMPARAISON_CHAMP,contractTypeCode,P · poste 23999 · emploi 6203 · début 2009-03-30,7,6,APPARIE,1.0,"CatégorieEmploi, EMPT_CD, EstPermanent, PERM_IND, EstTempsPlein, FT_IND",V,JWN,v,jwn,JWN,,DIFFERENT,R_CONTRACT_TYPE,Type d'employé : table SI PERM_IND / FT_IND / EMPTP_CD,REGLE_DETERMINISTE,MATCH,,DERIVE,ECART_JUSTIFIE,ECART_JUSTIFIE,0.92,AUCUNE,0,"Niveau 1 : CatégorieEmploi='V' ≠ contractTypeCode='JWN'. Niveau 2 : écart expliqué par R_CONTRACT_TYPE [Mapping.xlsx › Mapping, lignes 24-40] : ligne de règle appliquée : SI PERM_IND=1 et FT_IND=1 et EMPTP_CD=""V"" --> Mettre ""JWN"" → attendu 'JWN'.",,,,Aucune action.,,False,,,"{""CatégorieEmploi"": ""V"", ""EstPermanent"": ""Oui (1)"", ""EstTempsPlein"": ""Oui (1)""}",,"Employe_Source_Anonymise_VF.xlsx ligne 7 ; Employe_Destination_Anonymise_VF.xlsx ligne 6 ; Mapping.xlsx › Mapping, lignes 24-40","Mapping.xlsx › Mapping, lignes 24-40",base ECART_JUSTIFIE=0.92 ; ×appariement 1.00 = 0.92,,,,,,ECART_JUSTIFIE
C-6783031-S7-D6-isPrimaryAssignment,6783031,Pre6783031 Nom6783031,COMPARAISON_CHAMP,isPrimaryAssignment,P · poste 23999 · emploi 6203 · début 2009-03-30,7,6,APPARIE,1.0,TypeAffectation,P,true,P,true,true,,DIFFERENT,R_ASSIGNMENT_TYPE,TypeAffectation P/A/S → indicateurs primaire/temporaire,REGLE_DETERMINISTE,MATCH,,DERIVE,ECART_JUSTIFIE,ECART_JUSTIFIE,0.92,AUCUNE,0,"Niveau 1 : TypeAffectation='P' ≠ isPrimaryAssignment='true'. Niveau 2 : écart expliqué par R_ASSIGNMENT_TYPE [Mapping.xlsx › Mapping, lignes 41-45] : Type aff = P → primaire=true, temporaire=false → attendu 'true'.",,,,Aucune action.,,False,,,"{""TypeAffectation"": ""P""}",,"Employe_Source_Anonymise_VF.xlsx ligne 7 ; Employe_Destination_Anonymise_VF.xlsx ligne 6 ; Mapping.xlsx › Mapping, lignes 41-45","Mapping.xlsx › Mapping, lignes 41-45",base ECART_JUSTIFIE=0.92 ; ×appariement 1.00 = 0.92,,,,,,ECART_JUSTIFIE
C-6783031-S7-D6-isTemporaryAssignment,6783031,Pre6783031 Nom6783031,COMPARAISON_CHAMP,isTemporaryAssignment,P · poste 23999 · emploi 6203 · début 2009-03-30,7,6,APPARIE,1.0,TypeAffectation,P,false,P,false,false,,DIFFERENT,R_ASSIGNMENT_TYPE,TypeAffectation P/A/S → indicateurs primaire/temporaire,REGLE_DETERMINISTE,MATCH,,DERIVE,ECART_JUSTIFIE,ECART_JUSTIFIE,0.92,AUCUNE,0,"Niveau 1 : TypeAffectation='P' ≠ isTemporaryAssignment='false'. Niveau 2 : écart expliqué par R_ASSIGNMENT_TYPE [Mapping.xlsx › Mapping, lignes 41-45] : Type aff = P → primaire=true, temporaire=false → attendu 'false'.",,,,Aucune action.,,False,,,"{""TypeAffectation"": ""P""}",,"Employe_Source_Anonymise_VF.xlsx ligne 7 ; Employe_Destination_Anonymise_VF.xlsx ligne 6 ; Mapping.xlsx › Mapping, lignes 41-45","Mapping.xlsx › Mapping, lignes 41-45",base ECART_JUSTIFIE=0.92 ; ×appariement 1.00 = 0.92,,,,,,ECART_JUSTIFIE
C-6783031-S7-D6-assignmentStartDate,6783031,Pre6783031 Nom6783031,COMPARAISON_CHAMP,assignmentStartDate,P · poste 23999 · emploi 6203 · début 2009-03-30,7,6,APPARIE,1.0,DateEntréePoste,2009-03-30,2009-03-30,2009-03-30,2009-03-30,2009-03-30,,IDENTIQUE,R_ASSIGNMENT_START,Date d'effet : DateEntréePoste vs date d'effet de l'unité adm. (détail du poste),REGLE_DETERMINISTE,MATCH,,DERIVE,CONFORME,CONFORME,0.99,AUCUNE,0,"Niveau 1 : valeurs identiques (DateEntréePoste='2009-03-30', assignmentStartDate='2009-03-30') ; Niveau 2 : R_ASSIGNMENT_START [Mapping.xlsx › Mapping, lignes 46-48] confirme la valeur attendue '2009-03-30' (MAX(DateEntréePoste 2009-03-30, date d'effet du détail du poste courant 2000-05-06) = 2009-03-30 → date d'effet du poste (source) [enregistrement courant (ligne 30) différent du précédent (ligne 29) sur : CodePosteSecondaire, MatriculeGestionnaire]).",,,,Aucune action.,,False,,,"{""DateEntréePoste"": ""2009-03-30"", ""CodePoste"": ""23999"", ""CodeDirection"": ""348""}","{""date_effet_detail_courant"": ""2000-05-06"", ""ligne_detail_courant"": 30, ""methode_detail_poste"": ""enregistrement courant (ligne 30) différent du précédent (ligne 29) sur : CodePosteSecondaire, MatriculeGestionnaire"", ""historique"": ""1987-01-12 (unité 348) → 1990-12-10 (unité 348) → 1992-04-05 (unité 348) → 1995-12-26 (unité 348) → 1999-06-05 (unité 348) → 2000-05-06 (unité 348)"", ""EFFDT_min"": ""1987-01-12"", ""EFFDT_max"": ""2000-05-06"", ""lignes_detail_poste"": [25, 26, 27, 28, 29, 30], ""valeur_lecture_litterale_MIN"": ""2000-05-06""}","Employe_Source_Anonymise_VF.xlsx ligne 7 ; Employe_Destination_Anonymise_VF.xlsx ligne 6 ; Mapping.xlsx › Mapping, lignes 46-48 ; détail_du_poste.xlsx lignes 25-30","Mapping.xlsx › Mapping, lignes 46-48",base CONFORME=0.99 ; ×appariement 1.00 = 0.99,,,,,,CONFORME
C-6783031-S7-D6-payGradeId,6783031,Pre6783031 Nom6783031,COMPARAISON_CHAMP,payGradeId,P · poste 23999 · emploi 6203 · début 2009-03-30,7,6,APPARIE,1.0,ÉchelleSalariale,223,223,223,223,223,,IDENTIQUE,R_DIRECT,Copie directe (mapping N/A),COMPARAISON_BRUTE,MATCH,,CERTAIN,CONFORME,CONFORME,0.99,AUCUNE,0,"Niveau 1 : valeurs identiques (ÉchelleSalariale='223', payGradeId='223').",,,,Aucune action.,,False,,,"{""ÉchelleSalariale"": ""223""}",,"Employe_Source_Anonymise_VF.xlsx ligne 7 ; Employe_Destination_Anonymise_VF.xlsx ligne 6 ; Mapping.xlsx › Mapping, ligne 49","Mapping.xlsx › Mapping, ligne 49",base CONFORME=0.99 ; ×appariement 1.00 = 0.99,,,,,,CONFORME
C-6783031-S7-D6-weeklyHoursOverride,6783031,Pre6783031 Nom6783031,COMPARAISON_CHAMP,weeklyHoursOverride,P · poste 23999 · emploi 6203 · début 2009-03-30,7,6,APPARIE,1.0,HeuresNormeHebdo,40,40,40,40,40,,IDENTIQUE,R_DIRECT,Copie directe (mapping N/A),COMPARAISON_BRUTE,MATCH,,CERTAIN,CONFORME,CONFORME,0.99,AUCUNE,0,"Niveau 1 : valeurs identiques (HeuresNormeHebdo='40', weeklyHoursOverride='40').",,,,Aucune action.,,False,,,"{""HeuresNormeHebdo"": ""40""}","{""heures_semaine_poste"": 40, ""CodeQuart"": ""23""}","Employe_Source_Anonymise_VF.xlsx ligne 7 ; Employe_Destination_Anonymise_VF.xlsx ligne 6 ; Mapping.xlsx › Mapping, ligne 51 ; détail_du_poste.xlsx (contexte) lignes 30","Mapping.xlsx › Mapping, ligne 51",base CONFORME=0.99 ; ×appariement 1.00 = 0.99,,,,,,CONFORME
C-6783031-S7-D6-dailyHoursOverride,6783031,Pre6783031 Nom6783031,COMPARAISON_CHAMP,dailyHoursOverride,P · poste 23999 · emploi 6203 · début 2009-03-30,7,6,APPARIE,1.0,HeuresNormeQuotidienne,8,8,8,8,8,,IDENTIQUE,R_DIRECT,Copie directe (mapping N/A),COMPARAISON_BRUTE,MATCH,,CERTAIN,CONFORME,CONFORME,0.99,AUCUNE,0,"Niveau 1 : valeurs identiques (HeuresNormeQuotidienne='8', dailyHoursOverride='8').",,,,Aucune action.,,False,,,"{""HeuresNormeQuotidienne"": ""8""}","{""heures_jour_poste"": 8, ""CodeQuart"": ""23""}","Employe_Source_Anonymise_VF.xlsx ligne 7 ; Employe_Destination_Anonymise_VF.xlsx ligne 6 ; Mapping.xlsx › Mapping, ligne 52 ; détail_du_poste.xlsx (contexte) lignes 30","Mapping.xlsx › Mapping, ligne 52",base CONFORME=0.99 ; ×appariement 1.00 = 0.99,,,,,,CONFORME
C-6783031-S7-D6-assignmentEndDate,6783031,Pre6783031 Nom6783031,COMPARAISON_CHAMP,assignmentEndDate,P · poste 23999 · emploi 6203 · début 2009-03-30,7,6,APPARIE,1.0,DateSortiePoste,,,,,,,VIDE_DES_DEUX_COTES,R_ASSIGNMENT_END,"Date de fin : MIN(DateSortiePoste, fin de l'unité adm. courante)",REGLE_DETERMINISTE,MATCH,,DERIVE,CONFORME,CONFORME,0.95,AUCUNE,0,Niveau 1 : valeur vide des deux côtés (DateSortiePoste / assignmentEndDate).,,,,Aucune action.,,False,,,"{""DateSortiePoste"": """", ""CodePoste"": ""23999""}","{""fin_unite_adm"": """", ""methode_unite_adm"": ""aucun changement d'unité dans l'historique → MIN(EFFDT)""}","Employe_Source_Anonymise_VF.xlsx ligne 7 ; Employe_Destination_Anonymise_VF.xlsx ligne 6 ; Mapping.xlsx › Mapping, lignes 53-55 ; détail_du_poste.xlsx lignes 25-30","Mapping.xlsx › Mapping, lignes 53-55",base CONFORME=0.95 ; ×appariement 1.00 = 0.95,,,,,,CONFORME
C-6783031-S7-D6-termEndDate,6783031,Pre6783031 Nom6783031,COMPARAISON_CHAMP,termEndDate,P · poste 23999 · emploi 6203 · début 2009-03-30,7,6,APPARIE,1.0,DateSortiePoste,,,,,,,VIDE_DES_DEUX_COTES,R_ASSIGNMENT_END,"Date de fin : MIN(DateSortiePoste, fin de l'unité adm. courante)",REGLE_DETERMINISTE,MATCH,,DERIVE,CONFORME,CONFORME,0.95,AUCUNE,0,Niveau 1 : valeur vide des deux côtés (DateSortiePoste / termEndDate).,,,,Aucune action.,,False,,,"{""DateSortiePoste"": """", ""CodePoste"": ""23999""}","{""fin_unite_adm"": """", ""methode_unite_adm"": ""aucun changement d'unité dans l'historique → MIN(EFFDT)""}","Employe_Source_Anonymise_VF.xlsx ligne 7 ; Employe_Destination_Anonymise_VF.xlsx ligne 6 ; Mapping.xlsx › Mapping, lignes 56-58 ; détail_du_poste.xlsx lignes 25-30","Mapping.xlsx › Mapping, lignes 56-58",base CONFORME=0.95 ; ×appariement 1.00 = 0.95,,,,,,CONFORME
C-7070325-S12-D11-givenName,7070325,Pre7070325 Nom7070325,COMPARAISON_CHAMP,givenName,P · poste 81864 · emploi 6622 · début 2009-07-06,12,11,APPARIE,1.0,PrénomUsuel,Pre7070325,Pre7070325,pre7070325,pre7070325,Pre7070325,,IDENTIQUE,R_DIRECT,Copie directe (mapping N/A),COMPARAISON_BRUTE,MATCH,,CERTAIN,CONFORME,CONFORME,0.99,AUCUNE,0,"Niveau 1 : valeurs identiques (PrénomUsuel='Pre7070325', givenName='Pre7070325').",,,,Aucune action.,,False,,,"{""PrénomUsuel"": ""Pre7070325""}",,"Employe_Source_Anonymise_VF.xlsx ligne 12 ; Employe_Destination_Anonymise_VF.xlsx ligne 11 ; Mapping.xlsx › Mapping, ligne 2","Mapping.xlsx › Mapping, ligne 2",base CONFORME=0.99 ; ×appariement 1.00 = 0.99,,,,,,CONFORME
C-7070325-S12-D11-surname,7070325,Pre7070325 Nom7070325,COMPARAISON_CHAMP,surname,P · poste 81864 · emploi 6622 · début 2009-07-06,12,11,APPARIE,1.0,NomFamille,Nom7070325,Nom7070325,nom7070325,nom7070325,Nom7070325,,IDENTIQUE,R_DIRECT,Copie directe (mapping N/A),COMPARAISON_BRUTE,MATCH,,CERTAIN,CONFORME,CONFORME,0.99,AUCUNE,0,"Niveau 1 : valeurs identiques (NomFamille='Nom7070325', surname='Nom7070325').",,,,Aucune action.,,False,,,"{""NomFamille"": ""Nom7070325""}",,"Employe_Source_Anonymise_VF.xlsx ligne 12 ; Employe_Destination_Anonymise_VF.xlsx ligne 11 ; Mapping.xlsx › Mapping, ligne 3","Mapping.xlsx › Mapping, ligne 3",base CONFORME=0.99 ; ×appariement 1.00 = 0.99,,,,,,CONFORME
C-7070325-S12-D11-onboardDate,7070325,Pre7070325 Nom7070325,COMPARAISON_CHAMP,onboardDate,P · poste 81864 · emploi 6622 · début 2009-07-06,12,11,APPARIE,1.0,DateEmbaucheRécente,1995-03-20,1995-03-20T00:00:00.000Z,1995-03-20,1995-03-20,1995-03-20,,IDENTIQUE_APRES_NORMALISATION,R_DIRECT,Copie directe (mapping N/A),COMPARAISON_BRUTE,MATCH,,CERTAIN,CONFORME,CONFORME,0.95,AUCUNE,0,Niveau 1 : différence de format uniquement ('1995-03-20' vs '1995-03-20T00:00:00.000Z' → '1995-03-20').,,,,Aucune action.,,False,,,"{""DateEmbaucheRécente"": ""1995-03-20""}",,"Employe_Source_Anonymise_VF.xlsx ligne 12 ; Employe_Destination_Anonymise_VF.xlsx ligne 11 ; Mapping.xlsx › Mapping, ligne 7","Mapping.xlsx › Mapping, ligne 7",base CONFORME=0.95 ; ×appariement 1.00 = 0.95,,,,,,CONFORME
C-7070325-S12-D11-siteName,7070325,Pre7070325 Nom7070325,COMPARAISON_CHAMP,siteName,P · poste 81864 · emploi 6622 · début 2009-07-06,12,11,APPARIE,1.0,LibelléSite,Emplacement48,Emplacement48,emplacement48,emplacement48,Emplacement48,,IDENTIQUE,R_DIRECT,Copie directe (mapping N/A),COMPARAISON_BRUTE,MATCH,,CERTAIN,CONFORME,CONFORME,0.99,AUCUNE,0,"Niveau 1 : valeurs identiques (LibelléSite='Emplacement48', siteName='Emplacement48').",,,,Aucune action.,,False,,,"{""LibelléSite"": ""Emplacement48""}",,"Employe_Source_Anonymise_VF.xlsx ligne 12 ; Employe_Destination_Anonymise_VF.xlsx ligne 11 ; Mapping.xlsx › Mapping, ligne 9","Mapping.xlsx › Mapping, ligne 9",base CONFORME=0.99 ; ×appariement 1.00 = 0.99,,,,,,CONFORME
C-7070325-S12-D11-siteCode,7070325,Pre7070325 Nom7070325,COMPARAISON_CHAMP,siteCode,P · poste 81864 · emploi 6622 · début 2009-07-06,12,11,APPARIE,1.0,CodeSite,48,48,48,48,48,,IDENTIQUE,R_DIRECT,Copie directe (mapping N/A),COMPARAISON_BRUTE,MATCH,,CERTAIN,CONFORME,CONFORME,0.99,AUCUNE,0,"Niveau 1 : valeurs identiques (CodeSite='48', siteCode='48').",,,,Aucune action.,,False,,,"{""CodeSite"": ""48""}",,"Employe_Source_Anonymise_VF.xlsx ligne 12 ; Employe_Destination_Anonymise_VF.xlsx ligne 11 ; Mapping.xlsx › Mapping, ligne 10","Mapping.xlsx › Mapping, ligne 10",base CONFORME=0.99 ; ×appariement 1.00 = 0.99,,,,,,CONFORME
C-7070325-S12-D11-divisionId,7070325,Pre7070325 Nom7070325,COMPARAISON_CHAMP,divisionId,P · poste 81864 · emploi 6622 · début 2009-07-06,12,11,APPARIE,1.0,CodeDirection,348,348,348,348,348,,IDENTIQUE,R_DIRECT,Copie directe (mapping N/A),COMPARAISON_BRUTE,MATCH,,CERTAIN,CONFORME,CONFORME,0.99,AUCUNE,0,"Niveau 1 : valeurs identiques (CodeDirection='348', divisionId='348').",,,,Aucune action.,,False,,,"{""CodeDirection"": ""348""}",,"Employe_Source_Anonymise_VF.xlsx ligne 12 ; Employe_Destination_Anonymise_VF.xlsx ligne 11 ; Mapping.xlsx › Mapping, ligne 11","Mapping.xlsx › Mapping, ligne 11",base CONFORME=0.99 ; ×appariement 1.00 = 0.99,,,,,,CONFORME
C-7070325-S12-D11-divisionName,7070325,Pre7070325 Nom7070325,COMPARAISON_CHAMP,divisionName,P · poste 81864 · emploi 6622 · début 2009-07-06,12,11,APPARIE,1.0,LibelléDirection,UnitAdmin00348,00348-UnitAdmin00348,unitadmin00348,00348-unitadmin00348,348-UnitAdmin00348,,DIFFERENT,R_CONCAT_DIVISION,Concaténation CodeDirection + '-' + LibelléDirection,REGLE_DETERMINISTE,MATCH,zéros non significatifs du code ignorés,DERIVE,ECART_JUSTIFIE,ECART_JUSTIFIE,0.92,AUCUNE,0,"Niveau 1 : LibelléDirection='UnitAdmin00348' ≠ divisionName='00348-UnitAdmin00348'. Niveau 2 : écart expliqué par R_CONCAT_DIVISION [Mapping.xlsx › Mapping, ligne 12] : CodeDirection + '-' + LibelléDirection → attendu '348-UnitAdmin00348' (zéros non significatifs du code ignorés).",,,,Aucune action.,,False,,,"{""CodeDirection"": ""348"", ""LibelléDirection"": ""UnitAdmin00348""}","{""code_destination"": ""00348"", ""libelle_destination"": ""UnitAdmin00348""}","Employe_Source_Anonymise_VF.xlsx ligne 12 ; Employe_Destination_Anonymise_VF.xlsx ligne 11 ; Mapping.xlsx › Mapping, ligne 12","Mapping.xlsx › Mapping, ligne 12",base ECART_JUSTIFIE=0.92 ; ×appariement 1.00 = 0.92,,,,,,ECART_JUSTIFIE
C-7070325-S12-D11-divisionCode,7070325,Pre7070325 Nom7070325,COMPARAISON_CHAMP,divisionCode,P · poste 81864 · emploi 6622 · début 2009-07-06,12,11,APPARIE,1.0,CodeImputation,2950,2950,2950,2950,2950,,IDENTIQUE,R_DIRECT,Copie directe (mapping N/A),COMPARAISON_BRUTE,MATCH,,CERTAIN,CONFORME,CONFORME,0.99,AUCUNE,0,"Niveau 1 : valeurs identiques (CodeImputation='2950', divisionCode='2950').",,,,Aucune action.,,False,,,"{""CodeImputation"": ""2950""}",,"Employe_Source_Anonymise_VF.xlsx ligne 12 ; Employe_Destination_Anonymise_VF.xlsx ligne 11 ; Mapping.xlsx › Mapping, ligne 13","Mapping.xlsx › Mapping, ligne 13",base CONFORME=0.99 ; ×appariement 1.00 = 0.99,,,,,,CONFORME
C-7070325-S12-D11-positionId,7070325,Pre7070325 Nom7070325,COMPARAISON_CHAMP,positionId,P · poste 81864 · emploi 6622 · début 2009-07-06,12,11,APPARIE,1.0,CodeEmploi,6622,6622,6622,6622,6622,,IDENTIQUE,R_DIRECT,Copie directe (mapping N/A),COMPARAISON_BRUTE,MATCH,,CERTAIN,CONFORME,CONFORME,0.99,AUCUNE,0,"Niveau 1 : valeurs identiques (CodeEmploi='6622', positionId='6622').",,,,Aucune action.,,False,,,"{""CodeEmploi"": ""6622""}",,"Employe_Source_Anonymise_VF.xlsx ligne 12 ; Employe_Destination_Anonymise_VF.xlsx ligne 11 ; Mapping.xlsx › Mapping, ligne 14","Mapping.xlsx › Mapping, ligne 14",base CONFORME=0.99 ; ×appariement 1.00 = 0.99,,,,,,CONFORME
C-7070325-S12-D11-positionCode,7070325,Pre7070325 Nom7070325,COMPARAISON_CHAMP,positionCode,P · poste 81864 · emploi 6622 · début 2009-07-06,12,11,APPARIE,1.0,CodeEmploi,6622,6622,6622,6622,6622,,IDENTIQUE,R_DIRECT,Copie directe (mapping N/A),COMPARAISON_BRUTE,MATCH,,CERTAIN,CONFORME,CONFORME,0.99,AUCUNE,0,"Niveau 1 : valeurs identiques (CodeEmploi='6622', positionCode='6622').",,,,Aucune action.,,False,,,"{""CodeEmploi"": ""6622""}",,"Employe_Source_Anonymise_VF.xlsx ligne 12 ; Employe_Destination_Anonymise_VF.xlsx ligne 11 ; Mapping.xlsx › Mapping, ligne 16","Mapping.xlsx › Mapping, ligne 16",base CONFORME=0.99 ; ×appariement 1.00 = 0.99,,,,,,CONFORME
C-7070325-S12-D11-statusReasonCode,7070325,Pre7070325 Nom7070325,COMPARAISON_CHAMP,statusReasonCode,P · poste 81864 · emploi 6622 · début 2009-07-06,12,11,APPARIE,1.0,"CodeStatutEmploi, CodeRaisonStatut, DateEffetRaison",703,,703,,,,DESTINATION_VIDE,R_SITUATION_EMPLOI,Table 'Règles situation d'emploi' + jointure motifs,REGLE_DETERMINISTE,MATCH,,DERIVE,ECART_JUSTIFIE,ECART_JUSTIFIE,0.92,AUCUNE,0,"Niveau 1 : CodeRaisonStatut='703' ≠ statusReasonCode='∅'. Niveau 2 : écart expliqué par R_SITUATION_EMPLOI [Mapping.xlsx › Mapping, lignes 17-21] : situation 'Actif' (codes d'accès [0, 1], ligne 2) → cf_CAD = null → attendu '∅'.",,,,Aucune action.,,False,,,"{""CodeSuspensionAccès"": ""1"", ""CodeStatutEmploi"": ""1"", ""CodeRaisonStatut"": ""703"", ""DateEffetRaison"": ""2007-09-13"", ""DateRetourAnticipée"": """"}","{""motif_trouve"": false}","Employe_Source_Anonymise_VF.xlsx ligne 12 ; Employe_Destination_Anonymise_VF.xlsx ligne 11 ; Mapping.xlsx › Mapping, lignes 17-21 ; Mapping.xlsx › Règles situation d'emploi","Mapping.xlsx › Mapping, lignes 17-21",base ECART_JUSTIFIE=0.92 ; ×appariement 1.00 = 0.92,,,,,,ECART_JUSTIFIE
C-7070325-S12-D11-expectedReturnDate,7070325,Pre7070325 Nom7070325,COMPARAISON_CHAMP,expectedReturnDate,P · poste 81864 · emploi 6622 · début 2009-07-06,12,11,APPARIE,1.0,DateRetourAnticipée,,,,,,,VIDE_DES_DEUX_COTES,R_SITUATION_EMPLOI,Table 'Règles situation d'emploi' + jointure motifs,REGLE_DETERMINISTE,MATCH,,DERIVE,CONFORME,CONFORME,0.95,AUCUNE,0,Niveau 1 : valeur vide des deux côtés (DateRetourAnticipée / expectedReturnDate).,,,,Aucune action.,,False,,,"{""CodeSuspensionAccès"": ""1"", ""CodeStatutEmploi"": ""1"", ""CodeRaisonStatut"": ""703"", ""DateEffetRaison"": ""2007-09-13"", ""DateRetourAnticipée"": """"}","{""motif_trouve"": false}","Employe_Source_Anonymise_VF.xlsx ligne 12 ; Employe_Destination_Anonymise_VF.xlsx ligne 11 ; Mapping.xlsx › Mapping, ligne 22 ; Mapping.xlsx › Règles situation d'emploi","Mapping.xlsx › Mapping, ligne 22",base CONFORME=0.95 ; ×appariement 1.00 = 0.95,,,,,,CONFORME
C-7070325-S12-D11-detailedStatus,7070325,Pre7070325 Nom7070325,COMPARAISON_CHAMP,detailedStatus,P · poste 81864 · emploi 6622 · début 2009-07-06,12,11,APPARIE,1.0,-,,Actif,,actif,Actif,,NON_COMPARABLE,R_SITUATION_EMPLOI,Table 'Règles situation d'emploi' + jointure motifs,REGLE_DETERMINISTE,MATCH,,DERIVE,CONFORME,CONFORME,0.95,AUCUNE,0,"Niveau 2 : R_SITUATION_EMPLOI [Mapping.xlsx › Mapping, ligne 23] dérive 'Actif' (situation 'Actif' (codes d'accès [0, 1], ligne 2)) ; identique à la destination.",,,,Aucune action.,,False,,,"{""CodeSuspensionAccès"": ""1"", ""CodeStatutEmploi"": ""1"", ""CodeRaisonStatut"": ""703"", ""DateEffetRaison"": ""2007-09-13"", ""DateRetourAnticipée"": """"}","{""motif_trouve"": false}","Employe_Source_Anonymise_VF.xlsx ligne 12 ; Employe_Destination_Anonymise_VF.xlsx ligne 11 ; Mapping.xlsx › Mapping, ligne 23 ; Mapping.xlsx › Règles situation d'emploi","Mapping.xlsx › Mapping, ligne 23",base CONFORME=0.95 ; ×appariement 1.00 = 0.95,,,,,,CONFORME
C-7070325-S12-D11-contractTypeCode,7070325,Pre7070325 Nom7070325,COMPARAISON_CHAMP,contractTypeCode,P · poste 81864 · emploi 6622 · début 2009-07-06,12,11,APPARIE,1.0,"CatégorieEmploi, EMPT_CD, EstPermanent, PERM_IND, EstTempsPlein, FT_IND",V,JWN,v,jwn,JWN,,DIFFERENT,R_CONTRACT_TYPE,Type d'employé : table SI PERM_IND / FT_IND / EMPTP_CD,REGLE_DETERMINISTE,MATCH,,DERIVE,ECART_JUSTIFIE,ECART_JUSTIFIE,0.92,AUCUNE,0,"Niveau 1 : CatégorieEmploi='V' ≠ contractTypeCode='JWN'. Niveau 2 : écart expliqué par R_CONTRACT_TYPE [Mapping.xlsx › Mapping, lignes 24-40] : ligne de règle appliquée : SI PERM_IND=1 et FT_IND=1 et EMPTP_CD=""V"" --> Mettre ""JWN"" → attendu 'JWN'.",,,,Aucune action.,,False,,,"{""CatégorieEmploi"": ""V"", ""EstPermanent"": ""Oui (1)"", ""EstTempsPlein"": ""Oui (1)""}",,"Employe_Source_Anonymise_VF.xlsx ligne 12 ; Employe_Destination_Anonymise_VF.xlsx ligne 11 ; Mapping.xlsx › Mapping, lignes 24-40","Mapping.xlsx › Mapping, lignes 24-40",base ECART_JUSTIFIE=0.92 ; ×appariement 1.00 = 0.92,,,,,,ECART_JUSTIFIE
C-7070325-S12-D11-isPrimaryAssignment,7070325,Pre7070325 Nom7070325,COMPARAISON_CHAMP,isPrimaryAssignment,P · poste 81864 · emploi 6622 · début 2009-07-06,12,11,APPARIE,1.0,TypeAffectation,P,true,P,true,true,,DIFFERENT,R_ASSIGNMENT_TYPE,TypeAffectation P/A/S → indicateurs primaire/temporaire,REGLE_DETERMINISTE,MATCH,,DERIVE,ECART_JUSTIFIE,ECART_JUSTIFIE,0.92,AUCUNE,0,"Niveau 1 : TypeAffectation='P' ≠ isPrimaryAssignment='true'. Niveau 2 : écart expliqué par R_ASSIGNMENT_TYPE [Mapping.xlsx › Mapping, lignes 41-45] : Type aff = P → primaire=true, temporaire=false → attendu 'true'.",,,,Aucune action.,,False,,,"{""TypeAffectation"": ""P""}",,"Employe_Source_Anonymise_VF.xlsx ligne 12 ; Employe_Destination_Anonymise_VF.xlsx ligne 11 ; Mapping.xlsx › Mapping, lignes 41-45","Mapping.xlsx › Mapping, lignes 41-45",base ECART_JUSTIFIE=0.92 ; ×appariement 1.00 = 0.92,,,,,,ECART_JUSTIFIE
C-7070325-S12-D11-isTemporaryAssignment,7070325,Pre7070325 Nom7070325,COMPARAISON_CHAMP,isTemporaryAssignment,P · poste 81864 · emploi 6622 · début 2009-07-06,12,11,APPARIE,1.0,TypeAffectation,P,false,P,false,false,,DIFFERENT,R_ASSIGNMENT_TYPE,TypeAffectation P/A/S → indicateurs primaire/temporaire,REGLE_DETERMINISTE,MATCH,,DERIVE,ECART_JUSTIFIE,ECART_JUSTIFIE,0.92,AUCUNE,0,"Niveau 1 : TypeAffectation='P' ≠ isTemporaryAssignment='false'. Niveau 2 : écart expliqué par R_ASSIGNMENT_TYPE [Mapping.xlsx › Mapping, lignes 41-45] : Type aff = P → primaire=true, temporaire=false → attendu 'false'.",,,,Aucune action.,,False,,,"{""TypeAffectation"": ""P""}",,"Employe_Source_Anonymise_VF.xlsx ligne 12 ; Employe_Destination_Anonymise_VF.xlsx ligne 11 ; Mapping.xlsx › Mapping, lignes 41-45","Mapping.xlsx › Mapping, lignes 41-45",base ECART_JUSTIFIE=0.92 ; ×appariement 1.00 = 0.92,,,,,,ECART_JUSTIFIE
C-7070325-S12-D11-assignmentStartDate,7070325,Pre7070325 Nom7070325,COMPARAISON_CHAMP,assignmentStartDate,P · poste 81864 · emploi 6622 · début 2009-07-06,12,11,APPARIE,1.0,DateEntréePoste,2009-07-06,2009-07-06,2009-07-06,2009-07-06,2009-07-06,,IDENTIQUE,R_ASSIGNMENT_START,Date d'effet : DateEntréePoste vs date d'effet de l'unité adm. (détail du poste),REGLE_DETERMINISTE,MATCH,,DERIVE,CONFORME,CONFORME,0.99,AUCUNE,0,"Niveau 1 : valeurs identiques (DateEntréePoste='2009-07-06', assignmentStartDate='2009-07-06') ; Niveau 2 : R_ASSIGNMENT_START [Mapping.xlsx › Mapping, lignes 46-48] confirme la valeur attendue '2009-07-06' (MAX(DateEntréePoste 2009-07-06, date d'effet du détail du poste courant 1983-04-24) = 2009-07-06 → date d'effet du poste (source) [enregistrement courant (ligne 58) différent du précédent (ligne 57) sur : CodePosteSecondaire, MatriculeGestionnaire]).",,,,Aucune action.,,False,,,"{""DateEntréePoste"": ""2009-07-06"", ""CodePoste"": ""81864"", ""CodeDirection"": ""348""}","{""date_effet_detail_courant"": ""1983-04-24"", ""ligne_detail_courant"": 58, ""methode_detail_poste"": ""enregistrement courant (ligne 58) différent du précédent (ligne 57) sur : CodePosteSecondaire, MatriculeGestionnaire"", ""historique"": ""1980-10-09 (unité 348) → 1982-10-05 (unité 348) → 1983-04-24 (unité 348)"", ""EFFDT_min"": ""1980-10-09"", ""EFFDT_max"": ""1983-04-24"", ""lignes_detail_poste"": [56, 57, 58], ""valeur_lecture_litterale_MIN"": ""1983-04-24""}","Employe_Source_Anonymise_VF.xlsx ligne 12 ; Employe_Destination_Anonymise_VF.xlsx ligne 11 ; Mapping.xlsx › Mapping, lignes 46-48 ; détail_du_poste.xlsx lignes 56-58","Mapping.xlsx › Mapping, lignes 46-48",base CONFORME=0.99 ; ×appariement 1.00 = 0.99,,,,,,CONFORME
C-7070325-S12-D11-payGradeId,7070325,Pre7070325 Nom7070325,COMPARAISON_CHAMP,payGradeId,P · poste 81864 · emploi 6622 · début 2009-07-06,12,11,APPARIE,1.0,ÉchelleSalariale,260,260,260,260,260,,IDENTIQUE,R_DIRECT,Copie directe (mapping N/A),COMPARAISON_BRUTE,MATCH,,CERTAIN,CONFORME,CONFORME,0.99,AUCUNE,0,"Niveau 1 : valeurs identiques (ÉchelleSalariale='260', payGradeId='260').",,,,Aucune action.,,False,,,"{""ÉchelleSalariale"": ""260""}",,"Employe_Source_Anonymise_VF.xlsx ligne 12 ; Employe_Destination_Anonymise_VF.xlsx ligne 11 ; Mapping.xlsx › Mapping, ligne 49","Mapping.xlsx › Mapping, ligne 49",base CONFORME=0.99 ; ×appariement 1.00 = 0.99,,,,,,CONFORME
C-7070325-S12-D11-weeklyHoursOverride,7070325,Pre7070325 Nom7070325,COMPARAISON_CHAMP,weeklyHoursOverride,P · poste 81864 · emploi 6622 · début 2009-07-06,12,11,APPARIE,1.0,HeuresNormeHebdo,40,40,40,40,40,,IDENTIQUE,R_DIRECT,Copie directe (mapping N/A),COMPARAISON_BRUTE,MATCH,,CERTAIN,CONFORME,CONFORME,0.99,AUCUNE,0,"Niveau 1 : valeurs identiques (HeuresNormeHebdo='40', weeklyHoursOverride='40').",,,,Aucune action.,,False,,,"{""HeuresNormeHebdo"": ""40""}","{""heures_semaine_poste"": 40, ""CodeQuart"": ""23""}","Employe_Source_Anonymise_VF.xlsx ligne 12 ; Employe_Destination_Anonymise_VF.xlsx ligne 11 ; Mapping.xlsx › Mapping, ligne 51 ; détail_du_poste.xlsx (contexte) lignes 58","Mapping.xlsx › Mapping, ligne 51",base CONFORME=0.99 ; ×appariement 1.00 = 0.99,,,,,,CONFORME
C-7070325-S12-D11-dailyHoursOverride,7070325,Pre7070325 Nom7070325,COMPARAISON_CHAMP,dailyHoursOverride,P · poste 81864 · emploi 6622 · début 2009-07-06,12,11,APPARIE,1.0,HeuresNormeQuotidienne,8,8,8,8,8,,IDENTIQUE,R_DIRECT,Copie directe (mapping N/A),COMPARAISON_BRUTE,MATCH,,CERTAIN,CONFORME,CONFORME,0.99,AUCUNE,0,"Niveau 1 : valeurs identiques (HeuresNormeQuotidienne='8', dailyHoursOverride='8').",,,,Aucune action.,,False,,,"{""HeuresNormeQuotidienne"": ""8""}","{""heures_jour_poste"": 8, ""CodeQuart"": ""23""}","Employe_Source_Anonymise_VF.xlsx ligne 12 ; Employe_Destination_Anonymise_VF.xlsx ligne 11 ; Mapping.xlsx › Mapping, ligne 52 ; détail_du_poste.xlsx (contexte) lignes 58","Mapping.xlsx › Mapping, ligne 52",base CONFORME=0.99 ; ×appariement 1.00 = 0.99,,,,,,CONFORME
C-7070325-S12-D11-assignmentEndDate,7070325,Pre7070325 Nom7070325,COMPARAISON_CHAMP,assignmentEndDate,P · poste 81864 · emploi 6622 · début 2009-07-06,12,11,APPARIE,1.0,DateSortiePoste,,,,,,,VIDE_DES_DEUX_COTES,R_ASSIGNMENT_END,"Date de fin : MIN(DateSortiePoste, fin de l'unité adm. courante)",REGLE_DETERMINISTE,MATCH,,DERIVE,CONFORME,CONFORME,0.95,AUCUNE,0,Niveau 1 : valeur vide des deux côtés (DateSortiePoste / assignmentEndDate).,,,,Aucune action.,,False,,,"{""DateSortiePoste"": """", ""CodePoste"": ""81864""}","{""fin_unite_adm"": """", ""methode_unite_adm"": ""aucun changement d'unité dans l'historique → MIN(EFFDT)""}","Employe_Source_Anonymise_VF.xlsx ligne 12 ; Employe_Destination_Anonymise_VF.xlsx ligne 11 ; Mapping.xlsx › Mapping, lignes 53-55 ; détail_du_poste.xlsx lignes 56-58","Mapping.xlsx › Mapping, lignes 53-55",base CONFORME=0.95 ; ×appariement 1.00 = 0.95,,,,,,CONFORME
C-7070325-S12-D11-termEndDate,7070325,Pre7070325 Nom7070325,COMPARAISON_CHAMP,termEndDate,P · poste 81864 · emploi 6622 · début 2009-07-06,12,11,APPARIE,1.0,DateSortiePoste,,,,,,,VIDE_DES_DEUX_COTES,R_ASSIGNMENT_END,"Date de fin : MIN(DateSortiePoste, fin de l'unité adm. courante)",REGLE_DETERMINISTE,MATCH,,DERIVE,CONFORME,CONFORME,0.95,AUCUNE,0,Niveau 1 : valeur vide des deux côtés (DateSortiePoste / termEndDate).,,,,Aucune action.,,False,,,"{""DateSortiePoste"": """", ""CodePoste"": ""81864""}","{""fin_unite_adm"": """", ""methode_unite_adm"": ""aucun changement d'unité dans l'historique → MIN(EFFDT)""}","Employe_Source_Anonymise_VF.xlsx ligne 12 ; Employe_Destination_Anonymise_VF.xlsx ligne 11 ; Mapping.xlsx › Mapping, lignes 56-58 ; détail_du_poste.xlsx lignes 56-58","Mapping.xlsx › Mapping, lignes 56-58",base CONFORME=0.95 ; ×appariement 1.00 = 0.95,,,,,,CONFORME
C-7254364-S19-D18-givenName,7254364,Pre7254364 Nom7254364,COMPARAISON_CHAMP,givenName,P · poste 14553 · emploi 6754 · début 2025-10-20,19,18,APPARIE,1.0,PrénomUsuel,Pre7254364,Pre7254364,pre7254364,pre7254364,Pre7254364,,IDENTIQUE,R_DIRECT,Copie directe (mapping N/A),COMPARAISON_BRUTE,MATCH,,CERTAIN,CONFORME,CONFORME,0.99,AUCUNE,0,"Niveau 1 : valeurs identiques (PrénomUsuel='Pre7254364', givenName='Pre7254364').",,,,Aucune action.,,False,,,"{""PrénomUsuel"": ""Pre7254364""}",,"Employe_Source_Anonymise_VF.xlsx ligne 19 ; Employe_Destination_Anonymise_VF.xlsx ligne 18 ; Mapping.xlsx › Mapping, ligne 2","Mapping.xlsx › Mapping, ligne 2",base CONFORME=0.99 ; ×appariement 1.00 = 0.99,,,,,,CONFORME
C-7254364-S19-D18-surname,7254364,Pre7254364 Nom7254364,COMPARAISON_CHAMP,surname,P · poste 14553 · emploi 6754 · début 2025-10-20,19,18,APPARIE,1.0,NomFamille,Nom7254364,Nom7254364,nom7254364,nom7254364,Nom7254364,,IDENTIQUE,R_DIRECT,Copie directe (mapping N/A),COMPARAISON_BRUTE,MATCH,,CERTAIN,CONFORME,CONFORME,0.99,AUCUNE,0,"Niveau 1 : valeurs identiques (NomFamille='Nom7254364', surname='Nom7254364').",,,,Aucune action.,,False,,,"{""NomFamille"": ""Nom7254364""}",,"Employe_Source_Anonymise_VF.xlsx ligne 19 ; Employe_Destination_Anonymise_VF.xlsx ligne 18 ; Mapping.xlsx › Mapping, ligne 3","Mapping.xlsx › Mapping, ligne 3",base CONFORME=0.99 ; ×appariement 1.00 = 0.99,,,,,,CONFORME
C-7254364-S19-D18-onboardDate,7254364,Pre7254364 Nom7254364,COMPARAISON_CHAMP,onboardDate,P · poste 14553 · emploi 6754 · début 2025-10-20,19,18,APPARIE,1.0,DateEmbaucheRécente,2009-12-27,2009-12-27T00:00:00.000Z,2009-12-27,2009-12-27,2009-12-27,,IDENTIQUE_APRES_NORMALISATION,R_DIRECT,Copie directe (mapping N/A),COMPARAISON_BRUTE,MATCH,,CERTAIN,CONFORME,CONFORME,0.95,AUCUNE,0,Niveau 1 : différence de format uniquement ('2009-12-27' vs '2009-12-27T00:00:00.000Z' → '2009-12-27').,,,,Aucune action.,,False,,,"{""DateEmbaucheRécente"": ""2009-12-27""}",,"Employe_Source_Anonymise_VF.xlsx ligne 19 ; Employe_Destination_Anonymise_VF.xlsx ligne 18 ; Mapping.xlsx › Mapping, ligne 7","Mapping.xlsx › Mapping, ligne 7",base CONFORME=0.95 ; ×appariement 1.00 = 0.95,,,,,,CONFORME
C-7254364-S19-D18-siteName,7254364,Pre7254364 Nom7254364,COMPARAISON_CHAMP,siteName,P · poste 14553 · emploi 6754 · début 2025-10-20,19,18,APPARIE,1.0,LibelléSite,Emplacement48,Emplacement48,emplacement48,emplacement48,Emplacement48,,IDENTIQUE,R_DIRECT,Copie directe (mapping N/A),COMPARAISON_BRUTE,MATCH,,CERTAIN,CONFORME,CONFORME,0.99,AUCUNE,0,"Niveau 1 : valeurs identiques (LibelléSite='Emplacement48', siteName='Emplacement48').",,,,Aucune action.,,False,,,"{""LibelléSite"": ""Emplacement48""}",,"Employe_Source_Anonymise_VF.xlsx ligne 19 ; Employe_Destination_Anonymise_VF.xlsx ligne 18 ; Mapping.xlsx › Mapping, ligne 9","Mapping.xlsx › Mapping, ligne 9",base CONFORME=0.99 ; ×appariement 1.00 = 0.99,,,,,,CONFORME
C-7254364-S19-D18-siteCode,7254364,Pre7254364 Nom7254364,COMPARAISON_CHAMP,siteCode,P · poste 14553 · emploi 6754 · début 2025-10-20,19,18,APPARIE,1.0,CodeSite,48,48,48,48,48,,IDENTIQUE,R_DIRECT,Copie directe (mapping N/A),COMPARAISON_BRUTE,MATCH,,CERTAIN,CONFORME,CONFORME,0.99,AUCUNE,0,"Niveau 1 : valeurs identiques (CodeSite='48', siteCode='48').",,,,Aucune action.,,False,,,"{""CodeSite"": ""48""}",,"Employe_Source_Anonymise_VF.xlsx ligne 19 ; Employe_Destination_Anonymise_VF.xlsx ligne 18 ; Mapping.xlsx › Mapping, ligne 10","Mapping.xlsx › Mapping, ligne 10",base CONFORME=0.99 ; ×appariement 1.00 = 0.99,,,,,,CONFORME
C-7254364-S19-D18-divisionId,7254364,Pre7254364 Nom7254364,COMPARAISON_CHAMP,divisionId,P · poste 14553 · emploi 6754 · début 2025-10-20,19,18,APPARIE,1.0,CodeDirection,371,371,371,371,371,,IDENTIQUE,R_DIRECT,Copie directe (mapping N/A),COMPARAISON_BRUTE,MATCH,,CERTAIN,CONFORME,CONFORME,0.99,AUCUNE,0,"Niveau 1 : valeurs identiques (CodeDirection='371', divisionId='371').",,,,Aucune action.,,False,,,"{""CodeDirection"": ""371""}",,"Employe_Source_Anonymise_VF.xlsx ligne 19 ; Employe_Destination_Anonymise_VF.xlsx ligne 18 ; Mapping.xlsx › Mapping, ligne 11","Mapping.xlsx › Mapping, ligne 11",base CONFORME=0.99 ; ×appariement 1.00 = 0.99,,,,,,CONFORME
C-7254364-S19-D18-divisionName,7254364,Pre7254364 Nom7254364,COMPARAISON_CHAMP,divisionName,P · poste 14553 · emploi 6754 · début 2025-10-20,19,18,APPARIE,1.0,LibelléDirection,UnitAdmin00371,00371-UnitAdmin00371,unitadmin00371,00371-unitadmin00371,371-UnitAdmin00371,,DIFFERENT,R_CONCAT_DIVISION,Concaténation CodeDirection + '-' + LibelléDirection,REGLE_DETERMINISTE,MATCH,zéros non significatifs du code ignorés,DERIVE,ECART_JUSTIFIE,ECART_JUSTIFIE,0.92,AUCUNE,0,"Niveau 1 : LibelléDirection='UnitAdmin00371' ≠ divisionName='00371-UnitAdmin00371'. Niveau 2 : écart expliqué par R_CONCAT_DIVISION [Mapping.xlsx › Mapping, ligne 12] : CodeDirection + '-' + LibelléDirection → attendu '371-UnitAdmin00371' (zéros non significatifs du code ignorés).",,,,Aucune action.,,False,,,"{""CodeDirection"": ""371"", ""LibelléDirection"": ""UnitAdmin00371""}","{""code_destination"": ""00371"", ""libelle_destination"": ""UnitAdmin00371""}","Employe_Source_Anonymise_VF.xlsx ligne 19 ; Employe_Destination_Anonymise_VF.xlsx ligne 18 ; Mapping.xlsx › Mapping, ligne 12","Mapping.xlsx › Mapping, ligne 12",base ECART_JUSTIFIE=0.92 ; ×appariement 1.00 = 0.92,,,,,,ECART_JUSTIFIE
C-7254364-S19-D18-divisionCode,7254364,Pre7254364 Nom7254364,COMPARAISON_CHAMP,divisionCode,P · poste 14553 · emploi 6754 · début 2025-10-20,19,18,APPARIE,1.0,CodeImputation,2883,2883,2883,2883,2883,,IDENTIQUE,R_DIRECT,Copie directe (mapping N/A),COMPARAISON_BRUTE,MATCH,,CERTAIN,CONFORME,CONFORME,0.99,AUCUNE,0,"Niveau 1 : valeurs identiques (CodeImputation='2883', divisionCode='2883').",,,,Aucune action.,,False,,,"{""CodeImputation"": ""2883""}",,"Employe_Source_Anonymise_VF.xlsx ligne 19 ; Employe_Destination_Anonymise_VF.xlsx ligne 18 ; Mapping.xlsx › Mapping, ligne 13","Mapping.xlsx › Mapping, ligne 13",base CONFORME=0.99 ; ×appariement 1.00 = 0.99,,,,,,CONFORME
C-7254364-S19-D18-positionId,7254364,Pre7254364 Nom7254364,COMPARAISON_CHAMP,positionId,P · poste 14553 · emploi 6754 · début 2025-10-20,19,18,APPARIE,1.0,CodeEmploi,6754,6754,6754,6754,6754,,IDENTIQUE,R_DIRECT,Copie directe (mapping N/A),COMPARAISON_BRUTE,MATCH,,CERTAIN,CONFORME,CONFORME,0.99,AUCUNE,0,"Niveau 1 : valeurs identiques (CodeEmploi='6754', positionId='6754').",,,,Aucune action.,,False,,,"{""CodeEmploi"": ""6754""}",,"Employe_Source_Anonymise_VF.xlsx ligne 19 ; Employe_Destination_Anonymise_VF.xlsx ligne 18 ; Mapping.xlsx › Mapping, ligne 14","Mapping.xlsx › Mapping, ligne 14",base CONFORME=0.99 ; ×appariement 1.00 = 0.99,,,,,,CONFORME
C-7254364-S19-D18-positionCode,7254364,Pre7254364 Nom7254364,COMPARAISON_CHAMP,positionCode,P · poste 14553 · emploi 6754 · début 2025-10-20,19,18,APPARIE,1.0,CodeEmploi,6754,6754,6754,6754,6754,,IDENTIQUE,R_DIRECT,Copie directe (mapping N/A),COMPARAISON_BRUTE,MATCH,,CERTAIN,CONFORME,CONFORME,0.99,AUCUNE,0,"Niveau 1 : valeurs identiques (CodeEmploi='6754', positionCode='6754').",,,,Aucune action.,,False,,,"{""CodeEmploi"": ""6754""}",,"Employe_Source_Anonymise_VF.xlsx ligne 19 ; Employe_Destination_Anonymise_VF.xlsx ligne 18 ; Mapping.xlsx › Mapping, ligne 16","Mapping.xlsx › Mapping, ligne 16",base CONFORME=0.99 ; ×appariement 1.00 = 0.99,,,,,,CONFORME
C-7254364-S19-D18-statusReasonCode,7254364,Pre7254364 Nom7254364,COMPARAISON_CHAMP,statusReasonCode,P · poste 14553 · emploi 6754 · début 2025-10-20,19,18,APPARIE,1.0,"CodeStatutEmploi, CodeRaisonStatut, DateEffetRaison",651,,651,,,,DESTINATION_VIDE,R_SITUATION_EMPLOI,Table 'Règles situation d'emploi' + jointure motifs,REGLE_DETERMINISTE,MATCH,,DERIVE,ECART_JUSTIFIE,ECART_JUSTIFIE,0.92,AUCUNE,0,"Niveau 1 : CodeRaisonStatut='651' ≠ statusReasonCode='∅'. Niveau 2 : écart expliqué par R_SITUATION_EMPLOI [Mapping.xlsx › Mapping, lignes 17-21] : situation 'Actif' (codes d'accès [0, 1], ligne 2) → cf_CAD = null → attendu '∅'.",,,,Aucune action.,,False,,,"{""CodeSuspensionAccès"": ""1"", ""CodeStatutEmploi"": ""1"", ""CodeRaisonStatut"": ""651"", ""DateEffetRaison"": ""2023-02-22"", ""DateRetourAnticipée"": """"}","{""motif_trouve"": false}","Employe_Source_Anonymise_VF.xlsx ligne 19 ; Employe_Destination_Anonymise_VF.xlsx ligne 18 ; Mapping.xlsx › Mapping, lignes 17-21 ; Mapping.xlsx › Règles situation d'emploi","Mapping.xlsx › Mapping, lignes 17-21",base ECART_JUSTIFIE=0.92 ; ×appariement 1.00 = 0.92,,,,,,ECART_JUSTIFIE
C-7254364-S19-D18-expectedReturnDate,7254364,Pre7254364 Nom7254364,COMPARAISON_CHAMP,expectedReturnDate,P · poste 14553 · emploi 6754 · début 2025-10-20,19,18,APPARIE,1.0,DateRetourAnticipée,,,,,,,VIDE_DES_DEUX_COTES,R_SITUATION_EMPLOI,Table 'Règles situation d'emploi' + jointure motifs,REGLE_DETERMINISTE,MATCH,,DERIVE,CONFORME,CONFORME,0.95,AUCUNE,0,Niveau 1 : valeur vide des deux côtés (DateRetourAnticipée / expectedReturnDate).,,,,Aucune action.,,False,,,"{""CodeSuspensionAccès"": ""1"", ""CodeStatutEmploi"": ""1"", ""CodeRaisonStatut"": ""651"", ""DateEffetRaison"": ""2023-02-22"", ""DateRetourAnticipée"": """"}","{""motif_trouve"": false}","Employe_Source_Anonymise_VF.xlsx ligne 19 ; Employe_Destination_Anonymise_VF.xlsx ligne 18 ; Mapping.xlsx › Mapping, ligne 22 ; Mapping.xlsx › Règles situation d'emploi","Mapping.xlsx › Mapping, ligne 22",base CONFORME=0.95 ; ×appariement 1.00 = 0.95,,,,,,CONFORME
C-7254364-S19-D18-detailedStatus,7254364,Pre7254364 Nom7254364,COMPARAISON_CHAMP,detailedStatus,P · poste 14553 · emploi 6754 · début 2025-10-20,19,18,APPARIE,1.0,-,,Actif,,actif,Actif,,NON_COMPARABLE,R_SITUATION_EMPLOI,Table 'Règles situation d'emploi' + jointure motifs,REGLE_DETERMINISTE,MATCH,,DERIVE,CONFORME,CONFORME,0.95,AUCUNE,0,"Niveau 2 : R_SITUATION_EMPLOI [Mapping.xlsx › Mapping, ligne 23] dérive 'Actif' (situation 'Actif' (codes d'accès [0, 1], ligne 2)) ; identique à la destination.",,,,Aucune action.,,False,,,"{""CodeSuspensionAccès"": ""1"", ""CodeStatutEmploi"": ""1"", ""CodeRaisonStatut"": ""651"", ""DateEffetRaison"": ""2023-02-22"", ""DateRetourAnticipée"": """"}","{""motif_trouve"": false}","Employe_Source_Anonymise_VF.xlsx ligne 19 ; Employe_Destination_Anonymise_VF.xlsx ligne 18 ; Mapping.xlsx › Mapping, ligne 23 ; Mapping.xlsx › Règles situation d'emploi","Mapping.xlsx › Mapping, ligne 23",base CONFORME=0.95 ; ×appariement 1.00 = 0.95,,,,,,CONFORME
C-7254364-S19-D18-isPrimaryAssignment,7254364,Pre7254364 Nom7254364,COMPARAISON_CHAMP,isPrimaryAssignment,P · poste 14553 · emploi 6754 · début 2025-10-20,19,18,APPARIE,1.0,TypeAffectation,P,true,P,true,true,,DIFFERENT,R_ASSIGNMENT_TYPE,TypeAffectation P/A/S → indicateurs primaire/temporaire,REGLE_DETERMINISTE,MATCH,,DERIVE,ECART_JUSTIFIE,ECART_JUSTIFIE,0.92,AUCUNE,0,"Niveau 1 : TypeAffectation='P' ≠ isPrimaryAssignment='true'. Niveau 2 : écart expliqué par R_ASSIGNMENT_TYPE [Mapping.xlsx › Mapping, lignes 41-45] : Type aff = P → primaire=true, temporaire=false → attendu 'true'.",,,,Aucune action.,,False,,,"{""TypeAffectation"": ""P""}",,"Employe_Source_Anonymise_VF.xlsx ligne 19 ; Employe_Destination_Anonymise_VF.xlsx ligne 18 ; Mapping.xlsx › Mapping, lignes 41-45","Mapping.xlsx › Mapping, lignes 41-45",base ECART_JUSTIFIE=0.92 ; ×appariement 1.00 = 0.92,,,,,,ECART_JUSTIFIE
C-7254364-S19-D18-isTemporaryAssignment,7254364,Pre7254364 Nom7254364,COMPARAISON_CHAMP,isTemporaryAssignment,P · poste 14553 · emploi 6754 · début 2025-10-20,19,18,APPARIE,1.0,TypeAffectation,P,false,P,false,false,,DIFFERENT,R_ASSIGNMENT_TYPE,TypeAffectation P/A/S → indicateurs primaire/temporaire,REGLE_DETERMINISTE,MATCH,,DERIVE,ECART_JUSTIFIE,ECART_JUSTIFIE,0.92,AUCUNE,0,"Niveau 1 : TypeAffectation='P' ≠ isTemporaryAssignment='false'. Niveau 2 : écart expliqué par R_ASSIGNMENT_TYPE [Mapping.xlsx › Mapping, lignes 41-45] : Type aff = P → primaire=true, temporaire=false → attendu 'false'.",,,,Aucune action.,,False,,,"{""TypeAffectation"": ""P""}",,"Employe_Source_Anonymise_VF.xlsx ligne 19 ; Employe_Destination_Anonymise_VF.xlsx ligne 18 ; Mapping.xlsx › Mapping, lignes 41-45","Mapping.xlsx › Mapping, lignes 41-45",base ECART_JUSTIFIE=0.92 ; ×appariement 1.00 = 0.92,,,,,,ECART_JUSTIFIE
C-7254364-S19-D18-assignmentStartDate,7254364,Pre7254364 Nom7254364,COMPARAISON_CHAMP,assignmentStartDate,P · poste 14553 · emploi 6754 · début 2025-10-20,19,18,APPARIE,1.0,DateEntréePoste,2025-10-20,2025-10-20,2025-10-20,2025-10-20,2025-10-20,,IDENTIQUE,R_ASSIGNMENT_START,Date d'effet : DateEntréePoste vs date d'effet de l'unité adm. (détail du poste),REGLE_DETERMINISTE,MATCH,,DERIVE,CONFORME,CONFORME,0.99,AUCUNE,0,"Niveau 1 : valeurs identiques (DateEntréePoste='2025-10-20', assignmentStartDate='2025-10-20') ; Niveau 2 : R_ASSIGNMENT_START [Mapping.xlsx › Mapping, lignes 46-48] confirme la valeur attendue '2025-10-20' (MAX(DateEntréePoste 2025-10-20, date d'effet du détail du poste courant 1987-04-12) = 2025-10-20 → date d'effet du poste (source) [enregistrement courant (ligne 89) différent du précédent (ligne 88) sur : CodePosteSecondaire, MatriculeGestionnaire]).",,,,Aucune action.,,False,,,"{""DateEntréePoste"": ""2025-10-20"", ""CodePoste"": ""14553"", ""CodeDirection"": ""371""}","{""date_effet_detail_courant"": ""1987-04-12"", ""ligne_detail_courant"": 89, ""methode_detail_poste"": ""enregistrement courant (ligne 89) différent du précédent (ligne 88) sur : CodePosteSecondaire, MatriculeGestionnaire"", ""historique"": ""1981-06-17 (unité 371) → 1984-08-19 (unité 371) → 1986-01-05 (unité 371) → 1987-04-12 (unité 371)"", ""EFFDT_min"": ""1981-06-17"", ""EFFDT_max"": ""1987-04-12"", ""lignes_detail_poste"": [86, 87, 88, 89], ""valeur_lecture_litterale_MIN"": ""1987-04-12""}","Employe_Source_Anonymise_VF.xlsx ligne 19 ; Employe_Destination_Anonymise_VF.xlsx ligne 18 ; Mapping.xlsx › Mapping, lignes 46-48 ; détail_du_poste.xlsx lignes 86-89","Mapping.xlsx › Mapping, lignes 46-48",base CONFORME=0.99 ; ×appariement 1.00 = 0.99,,,,,,CONFORME
C-7254364-S19-D18-payGradeId,7254364,Pre7254364 Nom7254364,COMPARAISON_CHAMP,payGradeId,P · poste 14553 · emploi 6754 · début 2025-10-20,19,18,APPARIE,1.0,ÉchelleSalariale,293,293,293,293,293,,IDENTIQUE,R_DIRECT,Copie directe (mapping N/A),COMPARAISON_BRUTE,MATCH,,CERTAIN,CONFORME,CONFORME,0.99,AUCUNE,0,"Niveau 1 : valeurs identiques (ÉchelleSalariale='293', payGradeId='293').",,,,Aucune action.,,False,,,"{""ÉchelleSalariale"": ""293""}",,"Employe_Source_Anonymise_VF.xlsx ligne 19 ; Employe_Destination_Anonymise_VF.xlsx ligne 18 ; Mapping.xlsx › Mapping, ligne 49","Mapping.xlsx › Mapping, ligne 49",base CONFORME=0.99 ; ×appariement 1.00 = 0.99,,,,,,CONFORME
C-7254364-S19-D18-weeklyHoursOverride,7254364,Pre7254364 Nom7254364,COMPARAISON_CHAMP,weeklyHoursOverride,P · poste 14553 · emploi 6754 · début 2025-10-20,19,18,APPARIE,1.0,HeuresNormeHebdo,40,40,40,40,40,,IDENTIQUE,R_DIRECT,Copie directe (mapping N/A),COMPARAISON_BRUTE,MATCH,,CERTAIN,CONFORME,CONFORME,0.99,AUCUNE,0,"Niveau 1 : valeurs identiques (HeuresNormeHebdo='40', weeklyHoursOverride='40').",,,,Aucune action.,,False,,,"{""HeuresNormeHebdo"": ""40""}","{""heures_semaine_poste"": 40, ""CodeQuart"": ""23""}","Employe_Source_Anonymise_VF.xlsx ligne 19 ; Employe_Destination_Anonymise_VF.xlsx ligne 18 ; Mapping.xlsx › Mapping, ligne 51 ; détail_du_poste.xlsx (contexte) lignes 89","Mapping.xlsx › Mapping, ligne 51",base CONFORME=0.99 ; ×appariement 1.00 = 0.99,,,,,,CONFORME
C-7254364-S19-D18-dailyHoursOverride,7254364,Pre7254364 Nom7254364,COMPARAISON_CHAMP,dailyHoursOverride,P · poste 14553 · emploi 6754 · début 2025-10-20,19,18,APPARIE,1.0,HeuresNormeQuotidienne,8,8,8,8,8,,IDENTIQUE,R_DIRECT,Copie directe (mapping N/A),COMPARAISON_BRUTE,MATCH,,CERTAIN,CONFORME,CONFORME,0.99,AUCUNE,0,"Niveau 1 : valeurs identiques (HeuresNormeQuotidienne='8', dailyHoursOverride='8').",,,,Aucune action.,,False,,,"{""HeuresNormeQuotidienne"": ""8""}","{""heures_jour_poste"": 8, ""CodeQuart"": ""23""}","Employe_Source_Anonymise_VF.xlsx ligne 19 ; Employe_Destination_Anonymise_VF.xlsx ligne 18 ; Mapping.xlsx › Mapping, ligne 52 ; détail_du_poste.xlsx (contexte) lignes 89","Mapping.xlsx › Mapping, ligne 52",base CONFORME=0.99 ; ×appariement 1.00 = 0.99,,,,,,CONFORME
C-7254364-S19-D18-assignmentEndDate,7254364,Pre7254364 Nom7254364,COMPARAISON_CHAMP,assignmentEndDate,P · poste 14553 · emploi 6754 · début 2025-10-20,19,18,APPARIE,1.0,DateSortiePoste,,,,,,,VIDE_DES_DEUX_COTES,R_ASSIGNMENT_END,"Date de fin : MIN(DateSortiePoste, fin de l'unité adm. courante)",REGLE_DETERMINISTE,MATCH,,DERIVE,CONFORME,CONFORME,0.95,AUCUNE,0,Niveau 1 : valeur vide des deux côtés (DateSortiePoste / assignmentEndDate).,,,,Aucune action.,,False,,,"{""DateSortiePoste"": """", ""CodePoste"": ""14553""}","{""fin_unite_adm"": """", ""methode_unite_adm"": ""aucun changement d'unité dans l'historique → MIN(EFFDT)""}","Employe_Source_Anonymise_VF.xlsx ligne 19 ; Employe_Destination_Anonymise_VF.xlsx ligne 18 ; Mapping.xlsx › Mapping, lignes 53-55 ; détail_du_poste.xlsx lignes 86-89","Mapping.xlsx › Mapping, lignes 53-55",base CONFORME=0.95 ; ×appariement 1.00 = 0.95,,,,,,CONFORME
C-7254364-S19-D18-termEndDate,7254364,Pre7254364 Nom7254364,COMPARAISON_CHAMP,termEndDate,P · poste 14553 · emploi 6754 · début 2025-10-20,19,18,APPARIE,1.0,DateSortiePoste,,,,,,,VIDE_DES_DEUX_COTES,R_ASSIGNMENT_END,"Date de fin : MIN(DateSortiePoste, fin de l'unité adm. courante)",REGLE_DETERMINISTE,MATCH,,DERIVE,CONFORME,CONFORME,0.95,AUCUNE,0,Niveau 1 : valeur vide des deux côtés (DateSortiePoste / termEndDate).,,,,Aucune action.,,False,,,"{""DateSortiePoste"": """", ""CodePoste"": ""14553""}","{""fin_unite_adm"": """", ""methode_unite_adm"": ""aucun changement d'unité dans l'historique → MIN(EFFDT)""}","Employe_Source_Anonymise_VF.xlsx ligne 19 ; Employe_Destination_Anonymise_VF.xlsx ligne 18 ; Mapping.xlsx › Mapping, lignes 56-58 ; détail_du_poste.xlsx lignes 86-89","Mapping.xlsx › Mapping, lignes 56-58",base CONFORME=0.95 ; ×appariement 1.00 = 0.95,,,,,,CONFORME
C-7603160-S6-D5-givenName,7603160,Pre7603160 Nom7603160,COMPARAISON_CHAMP,givenName,P · poste 83560 · emploi 6203 · début 2009-03-30,6,5,APPARIE,1.0,PrénomUsuel,Pre7603160,Pre7603160,pre7603160,pre7603160,Pre7603160,,IDENTIQUE,R_DIRECT,Copie directe (mapping N/A),COMPARAISON_BRUTE,MATCH,,CERTAIN,CONFORME,CONFORME,0.99,AUCUNE,0,"Niveau 1 : valeurs identiques (PrénomUsuel='Pre7603160', givenName='Pre7603160').",,,,Aucune action.,,False,,,"{""PrénomUsuel"": ""Pre7603160""}",,"Employe_Source_Anonymise_VF.xlsx ligne 6 ; Employe_Destination_Anonymise_VF.xlsx ligne 5 ; Mapping.xlsx › Mapping, ligne 2","Mapping.xlsx › Mapping, ligne 2",base CONFORME=0.99 ; ×appariement 1.00 = 0.99,,,,,,CONFORME
C-7603160-S6-D5-surname,7603160,Pre7603160 Nom7603160,COMPARAISON_CHAMP,surname,P · poste 83560 · emploi 6203 · début 2009-03-30,6,5,APPARIE,1.0,NomFamille,Nom7603160,Nom7603160,nom7603160,nom7603160,Nom7603160,,IDENTIQUE,R_DIRECT,Copie directe (mapping N/A),COMPARAISON_BRUTE,MATCH,,CERTAIN,CONFORME,CONFORME,0.99,AUCUNE,0,"Niveau 1 : valeurs identiques (NomFamille='Nom7603160', surname='Nom7603160').",,,,Aucune action.,,False,,,"{""NomFamille"": ""Nom7603160""}",,"Employe_Source_Anonymise_VF.xlsx ligne 6 ; Employe_Destination_Anonymise_VF.xlsx ligne 5 ; Mapping.xlsx › Mapping, ligne 3","Mapping.xlsx › Mapping, ligne 3",base CONFORME=0.99 ; ×appariement 1.00 = 0.99,,,,,,CONFORME
C-7603160-S6-D5-onboardDate,7603160,Pre7603160 Nom7603160,COMPARAISON_CHAMP,onboardDate,P · poste 83560 · emploi 6203 · début 2009-03-30,6,5,APPARIE,1.0,DateEmbaucheRécente,2000-03-29,2000-03-29T00:00:00.000Z,2000-03-29,2000-03-29,2000-03-29,,IDENTIQUE_APRES_NORMALISATION,R_DIRECT,Copie directe (mapping N/A),COMPARAISON_BRUTE,MATCH,,CERTAIN,CONFORME,CONFORME,0.95,AUCUNE,0,Niveau 1 : différence de format uniquement ('2000-03-29' vs '2000-03-29T00:00:00.000Z' → '2000-03-29').,,,,Aucune action.,,False,,,"{""DateEmbaucheRécente"": ""2000-03-29""}",,"Employe_Source_Anonymise_VF.xlsx ligne 6 ; Employe_Destination_Anonymise_VF.xlsx ligne 5 ; Mapping.xlsx › Mapping, ligne 7","Mapping.xlsx › Mapping, ligne 7",base CONFORME=0.95 ; ×appariement 1.00 = 0.95,,,,,,CONFORME
C-7603160-S6-D5-siteName,7603160,Pre7603160 Nom7603160,COMPARAISON_CHAMP,siteName,P · poste 83560 · emploi 6203 · début 2009-03-30,6,5,APPARIE,1.0,LibelléSite,Emplacement48,Emplacement48,emplacement48,emplacement48,Emplacement48,,IDENTIQUE,R_DIRECT,Copie directe (mapping N/A),COMPARAISON_BRUTE,MATCH,,CERTAIN,CONFORME,CONFORME,0.99,AUCUNE,0,"Niveau 1 : valeurs identiques (LibelléSite='Emplacement48', siteName='Emplacement48').",,,,Aucune action.,,False,,,"{""LibelléSite"": ""Emplacement48""}",,"Employe_Source_Anonymise_VF.xlsx ligne 6 ; Employe_Destination_Anonymise_VF.xlsx ligne 5 ; Mapping.xlsx › Mapping, ligne 9","Mapping.xlsx › Mapping, ligne 9",base CONFORME=0.99 ; ×appariement 1.00 = 0.99,,,,,,CONFORME
C-7603160-S6-D5-siteCode,7603160,Pre7603160 Nom7603160,COMPARAISON_CHAMP,siteCode,P · poste 83560 · emploi 6203 · début 2009-03-30,6,5,APPARIE,1.0,CodeSite,48,48,48,48,48,,IDENTIQUE,R_DIRECT,Copie directe (mapping N/A),COMPARAISON_BRUTE,MATCH,,CERTAIN,CONFORME,CONFORME,0.99,AUCUNE,0,"Niveau 1 : valeurs identiques (CodeSite='48', siteCode='48').",,,,Aucune action.,,False,,,"{""CodeSite"": ""48""}",,"Employe_Source_Anonymise_VF.xlsx ligne 6 ; Employe_Destination_Anonymise_VF.xlsx ligne 5 ; Mapping.xlsx › Mapping, ligne 10","Mapping.xlsx › Mapping, ligne 10",base CONFORME=0.99 ; ×appariement 1.00 = 0.99,,,,,,CONFORME
C-7603160-S6-D5-divisionId,7603160,Pre7603160 Nom7603160,COMPARAISON_CHAMP,divisionId,P · poste 83560 · emploi 6203 · début 2009-03-30,6,5,APPARIE,1.0,CodeDirection,348,348,348,348,348,,IDENTIQUE,R_DIRECT,Copie directe (mapping N/A),COMPARAISON_BRUTE,MATCH,,CERTAIN,CONFORME,CONFORME,0.99,AUCUNE,0,"Niveau 1 : valeurs identiques (CodeDirection='348', divisionId='348').",,,,Aucune action.,,False,,,"{""CodeDirection"": ""348""}",,"Employe_Source_Anonymise_VF.xlsx ligne 6 ; Employe_Destination_Anonymise_VF.xlsx ligne 5 ; Mapping.xlsx › Mapping, ligne 11","Mapping.xlsx › Mapping, ligne 11",base CONFORME=0.99 ; ×appariement 1.00 = 0.99,,,,,,CONFORME
C-7603160-S6-D5-divisionName,7603160,Pre7603160 Nom7603160,COMPARAISON_CHAMP,divisionName,P · poste 83560 · emploi 6203 · début 2009-03-30,6,5,APPARIE,1.0,LibelléDirection,UnitAdmin00348,00348-UnitAdmin00348,unitadmin00348,00348-unitadmin00348,348-UnitAdmin00348,,DIFFERENT,R_CONCAT_DIVISION,Concaténation CodeDirection + '-' + LibelléDirection,REGLE_DETERMINISTE,MATCH,zéros non significatifs du code ignorés,DERIVE,ECART_JUSTIFIE,ECART_JUSTIFIE,0.92,AUCUNE,0,"Niveau 1 : LibelléDirection='UnitAdmin00348' ≠ divisionName='00348-UnitAdmin00348'. Niveau 2 : écart expliqué par R_CONCAT_DIVISION [Mapping.xlsx › Mapping, ligne 12] : CodeDirection + '-' + LibelléDirection → attendu '348-UnitAdmin00348' (zéros non significatifs du code ignorés).",,,,Aucune action.,,False,,,"{""CodeDirection"": ""348"", ""LibelléDirection"": ""UnitAdmin00348""}","{""code_destination"": ""00348"", ""libelle_destination"": ""UnitAdmin00348""}","Employe_Source_Anonymise_VF.xlsx ligne 6 ; Employe_Destination_Anonymise_VF.xlsx ligne 5 ; Mapping.xlsx › Mapping, ligne 12","Mapping.xlsx › Mapping, ligne 12",base ECART_JUSTIFIE=0.92 ; ×appariement 1.00 = 0.92,,,,,,ECART_JUSTIFIE
C-7603160-S6-D5-divisionCode,7603160,Pre7603160 Nom7603160,COMPARAISON_CHAMP,divisionCode,P · poste 83560 · emploi 6203 · début 2009-03-30,6,5,APPARIE,1.0,CodeImputation,2950,2950,2950,2950,2950,,IDENTIQUE,R_DIRECT,Copie directe (mapping N/A),COMPARAISON_BRUTE,MATCH,,CERTAIN,CONFORME,CONFORME,0.99,AUCUNE,0,"Niveau 1 : valeurs identiques (CodeImputation='2950', divisionCode='2950').",,,,Aucune action.,,False,,,"{""CodeImputation"": ""2950""}",,"Employe_Source_Anonymise_VF.xlsx ligne 6 ; Employe_Destination_Anonymise_VF.xlsx ligne 5 ; Mapping.xlsx › Mapping, ligne 13","Mapping.xlsx › Mapping, ligne 13",base CONFORME=0.99 ; ×appariement 1.00 = 0.99,,,,,,CONFORME
C-7603160-S6-D5-positionId,7603160,Pre7603160 Nom7603160,COMPARAISON_CHAMP,positionId,P · poste 83560 · emploi 6203 · début 2009-03-30,6,5,APPARIE,1.0,CodeEmploi,6203,6203,6203,6203,6203,,IDENTIQUE,R_DIRECT,Copie directe (mapping N/A),COMPARAISON_BRUTE,MATCH,,CERTAIN,CONFORME,CONFORME,0.99,AUCUNE,0,"Niveau 1 : valeurs identiques (CodeEmploi='6203', positionId='6203').",,,,Aucune action.,,False,,,"{""CodeEmploi"": ""6203""}",,"Employe_Source_Anonymise_VF.xlsx ligne 6 ; Employe_Destination_Anonymise_VF.xlsx ligne 5 ; Mapping.xlsx › Mapping, ligne 14","Mapping.xlsx › Mapping, ligne 14",base CONFORME=0.99 ; ×appariement 1.00 = 0.99,,,,,,CONFORME
C-7603160-S6-D5-positionCode,7603160,Pre7603160 Nom7603160,COMPARAISON_CHAMP,positionCode,P · poste 83560 · emploi 6203 · début 2009-03-30,6,5,APPARIE,1.0,CodeEmploi,6203,6203,6203,6203,6203,,IDENTIQUE,R_DIRECT,Copie directe (mapping N/A),COMPARAISON_BRUTE,MATCH,,CERTAIN,CONFORME,CONFORME,0.99,AUCUNE,0,"Niveau 1 : valeurs identiques (CodeEmploi='6203', positionCode='6203').",,,,Aucune action.,,False,,,"{""CodeEmploi"": ""6203""}",,"Employe_Source_Anonymise_VF.xlsx ligne 6 ; Employe_Destination_Anonymise_VF.xlsx ligne 5 ; Mapping.xlsx › Mapping, ligne 16","Mapping.xlsx › Mapping, ligne 16",base CONFORME=0.99 ; ×appariement 1.00 = 0.99,,,,,,CONFORME
C-7603160-S6-D5-statusReasonCode,7603160,Pre7603160 Nom7603160,COMPARAISON_CHAMP,statusReasonCode,P · poste 83560 · emploi 6203 · début 2009-03-30,6,5,APPARIE,1.0,"CodeStatutEmploi, CodeRaisonStatut, DateEffetRaison",807,170,807,170,170,,DIFFERENT,R_SITUATION_EMPLOI,Table 'Règles situation d'emploi' + jointure motifs,REGLE_DETERMINISTE,MATCH,,DERIVE,ECART_JUSTIFIE,ECART_JUSTIFIE,0.92,AUCUNE,0,"Niveau 1 : CodeRaisonStatut='807' ≠ statusReasonCode='170'. Niveau 2 : écart expliqué par R_SITUATION_EMPLOI [Mapping.xlsx › Mapping, lignes 17-21] : situation 'Absence complète' (codes d'accès [2, 3, 6, 7], ligne 3) → code Remphor du motif 807 = 170 → attendu '170'.",,,,Aucune action.,,False,,,"{""CodeSuspensionAccès"": ""2"", ""CodeStatutEmploi"": ""2"", ""CodeRaisonStatut"": ""807"", ""DateEffetRaison"": ""2014-10-04"", ""DateRetourAnticipée"": ""2015-06-17""}","{""motif_trouve"": true, ""code_Remphor"": ""170"", ""acces_motif"": 2, ""ligne_motif"": 33}","Employe_Source_Anonymise_VF.xlsx ligne 6 ; Employe_Destination_Anonymise_VF.xlsx ligne 5 ; Mapping.xlsx › Mapping, lignes 17-21 ; Mapping.xlsx › Règles situation d'emploi ; Motif de la situation d'emploi.xlsx ligne 33","Mapping.xlsx › Mapping, lignes 17-21",base ECART_JUSTIFIE=0.92 ; ×appariement 1.00 = 0.92,,,,,,ECART_JUSTIFIE
C-7603160-S6-D5-expectedReturnDate,7603160,Pre7603160 Nom7603160,COMPARAISON_CHAMP,expectedReturnDate,P · poste 83560 · emploi 6203 · début 2009-03-30,6,5,APPARIE,1.0,DateRetourAnticipée,2015-06-17,2015-06-17,2015-06-17,2015-06-17,2015-06-17,,IDENTIQUE,R_SITUATION_EMPLOI,Table 'Règles situation d'emploi' + jointure motifs,REGLE_DETERMINISTE,MATCH,,DERIVE,CONFORME,CONFORME,0.99,AUCUNE,0,"Niveau 1 : valeurs identiques (DateRetourAnticipée='2015-06-17', expectedReturnDate='2015-06-17') ; Niveau 2 : R_SITUATION_EMPLOI [Mapping.xlsx › Mapping, ligne 22] confirme la valeur attendue '2015-06-17' (situation 'Absence complète' (codes d'accès [2, 3, 6, 7], ligne 3) → cf_CADP = DateRetourAnticipée).",,,,Aucune action.,,False,,,"{""CodeSuspensionAccès"": ""2"", ""CodeStatutEmploi"": ""2"", ""CodeRaisonStatut"": ""807"", ""DateEffetRaison"": ""2014-10-04"", ""DateRetourAnticipée"": ""2015-06-17""}","{""motif_trouve"": true, ""code_Remphor"": ""170"", ""acces_motif"": 2, ""ligne_motif"": 33}","Employe_Source_Anonymise_VF.xlsx ligne 6 ; Employe_Destination_Anonymise_VF.xlsx ligne 5 ; Mapping.xlsx › Mapping, ligne 22 ; Mapping.xlsx › Règles situation d'emploi ; Motif de la situation d'emploi.xlsx ligne 33","Mapping.xlsx › Mapping, ligne 22",base CONFORME=0.99 ; ×appariement 1.00 = 0.99,,,,,,CONFORME
C-7603160-S6-D5-detailedStatus,7603160,Pre7603160 Nom7603160,COMPARAISON_CHAMP,detailedStatus,P · poste 83560 · emploi 6203 · début 2009-03-30,6,5,APPARIE,1.0,-,,Absence complÃ¨te,,absence complète,Absence complète,,NON_COMPARABLE,R_SITUATION_EMPLOI,Table 'Règles situation d'emploi' + jointure motifs,REGLE_DETERMINISTE,MATCH,encodage corrompu dans la destination ('Absence complÃ¨te' = 'Absence complète'),DERIVE,ECART_JUSTIFIE,ECART_JUSTIFIE,0.92,AUCUNE,0,Niveau 1 : valeur conforme après normalisation de l'encodage ('Absence complÃ¨te') ; attendu 'Absence complète' (R_SITUATION_EMPLOI) (encodage corrompu dans la destination ('Absence complÃ¨te' = 'Absence complète')). Qualité de donnée à signaler au système B.,,,,Aucune action.,P-QUAL-ENCODAGE_CORROMPU_DESTINATION,False,,ENCODAGE_CORROMPU_DESTINATION,"{""CodeSuspensionAccès"": ""2"", ""CodeStatutEmploi"": ""2"", ""CodeRaisonStatut"": ""807"", ""DateEffetRaison"": ""2014-10-04"", ""DateRetourAnticipée"": ""2015-06-17""}","{""motif_trouve"": true, ""code_Remphor"": ""170"", ""acces_motif"": 2, ""ligne_motif"": 33}","Employe_Source_Anonymise_VF.xlsx ligne 6 ; Employe_Destination_Anonymise_VF.xlsx ligne 5 ; Mapping.xlsx › Mapping, ligne 23 ; Mapping.xlsx › Règles situation d'emploi ; Motif de la situation d'emploi.xlsx ligne 33","Mapping.xlsx › Mapping, ligne 23",base ECART_JUSTIFIE=0.92 ; ×appariement 1.00 = 0.92,,,,,,ECART_JUSTIFIE
C-7603160-S6-D5-contractTypeCode,7603160,Pre7603160 Nom7603160,COMPARAISON_CHAMP,contractTypeCode,P · poste 83560 · emploi 6203 · début 2009-03-30,6,5,APPARIE,1.0,"CatégorieEmploi, EMPT_CD, EstPermanent, PERM_IND, EstTempsPlein, FT_IND",V,JWN,v,jwn,JWN,,DIFFERENT,R_CONTRACT_TYPE,Type d'employé : table SI PERM_IND / FT_IND / EMPTP_CD,REGLE_DETERMINISTE,MATCH,,DERIVE,ECART_JUSTIFIE,ECART_JUSTIFIE,0.92,AUCUNE,0,"Niveau 1 : CatégorieEmploi='V' ≠ contractTypeCode='JWN'. Niveau 2 : écart expliqué par R_CONTRACT_TYPE [Mapping.xlsx › Mapping, lignes 24-40] : ligne de règle appliquée : SI PERM_IND=1 et FT_IND=1 et EMPTP_CD=""V"" --> Mettre ""JWN"" → attendu 'JWN'.",,,,Aucune action.,,False,,,"{""CatégorieEmploi"": ""V"", ""EstPermanent"": ""Oui (1)"", ""EstTempsPlein"": ""Oui (1)""}",,"Employe_Source_Anonymise_VF.xlsx ligne 6 ; Employe_Destination_Anonymise_VF.xlsx ligne 5 ; Mapping.xlsx › Mapping, lignes 24-40","Mapping.xlsx › Mapping, lignes 24-40",base ECART_JUSTIFIE=0.92 ; ×appariement 1.00 = 0.92,,,,,,ECART_JUSTIFIE
C-7603160-S6-D5-isPrimaryAssignment,7603160,Pre7603160 Nom7603160,COMPARAISON_CHAMP,isPrimaryAssignment,P · poste 83560 · emploi 6203 · début 2009-03-30,6,5,APPARIE,1.0,TypeAffectation,P,true,P,true,true,,DIFFERENT,R_ASSIGNMENT_TYPE,TypeAffectation P/A/S → indicateurs primaire/temporaire,REGLE_DETERMINISTE,MATCH,,DERIVE,ECART_JUSTIFIE,ECART_JUSTIFIE,0.92,AUCUNE,0,"Niveau 1 : TypeAffectation='P' ≠ isPrimaryAssignment='true'. Niveau 2 : écart expliqué par R_ASSIGNMENT_TYPE [Mapping.xlsx › Mapping, lignes 41-45] : Type aff = P → primaire=true, temporaire=false → attendu 'true'.",,,,Aucune action.,,False,,,"{""TypeAffectation"": ""P""}",,"Employe_Source_Anonymise_VF.xlsx ligne 6 ; Employe_Destination_Anonymise_VF.xlsx ligne 5 ; Mapping.xlsx › Mapping, lignes 41-45","Mapping.xlsx › Mapping, lignes 41-45",base ECART_JUSTIFIE=0.92 ; ×appariement 1.00 = 0.92,,,,,,ECART_JUSTIFIE
C-7603160-S6-D5-isTemporaryAssignment,7603160,Pre7603160 Nom7603160,COMPARAISON_CHAMP,isTemporaryAssignment,P · poste 83560 · emploi 6203 · début 2009-03-30,6,5,APPARIE,1.0,TypeAffectation,P,false,P,false,false,,DIFFERENT,R_ASSIGNMENT_TYPE,TypeAffectation P/A/S → indicateurs primaire/temporaire,REGLE_DETERMINISTE,MATCH,,DERIVE,ECART_JUSTIFIE,ECART_JUSTIFIE,0.92,AUCUNE,0,"Niveau 1 : TypeAffectation='P' ≠ isTemporaryAssignment='false'. Niveau 2 : écart expliqué par R_ASSIGNMENT_TYPE [Mapping.xlsx › Mapping, lignes 41-45] : Type aff = P → primaire=true, temporaire=false → attendu 'false'.",,,,Aucune action.,,False,,,"{""TypeAffectation"": ""P""}",,"Employe_Source_Anonymise_VF.xlsx ligne 6 ; Employe_Destination_Anonymise_VF.xlsx ligne 5 ; Mapping.xlsx › Mapping, lignes 41-45","Mapping.xlsx › Mapping, lignes 41-45",base ECART_JUSTIFIE=0.92 ; ×appariement 1.00 = 0.92,,,,,,ECART_JUSTIFIE
C-7603160-S6-D5-assignmentStartDate,7603160,Pre7603160 Nom7603160,COMPARAISON_CHAMP,assignmentStartDate,P · poste 83560 · emploi 6203 · début 2009-03-30,6,5,APPARIE,1.0,DateEntréePoste,2009-03-30,2009-03-30,2009-03-30,2009-03-30,2009-03-30,,IDENTIQUE,R_ASSIGNMENT_START,Date d'effet : DateEntréePoste vs date d'effet de l'unité adm. (détail du poste),REGLE_DETERMINISTE,MATCH,,DERIVE,CONFORME,CONFORME,0.99,AUCUNE,0,"Niveau 1 : valeurs identiques (DateEntréePoste='2009-03-30', assignmentStartDate='2009-03-30') ; Niveau 2 : R_ASSIGNMENT_START [Mapping.xlsx › Mapping, lignes 46-48] confirme la valeur attendue '2009-03-30' (MAX(DateEntréePoste 2009-03-30, date d'effet du détail du poste courant 1985-09-08) = 2009-03-30 → date d'effet du poste (source) [enregistrement courant (ligne 24) différent du précédent (ligne 23) sur : CodePosteSecondaire, MatriculeGestionnaire]).",,,,Aucune action.,,False,,,"{""DateEntréePoste"": ""2009-03-30"", ""CodePoste"": ""83560"", ""CodeDirection"": ""348""}","{""date_effet_detail_courant"": ""1985-09-08"", ""ligne_detail_courant"": 24, ""methode_detail_poste"": ""enregistrement courant (ligne 24) différent du précédent (ligne 23) sur : CodePosteSecondaire, MatriculeGestionnaire"", ""historique"": ""1974-06-18 (unité 348) → 1976-02-17 (unité 348) → 1978-05-16 (unité 348) → 1981-09-03 (unité 348) → 1982-11-14 (unité 348) → 1985-09-08 (unité 348)"", ""EFFDT_min"": ""1971-05-19"", ""EFFDT_max"": ""1985-09-08"", ""lignes_detail_poste"": [17, 18, 19, 20, 21, 22, 23, 24], ""valeur_lecture_litterale_MIN"": ""1985-09-08""}","Employe_Source_Anonymise_VF.xlsx ligne 6 ; Employe_Destination_Anonymise_VF.xlsx ligne 5 ; Mapping.xlsx › Mapping, lignes 46-48 ; détail_du_poste.xlsx lignes 17-24","Mapping.xlsx › Mapping, lignes 46-48",base CONFORME=0.99 ; ×appariement 1.00 = 0.99,,,,,,CONFORME
C-7603160-S6-D5-payGradeId,7603160,Pre7603160 Nom7603160,COMPARAISON_CHAMP,payGradeId,P · poste 83560 · emploi 6203 · début 2009-03-30,6,5,APPARIE,1.0,ÉchelleSalariale,223,223,223,223,223,,IDENTIQUE,R_DIRECT,Copie directe (mapping N/A),COMPARAISON_BRUTE,MATCH,,CERTAIN,CONFORME,CONFORME,0.99,AUCUNE,0,"Niveau 1 : valeurs identiques (ÉchelleSalariale='223', payGradeId='223').",,,,Aucune action.,,False,,,"{""ÉchelleSalariale"": ""223""}",,"Employe_Source_Anonymise_VF.xlsx ligne 6 ; Employe_Destination_Anonymise_VF.xlsx ligne 5 ; Mapping.xlsx › Mapping, ligne 49","Mapping.xlsx › Mapping, ligne 49",base CONFORME=0.99 ; ×appariement 1.00 = 0.99,,,,,,CONFORME
C-7603160-S6-D5-weeklyHoursOverride,7603160,Pre7603160 Nom7603160,COMPARAISON_CHAMP,weeklyHoursOverride,P · poste 83560 · emploi 6203 · début 2009-03-30,6,5,APPARIE,1.0,HeuresNormeHebdo,40,40,40,40,40,,IDENTIQUE,R_DIRECT,Copie directe (mapping N/A),COMPARAISON_BRUTE,MATCH,,CERTAIN,CONFORME,CONFORME,0.99,AUCUNE,0,"Niveau 1 : valeurs identiques (HeuresNormeHebdo='40', weeklyHoursOverride='40').",,,,Aucune action.,,False,,,"{""HeuresNormeHebdo"": ""40""}","{""heures_semaine_poste"": 40, ""CodeQuart"": ""23""}","Employe_Source_Anonymise_VF.xlsx ligne 6 ; Employe_Destination_Anonymise_VF.xlsx ligne 5 ; Mapping.xlsx › Mapping, ligne 51 ; détail_du_poste.xlsx (contexte) lignes 24","Mapping.xlsx › Mapping, ligne 51",base CONFORME=0.99 ; ×appariement 1.00 = 0.99,,,,,,CONFORME
C-7603160-S6-D5-dailyHoursOverride,7603160,Pre7603160 Nom7603160,COMPARAISON_CHAMP,dailyHoursOverride,P · poste 83560 · emploi 6203 · début 2009-03-30,6,5,APPARIE,1.0,HeuresNormeQuotidienne,8,8,8,8,8,,IDENTIQUE,R_DIRECT,Copie directe (mapping N/A),COMPARAISON_BRUTE,MATCH,,CERTAIN,CONFORME,CONFORME,0.99,AUCUNE,0,"Niveau 1 : valeurs identiques (HeuresNormeQuotidienne='8', dailyHoursOverride='8').",,,,Aucune action.,,False,,,"{""HeuresNormeQuotidienne"": ""8""}","{""heures_jour_poste"": 8, ""CodeQuart"": ""23""}","Employe_Source_Anonymise_VF.xlsx ligne 6 ; Employe_Destination_Anonymise_VF.xlsx ligne 5 ; Mapping.xlsx › Mapping, ligne 52 ; détail_du_poste.xlsx (contexte) lignes 24","Mapping.xlsx › Mapping, ligne 52",base CONFORME=0.99 ; ×appariement 1.00 = 0.99,,,,,,CONFORME
C-7603160-S6-D5-assignmentEndDate,7603160,Pre7603160 Nom7603160,COMPARAISON_CHAMP,assignmentEndDate,P · poste 83560 · emploi 6203 · début 2009-03-30,6,5,APPARIE,1.0,DateSortiePoste,,,,,,,VIDE_DES_DEUX_COTES,R_ASSIGNMENT_END,"Date de fin : MIN(DateSortiePoste, fin de l'unité adm. courante)",REGLE_DETERMINISTE,MATCH,,DERIVE,CONFORME,CONFORME,0.95,AUCUNE,0,Niveau 1 : valeur vide des deux côtés (DateSortiePoste / assignmentEndDate).,,,,Aucune action.,,False,,,"{""DateSortiePoste"": """", ""CodePoste"": ""83560""}","{""fin_unite_adm"": """", ""methode_unite_adm"": ""aucun changement d'unité dans l'historique → MIN(EFFDT)""}","Employe_Source_Anonymise_VF.xlsx ligne 6 ; Employe_Destination_Anonymise_VF.xlsx ligne 5 ; Mapping.xlsx › Mapping, lignes 53-55 ; détail_du_poste.xlsx lignes 17-24","Mapping.xlsx › Mapping, lignes 53-55",base CONFORME=0.95 ; ×appariement 1.00 = 0.95,,,,,,CONFORME
C-7603160-S6-D5-termEndDate,7603160,Pre7603160 Nom7603160,COMPARAISON_CHAMP,termEndDate,P · poste 83560 · emploi 6203 · début 2009-03-30,6,5,APPARIE,1.0,DateSortiePoste,,,,,,,VIDE_DES_DEUX_COTES,R_ASSIGNMENT_END,"Date de fin : MIN(DateSortiePoste, fin de l'unité adm. courante)",REGLE_DETERMINISTE,MATCH,,DERIVE,CONFORME,CONFORME,0.95,AUCUNE,0,Niveau 1 : valeur vide des deux côtés (DateSortiePoste / termEndDate).,,,,Aucune action.,,False,,,"{""DateSortiePoste"": """", ""CodePoste"": ""83560""}","{""fin_unite_adm"": """", ""methode_unite_adm"": ""aucun changement d'unité dans l'historique → MIN(EFFDT)""}","Employe_Source_Anonymise_VF.xlsx ligne 6 ; Employe_Destination_Anonymise_VF.xlsx ligne 5 ; Mapping.xlsx › Mapping, lignes 56-58 ; détail_du_poste.xlsx lignes 17-24","Mapping.xlsx › Mapping, lignes 56-58",base CONFORME=0.95 ; ×appariement 1.00 = 0.95,,,,,,CONFORME
C-7683990-S22-D22-givenName,7683990,Pre7683990 Nom7683990,COMPARAISON_CHAMP,givenName,P · poste 15514 · emploi 6725 · début 2015-03-23,22,22,APPARIE,1.0,PrénomUsuel,Pre7683990,Pre7683990,pre7683990,pre7683990,Pre7683990,,IDENTIQUE,R_DIRECT,Copie directe (mapping N/A),COMPARAISON_BRUTE,MATCH,,CERTAIN,CONFORME,CONFORME,0.99,AUCUNE,0,"Niveau 1 : valeurs identiques (PrénomUsuel='Pre7683990', givenName='Pre7683990').",,,,Aucune action.,,False,,,"{""PrénomUsuel"": ""Pre7683990""}",,"Employe_Source_Anonymise_VF.xlsx ligne 22 ; Employe_Destination_Anonymise_VF.xlsx ligne 22 ; Mapping.xlsx › Mapping, ligne 2","Mapping.xlsx › Mapping, ligne 2",base CONFORME=0.99 ; ×appariement 1.00 = 0.99,,,,,,CONFORME
C-7683990-S22-D22-surname,7683990,Pre7683990 Nom7683990,COMPARAISON_CHAMP,surname,P · poste 15514 · emploi 6725 · début 2015-03-23,22,22,APPARIE,1.0,NomFamille,Nom7683990,Nom7683990,nom7683990,nom7683990,Nom7683990,,IDENTIQUE,R_DIRECT,Copie directe (mapping N/A),COMPARAISON_BRUTE,MATCH,,CERTAIN,CONFORME,CONFORME,0.99,AUCUNE,0,"Niveau 1 : valeurs identiques (NomFamille='Nom7683990', surname='Nom7683990').",,,,Aucune action.,,False,,,"{""NomFamille"": ""Nom7683990""}",,"Employe_Source_Anonymise_VF.xlsx ligne 22 ; Employe_Destination_Anonymise_VF.xlsx ligne 22 ; Mapping.xlsx › Mapping, ligne 3","Mapping.xlsx › Mapping, ligne 3",base CONFORME=0.99 ; ×appariement 1.00 = 0.99,,,,,,CONFORME
C-7683990-S22-D22-onboardDate,7683990,Pre7683990 Nom7683990,COMPARAISON_CHAMP,onboardDate,P · poste 15514 · emploi 6725 · début 2015-03-23,22,22,APPARIE,1.0,DateEmbaucheRécente,1990-01-07,1990-01-07T00:00:00.000Z,1990-01-07,1990-01-07,1990-01-07,,IDENTIQUE_APRES_NORMALISATION,R_DIRECT,Copie directe (mapping N/A),COMPARAISON_BRUTE,MATCH,,CERTAIN,CONFORME,CONFORME,0.95,AUCUNE,0,Niveau 1 : différence de format uniquement ('1990-01-07' vs '1990-01-07T00:00:00.000Z' → '1990-01-07').,,,,Aucune action.,,False,,,"{""DateEmbaucheRécente"": ""1990-01-07""}",,"Employe_Source_Anonymise_VF.xlsx ligne 22 ; Employe_Destination_Anonymise_VF.xlsx ligne 22 ; Mapping.xlsx › Mapping, ligne 7","Mapping.xlsx › Mapping, ligne 7",base CONFORME=0.95 ; ×appariement 1.00 = 0.95,,,,,,CONFORME
C-7683990-S22-D22-siteName,7683990,Pre7683990 Nom7683990,COMPARAISON_CHAMP,siteName,P · poste 15514 · emploi 6725 · début 2015-03-23,22,22,APPARIE,1.0,LibelléSite,Emplacement48,Emplacement48,emplacement48,emplacement48,Emplacement48,,IDENTIQUE,R_DIRECT,Copie directe (mapping N/A),COMPARAISON_BRUTE,MATCH,,CERTAIN,CONFORME,CONFORME,0.99,AUCUNE,0,"Niveau 1 : valeurs identiques (LibelléSite='Emplacement48', siteName='Emplacement48').",,,,Aucune action.,,False,,,"{""LibelléSite"": ""Emplacement48""}",,"Employe_Source_Anonymise_VF.xlsx ligne 22 ; Employe_Destination_Anonymise_VF.xlsx ligne 22 ; Mapping.xlsx › Mapping, ligne 9","Mapping.xlsx › Mapping, ligne 9",base CONFORME=0.99 ; ×appariement 1.00 = 0.99,,,,,,CONFORME
C-7683990-S22-D22-siteCode,7683990,Pre7683990 Nom7683990,COMPARAISON_CHAMP,siteCode,P · poste 15514 · emploi 6725 · début 2015-03-23,22,22,APPARIE,1.0,CodeSite,48,48,48,48,48,,IDENTIQUE,R_DIRECT,Copie directe (mapping N/A),COMPARAISON_BRUTE,MATCH,,CERTAIN,CONFORME,CONFORME,0.99,AUCUNE,0,"Niveau 1 : valeurs identiques (CodeSite='48', siteCode='48').",,,,Aucune action.,,False,,,"{""CodeSite"": ""48""}",,"Employe_Source_Anonymise_VF.xlsx ligne 22 ; Employe_Destination_Anonymise_VF.xlsx ligne 22 ; Mapping.xlsx › Mapping, ligne 10","Mapping.xlsx › Mapping, ligne 10",base CONFORME=0.99 ; ×appariement 1.00 = 0.99,,,,,,CONFORME
C-7683990-S22-D22-divisionId,7683990,Pre7683990 Nom7683990,COMPARAISON_CHAMP,divisionId,P · poste 15514 · emploi 6725 · début 2015-03-23,22,22,APPARIE,1.0,CodeDirection,371,371,371,371,371,,IDENTIQUE,R_DIRECT,Copie directe (mapping N/A),COMPARAISON_BRUTE,MATCH,,CERTAIN,CONFORME,CONFORME,0.99,AUCUNE,0,"Niveau 1 : valeurs identiques (CodeDirection='371', divisionId='371').",,,,Aucune action.,,False,,,"{""CodeDirection"": ""371""}",,"Employe_Source_Anonymise_VF.xlsx ligne 22 ; Employe_Destination_Anonymise_VF.xlsx ligne 22 ; Mapping.xlsx › Mapping, ligne 11","Mapping.xlsx › Mapping, ligne 11",base CONFORME=0.99 ; ×appariement 1.00 = 0.99,,,,,,CONFORME
C-7683990-S22-D22-divisionName,7683990,Pre7683990 Nom7683990,COMPARAISON_CHAMP,divisionName,P · poste 15514 · emploi 6725 · début 2015-03-23,22,22,APPARIE,1.0,LibelléDirection,UnitAdmin00371,00371-UnitAdmin00371,unitadmin00371,00371-unitadmin00371,371-UnitAdmin00371,,DIFFERENT,R_CONCAT_DIVISION,Concaténation CodeDirection + '-' + LibelléDirection,REGLE_DETERMINISTE,MATCH,zéros non significatifs du code ignorés,DERIVE,ECART_JUSTIFIE,ECART_JUSTIFIE,0.92,AUCUNE,0,"Niveau 1 : LibelléDirection='UnitAdmin00371' ≠ divisionName='00371-UnitAdmin00371'. Niveau 2 : écart expliqué par R_CONCAT_DIVISION [Mapping.xlsx › Mapping, ligne 12] : CodeDirection + '-' + LibelléDirection → attendu '371-UnitAdmin00371' (zéros non significatifs du code ignorés).",,,,Aucune action.,,False,,,"{""CodeDirection"": ""371"", ""LibelléDirection"": ""UnitAdmin00371""}","{""code_destination"": ""00371"", ""libelle_destination"": ""UnitAdmin00371""}","Employe_Source_Anonymise_VF.xlsx ligne 22 ; Employe_Destination_Anonymise_VF.xlsx ligne 22 ; Mapping.xlsx › Mapping, ligne 12","Mapping.xlsx › Mapping, ligne 12",base ECART_JUSTIFIE=0.92 ; ×appariement 1.00 = 0.92,,,,,,ECART_JUSTIFIE
C-7683990-S22-D22-divisionCode,7683990,Pre7683990 Nom7683990,COMPARAISON_CHAMP,divisionCode,P · poste 15514 · emploi 6725 · début 2015-03-23,22,22,APPARIE,1.0,CodeImputation,2883,2883,2883,2883,2883,,IDENTIQUE,R_DIRECT,Copie directe (mapping N/A),COMPARAISON_BRUTE,MATCH,,CERTAIN,CONFORME,CONFORME,0.99,AUCUNE,0,"Niveau 1 : valeurs identiques (CodeImputation='2883', divisionCode='2883').",,,,Aucune action.,,False,,,"{""CodeImputation"": ""2883""}",,"Employe_Source_Anonymise_VF.xlsx ligne 22 ; Employe_Destination_Anonymise_VF.xlsx ligne 22 ; Mapping.xlsx › Mapping, ligne 13","Mapping.xlsx › Mapping, ligne 13",base CONFORME=0.99 ; ×appariement 1.00 = 0.99,,,,,,CONFORME
C-7683990-S22-D22-positionId,7683990,Pre7683990 Nom7683990,COMPARAISON_CHAMP,positionId,P · poste 15514 · emploi 6725 · début 2015-03-23,22,22,APPARIE,1.0,CodeEmploi,6725,6725,6725,6725,6725,,IDENTIQUE,R_DIRECT,Copie directe (mapping N/A),COMPARAISON_BRUTE,MATCH,,CERTAIN,CONFORME,CONFORME,0.99,AUCUNE,0,"Niveau 1 : valeurs identiques (CodeEmploi='6725', positionId='6725').",,,,Aucune action.,,False,,,"{""CodeEmploi"": ""6725""}",,"Employe_Source_Anonymise_VF.xlsx ligne 22 ; Employe_Destination_Anonymise_VF.xlsx ligne 22 ; Mapping.xlsx › Mapping, ligne 14","Mapping.xlsx › Mapping, ligne 14",base CONFORME=0.99 ; ×appariement 1.00 = 0.99,,,,,,CONFORME
C-7683990-S22-D22-positionCode,7683990,Pre7683990 Nom7683990,COMPARAISON_CHAMP,positionCode,P · poste 15514 · emploi 6725 · début 2015-03-23,22,22,APPARIE,1.0,CodeEmploi,6725,6725,6725,6725,6725,,IDENTIQUE,R_DIRECT,Copie directe (mapping N/A),COMPARAISON_BRUTE,MATCH,,CERTAIN,CONFORME,CONFORME,0.99,AUCUNE,0,"Niveau 1 : valeurs identiques (CodeEmploi='6725', positionCode='6725').",,,,Aucune action.,,False,,,"{""CodeEmploi"": ""6725""}",,"Employe_Source_Anonymise_VF.xlsx ligne 22 ; Employe_Destination_Anonymise_VF.xlsx ligne 22 ; Mapping.xlsx › Mapping, ligne 16","Mapping.xlsx › Mapping, ligne 16",base CONFORME=0.99 ; ×appariement 1.00 = 0.99,,,,,,CONFORME
C-7683990-S22-D22-statusReasonCode,7683990,Pre7683990 Nom7683990,COMPARAISON_CHAMP,statusReasonCode,P · poste 15514 · emploi 6725 · début 2015-03-23,22,22,APPARIE,1.0,"CodeStatutEmploi, CodeRaisonStatut, DateEffetRaison",703,,703,,,,DESTINATION_VIDE,R_SITUATION_EMPLOI,Table 'Règles situation d'emploi' + jointure motifs,REGLE_DETERMINISTE,MATCH,,DERIVE,ECART_JUSTIFIE,ECART_JUSTIFIE,0.92,AUCUNE,0,"Niveau 1 : CodeRaisonStatut='703' ≠ statusReasonCode='∅'. Niveau 2 : écart expliqué par R_SITUATION_EMPLOI [Mapping.xlsx › Mapping, lignes 17-21] : situation 'Actif' (codes d'accès [0, 1], ligne 2) → cf_CAD = null → attendu '∅'.",,,,Aucune action.,,False,,,"{""CodeSuspensionAccès"": ""1"", ""CodeStatutEmploi"": ""1"", ""CodeRaisonStatut"": ""703"", ""DateEffetRaison"": ""1990-01-28"", ""DateRetourAnticipée"": """"}","{""motif_trouve"": false}","Employe_Source_Anonymise_VF.xlsx ligne 22 ; Employe_Destination_Anonymise_VF.xlsx ligne 22 ; Mapping.xlsx › Mapping, lignes 17-21 ; Mapping.xlsx › Règles situation d'emploi","Mapping.xlsx › Mapping, lignes 17-21",base ECART_JUSTIFIE=0.92 ; ×appariement 1.00 = 0.92,,,,,,ECART_JUSTIFIE
C-7683990-S22-D22-expectedReturnDate,7683990,Pre7683990 Nom7683990,COMPARAISON_CHAMP,expectedReturnDate,P · poste 15514 · emploi 6725 · début 2015-03-23,22,22,APPARIE,1.0,DateRetourAnticipée,,,,,,,VIDE_DES_DEUX_COTES,R_SITUATION_EMPLOI,Table 'Règles situation d'emploi' + jointure motifs,REGLE_DETERMINISTE,MATCH,,DERIVE,CONFORME,CONFORME,0.95,AUCUNE,0,Niveau 1 : valeur vide des deux côtés (DateRetourAnticipée / expectedReturnDate).,,,,Aucune action.,,False,,,"{""CodeSuspensionAccès"": ""1"", ""CodeStatutEmploi"": ""1"", ""CodeRaisonStatut"": ""703"", ""DateEffetRaison"": ""1990-01-28"", ""DateRetourAnticipée"": """"}","{""motif_trouve"": false}","Employe_Source_Anonymise_VF.xlsx ligne 22 ; Employe_Destination_Anonymise_VF.xlsx ligne 22 ; Mapping.xlsx › Mapping, ligne 22 ; Mapping.xlsx › Règles situation d'emploi","Mapping.xlsx › Mapping, ligne 22",base CONFORME=0.95 ; ×appariement 1.00 = 0.95,,,,,,CONFORME
C-7683990-S22-D22-detailedStatus,7683990,Pre7683990 Nom7683990,COMPARAISON_CHAMP,detailedStatus,P · poste 15514 · emploi 6725 · début 2015-03-23,22,22,APPARIE,1.0,-,,Actif,,actif,Actif,,NON_COMPARABLE,R_SITUATION_EMPLOI,Table 'Règles situation d'emploi' + jointure motifs,REGLE_DETERMINISTE,MATCH,,DERIVE,CONFORME,CONFORME,0.95,AUCUNE,0,"Niveau 2 : R_SITUATION_EMPLOI [Mapping.xlsx › Mapping, ligne 23] dérive 'Actif' (situation 'Actif' (codes d'accès [0, 1], ligne 2)) ; identique à la destination.",,,,Aucune action.,,False,,,"{""CodeSuspensionAccès"": ""1"", ""CodeStatutEmploi"": ""1"", ""CodeRaisonStatut"": ""703"", ""DateEffetRaison"": ""1990-01-28"", ""DateRetourAnticipée"": """"}","{""motif_trouve"": false}","Employe_Source_Anonymise_VF.xlsx ligne 22 ; Employe_Destination_Anonymise_VF.xlsx ligne 22 ; Mapping.xlsx › Mapping, ligne 23 ; Mapping.xlsx › Règles situation d'emploi","Mapping.xlsx › Mapping, ligne 23",base CONFORME=0.95 ; ×appariement 1.00 = 0.95,,,,,,CONFORME
C-7683990-S22-D22-contractTypeCode,7683990,Pre7683990 Nom7683990,COMPARAISON_CHAMP,contractTypeCode,P · poste 15514 · emploi 6725 · début 2015-03-23,22,22,APPARIE,1.0,"CatégorieEmploi, EMPT_CD, EstPermanent, PERM_IND, EstTempsPlein, FT_IND",V,JWN,v,jwn,JWN,,DIFFERENT,R_CONTRACT_TYPE,Type d'employé : table SI PERM_IND / FT_IND / EMPTP_CD,REGLE_DETERMINISTE,MATCH,,DERIVE,ECART_JUSTIFIE,ECART_JUSTIFIE,0.92,AUCUNE,0,"Niveau 1 : CatégorieEmploi='V' ≠ contractTypeCode='JWN'. Niveau 2 : écart expliqué par R_CONTRACT_TYPE [Mapping.xlsx › Mapping, lignes 24-40] : ligne de règle appliquée : SI PERM_IND=1 et FT_IND=1 et EMPTP_CD=""V"" --> Mettre ""JWN"" → attendu 'JWN'.",,,,Aucune action.,,False,,,"{""CatégorieEmploi"": ""V"", ""EstPermanent"": ""Oui (1)"", ""EstTempsPlein"": ""Oui (1)""}",,"Employe_Source_Anonymise_VF.xlsx ligne 22 ; Employe_Destination_Anonymise_VF.xlsx ligne 22 ; Mapping.xlsx › Mapping, lignes 24-40","Mapping.xlsx › Mapping, lignes 24-40",base ECART_JUSTIFIE=0.92 ; ×appariement 1.00 = 0.92,,,,,,ECART_JUSTIFIE
C-7683990-S22-D22-isPrimaryAssignment,7683990,Pre7683990 Nom7683990,COMPARAISON_CHAMP,isPrimaryAssignment,P · poste 15514 · emploi 6725 · début 2015-03-23,22,22,APPARIE,1.0,TypeAffectation,P,true,P,true,true,,DIFFERENT,R_ASSIGNMENT_TYPE,TypeAffectation P/A/S → indicateurs primaire/temporaire,REGLE_DETERMINISTE,MATCH,,DERIVE,ECART_JUSTIFIE,ECART_JUSTIFIE,0.92,AUCUNE,0,"Niveau 1 : TypeAffectation='P' ≠ isPrimaryAssignment='true'. Niveau 2 : écart expliqué par R_ASSIGNMENT_TYPE [Mapping.xlsx › Mapping, lignes 41-45] : Type aff = P → primaire=true, temporaire=false → attendu 'true'.",,,,Aucune action.,,False,,,"{""TypeAffectation"": ""P""}",,"Employe_Source_Anonymise_VF.xlsx ligne 22 ; Employe_Destination_Anonymise_VF.xlsx ligne 22 ; Mapping.xlsx › Mapping, lignes 41-45","Mapping.xlsx › Mapping, lignes 41-45",base ECART_JUSTIFIE=0.92 ; ×appariement 1.00 = 0.92,,,,,,ECART_JUSTIFIE
C-7683990-S22-D22-isTemporaryAssignment,7683990,Pre7683990 Nom7683990,COMPARAISON_CHAMP,isTemporaryAssignment,P · poste 15514 · emploi 6725 · début 2015-03-23,22,22,APPARIE,1.0,TypeAffectation,P,false,P,false,false,,DIFFERENT,R_ASSIGNMENT_TYPE,TypeAffectation P/A/S → indicateurs primaire/temporaire,REGLE_DETERMINISTE,MATCH,,DERIVE,ECART_JUSTIFIE,ECART_JUSTIFIE,0.92,AUCUNE,0,"Niveau 1 : TypeAffectation='P' ≠ isTemporaryAssignment='false'. Niveau 2 : écart expliqué par R_ASSIGNMENT_TYPE [Mapping.xlsx › Mapping, lignes 41-45] : Type aff = P → primaire=true, temporaire=false → attendu 'false'.",,,,Aucune action.,,False,,,"{""TypeAffectation"": ""P""}",,"Employe_Source_Anonymise_VF.xlsx ligne 22 ; Employe_Destination_Anonymise_VF.xlsx ligne 22 ; Mapping.xlsx › Mapping, lignes 41-45","Mapping.xlsx › Mapping, lignes 41-45",base ECART_JUSTIFIE=0.92 ; ×appariement 1.00 = 0.92,,,,,,ECART_JUSTIFIE
C-7683990-S22-D22-assignmentStartDate,7683990,Pre7683990 Nom7683990,COMPARAISON_CHAMP,assignmentStartDate,P · poste 15514 · emploi 6725 · début 2015-03-23,22,22,APPARIE,1.0,DateEntréePoste,2015-03-23,2015-03-23,2015-03-23,2015-03-23,2015-03-23,,IDENTIQUE,R_ASSIGNMENT_START,Date d'effet : DateEntréePoste vs date d'effet de l'unité adm. (détail du poste),REGLE_DETERMINISTE,MATCH,,DERIVE,CONFORME,CONFORME,0.99,AUCUNE,0,"Niveau 1 : valeurs identiques (DateEntréePoste='2015-03-23', assignmentStartDate='2015-03-23') ; Niveau 2 : R_ASSIGNMENT_START [Mapping.xlsx › Mapping, lignes 46-48] confirme la valeur attendue '2015-03-23' (MAX(DateEntréePoste 2015-03-23, date d'effet du détail du poste courant 1981-10-05) = 2015-03-23 → date d'effet du poste (source) [enregistrement courant (ligne 105) différent du précédent (ligne 104) sur : CodePosteSecondaire, MatriculeGestionnaire]).",,,,Aucune action.,,False,,,"{""DateEntréePoste"": ""2015-03-23"", ""CodePoste"": ""15514"", ""CodeDirection"": ""371""}","{""date_effet_detail_courant"": ""1981-10-05"", ""ligne_detail_courant"": 105, ""methode_detail_poste"": ""enregistrement courant (ligne 105) différent du précédent (ligne 104) sur : CodePosteSecondaire, MatriculeGestionnaire"", ""historique"": ""1971-02-13 (unité 371) → 1974-12-26 (unité 371) → 1976-08-09 (unité 371) → 1980-07-15 (unité 371) → 1981-10-05 (unité 371)"", ""EFFDT_min"": ""1971-02-13"", ""EFFDT_max"": ""1981-10-05"", ""lignes_detail_poste"": [101, 102, 103, 104, 105], ""valeur_lecture_litterale_MIN"": ""1981-10-05""}","Employe_Source_Anonymise_VF.xlsx ligne 22 ; Employe_Destination_Anonymise_VF.xlsx ligne 22 ; Mapping.xlsx › Mapping, lignes 46-48 ; détail_du_poste.xlsx lignes 101-105","Mapping.xlsx › Mapping, lignes 46-48",base CONFORME=0.99 ; ×appariement 1.00 = 0.99,,,,,,CONFORME
C-7683990-S22-D22-payGradeId,7683990,Pre7683990 Nom7683990,COMPARAISON_CHAMP,payGradeId,P · poste 15514 · emploi 6725 · début 2015-03-23,22,22,APPARIE,1.0,ÉchelleSalariale,293,293,293,293,293,,IDENTIQUE,R_DIRECT,Copie directe (mapping N/A),COMPARAISON_BRUTE,MATCH,,CERTAIN,CONFORME,CONFORME,0.99,AUCUNE,0,"Niveau 1 : valeurs identiques (ÉchelleSalariale='293', payGradeId='293').",,,,Aucune action.,,False,,,"{""ÉchelleSalariale"": ""293""}",,"Employe_Source_Anonymise_VF.xlsx ligne 22 ; Employe_Destination_Anonymise_VF.xlsx ligne 22 ; Mapping.xlsx › Mapping, ligne 49","Mapping.xlsx › Mapping, ligne 49",base CONFORME=0.99 ; ×appariement 1.00 = 0.99,,,,,,CONFORME
C-7683990-S22-D22-assignmentEndDate,7683990,Pre7683990 Nom7683990,COMPARAISON_CHAMP,assignmentEndDate,P · poste 15514 · emploi 6725 · début 2015-03-23,22,22,APPARIE,1.0,DateSortiePoste,,,,,,,VIDE_DES_DEUX_COTES,R_ASSIGNMENT_END,"Date de fin : MIN(DateSortiePoste, fin de l'unité adm. courante)",REGLE_DETERMINISTE,MATCH,,DERIVE,CONFORME,CONFORME,0.95,AUCUNE,0,Niveau 1 : valeur vide des deux côtés (DateSortiePoste / assignmentEndDate).,,,,Aucune action.,,False,,,"{""DateSortiePoste"": """", ""CodePoste"": ""15514""}","{""fin_unite_adm"": """", ""methode_unite_adm"": ""aucun changement d'unité dans l'historique → MIN(EFFDT)""}","Employe_Source_Anonymise_VF.xlsx ligne 22 ; Employe_Destination_Anonymise_VF.xlsx ligne 22 ; Mapping.xlsx › Mapping, lignes 53-55 ; détail_du_poste.xlsx lignes 101-105","Mapping.xlsx › Mapping, lignes 53-55",base CONFORME=0.95 ; ×appariement 1.00 = 0.95,,,,,,CONFORME
C-7683990-S22-D22-termEndDate,7683990,Pre7683990 Nom7683990,COMPARAISON_CHAMP,termEndDate,P · poste 15514 · emploi 6725 · début 2015-03-23,22,22,APPARIE,1.0,DateSortiePoste,,,,,,,VIDE_DES_DEUX_COTES,R_ASSIGNMENT_END,"Date de fin : MIN(DateSortiePoste, fin de l'unité adm. courante)",REGLE_DETERMINISTE,MATCH,,DERIVE,CONFORME,CONFORME,0.95,AUCUNE,0,Niveau 1 : valeur vide des deux côtés (DateSortiePoste / termEndDate).,,,,Aucune action.,,False,,,"{""DateSortiePoste"": """", ""CodePoste"": ""15514""}","{""fin_unite_adm"": """", ""methode_unite_adm"": ""aucun changement d'unité dans l'historique → MIN(EFFDT)""}","Employe_Source_Anonymise_VF.xlsx ligne 22 ; Employe_Destination_Anonymise_VF.xlsx ligne 22 ; Mapping.xlsx › Mapping, lignes 56-58 ; détail_du_poste.xlsx lignes 101-105","Mapping.xlsx › Mapping, lignes 56-58",base CONFORME=0.95 ; ×appariement 1.00 = 0.95,,,,,,CONFORME
C-7683990-S23-D23-givenName,7683990,Pre7683990 Nom7683990,COMPARAISON_CHAMP,givenName,S · poste 23841 · emploi 6754 · début 2025-11-17,23,23,APPARIE,1.0,PrénomUsuel,Pre7683990,Pre7683990,pre7683990,pre7683990,Pre7683990,,IDENTIQUE,R_DIRECT,Copie directe (mapping N/A),COMPARAISON_BRUTE,MATCH,,CERTAIN,CONFORME,CONFORME,0.99,AUCUNE,0,"Niveau 1 : valeurs identiques (PrénomUsuel='Pre7683990', givenName='Pre7683990').",,,,Aucune action.,,False,,,"{""PrénomUsuel"": ""Pre7683990""}",,"Employe_Source_Anonymise_VF.xlsx ligne 23 ; Employe_Destination_Anonymise_VF.xlsx ligne 23 ; Mapping.xlsx › Mapping, ligne 2","Mapping.xlsx › Mapping, ligne 2",base CONFORME=0.99 ; ×appariement 1.00 = 0.99,,,,,,CONFORME
C-7683990-S23-D23-surname,7683990,Pre7683990 Nom7683990,COMPARAISON_CHAMP,surname,S · poste 23841 · emploi 6754 · début 2025-11-17,23,23,APPARIE,1.0,NomFamille,Nom7683990,Nom7683990,nom7683990,nom7683990,Nom7683990,,IDENTIQUE,R_DIRECT,Copie directe (mapping N/A),COMPARAISON_BRUTE,MATCH,,CERTAIN,CONFORME,CONFORME,0.99,AUCUNE,0,"Niveau 1 : valeurs identiques (NomFamille='Nom7683990', surname='Nom7683990').",,,,Aucune action.,,False,,,"{""NomFamille"": ""Nom7683990""}",,"Employe_Source_Anonymise_VF.xlsx ligne 23 ; Employe_Destination_Anonymise_VF.xlsx ligne 23 ; Mapping.xlsx › Mapping, ligne 3","Mapping.xlsx › Mapping, ligne 3",base CONFORME=0.99 ; ×appariement 1.00 = 0.99,,,,,,CONFORME
C-7683990-S23-D23-onboardDate,7683990,Pre7683990 Nom7683990,COMPARAISON_CHAMP,onboardDate,S · poste 23841 · emploi 6754 · début 2025-11-17,23,23,APPARIE,1.0,DateEmbaucheRécente,1990-01-07,1990-01-07T00:00:00.000Z,1990-01-07,1990-01-07,1990-01-07,,IDENTIQUE_APRES_NORMALISATION,R_DIRECT,Copie directe (mapping N/A),COMPARAISON_BRUTE,MATCH,,CERTAIN,CONFORME,CONFORME,0.95,AUCUNE,0,Niveau 1 : différence de format uniquement ('1990-01-07' vs '1990-01-07T00:00:00.000Z' → '1990-01-07').,,,,Aucune action.,,False,,,"{""DateEmbaucheRécente"": ""1990-01-07""}",,"Employe_Source_Anonymise_VF.xlsx ligne 23 ; Employe_Destination_Anonymise_VF.xlsx ligne 23 ; Mapping.xlsx › Mapping, ligne 7","Mapping.xlsx › Mapping, ligne 7",base CONFORME=0.95 ; ×appariement 1.00 = 0.95,,,,,,CONFORME
C-7683990-S23-D23-siteName,7683990,Pre7683990 Nom7683990,COMPARAISON_CHAMP,siteName,S · poste 23841 · emploi 6754 · début 2025-11-17,23,23,APPARIE,1.0,LibelléSite,Emplacement48,Emplacement48,emplacement48,emplacement48,Emplacement48,,IDENTIQUE,R_DIRECT,Copie directe (mapping N/A),COMPARAISON_BRUTE,MATCH,,CERTAIN,CONFORME,CONFORME,0.99,AUCUNE,0,"Niveau 1 : valeurs identiques (LibelléSite='Emplacement48', siteName='Emplacement48').",,,,Aucune action.,,False,,,"{""LibelléSite"": ""Emplacement48""}",,"Employe_Source_Anonymise_VF.xlsx ligne 23 ; Employe_Destination_Anonymise_VF.xlsx ligne 23 ; Mapping.xlsx › Mapping, ligne 9","Mapping.xlsx › Mapping, ligne 9",base CONFORME=0.99 ; ×appariement 1.00 = 0.99,,,,,,CONFORME
C-7683990-S23-D23-siteCode,7683990,Pre7683990 Nom7683990,COMPARAISON_CHAMP,siteCode,S · poste 23841 · emploi 6754 · début 2025-11-17,23,23,APPARIE,1.0,CodeSite,48,48,48,48,48,,IDENTIQUE,R_DIRECT,Copie directe (mapping N/A),COMPARAISON_BRUTE,MATCH,,CERTAIN,CONFORME,CONFORME,0.99,AUCUNE,0,"Niveau 1 : valeurs identiques (CodeSite='48', siteCode='48').",,,,Aucune action.,,False,,,"{""CodeSite"": ""48""}",,"Employe_Source_Anonymise_VF.xlsx ligne 23 ; Employe_Destination_Anonymise_VF.xlsx ligne 23 ; Mapping.xlsx › Mapping, ligne 10","Mapping.xlsx › Mapping, ligne 10",base CONFORME=0.99 ; ×appariement 1.00 = 0.99,,,,,,CONFORME
C-7683990-S23-D23-divisionId,7683990,Pre7683990 Nom7683990,COMPARAISON_CHAMP,divisionId,S · poste 23841 · emploi 6754 · début 2025-11-17,23,23,APPARIE,1.0,CodeDirection,371,371,371,371,371,,IDENTIQUE,R_DIRECT,Copie directe (mapping N/A),COMPARAISON_BRUTE,MATCH,,CERTAIN,CONFORME,CONFORME,0.99,AUCUNE,0,"Niveau 1 : valeurs identiques (CodeDirection='371', divisionId='371').",,,,Aucune action.,,False,,,"{""CodeDirection"": ""371""}",,"Employe_Source_Anonymise_VF.xlsx ligne 23 ; Employe_Destination_Anonymise_VF.xlsx ligne 23 ; Mapping.xlsx › Mapping, ligne 11","Mapping.xlsx › Mapping, ligne 11",base CONFORME=0.99 ; ×appariement 1.00 = 0.99,,,,,,CONFORME
C-7683990-S23-D23-divisionName,7683990,Pre7683990 Nom7683990,COMPARAISON_CHAMP,divisionName,S · poste 23841 · emploi 6754 · début 2025-11-17,23,23,APPARIE,1.0,LibelléDirection,UnitAdmin00371,00371-UnitAdmin00371,unitadmin00371,00371-unitadmin00371,371-UnitAdmin00371,,DIFFERENT,R_CONCAT_DIVISION,Concaténation CodeDirection + '-' + LibelléDirection,REGLE_DETERMINISTE,MATCH,zéros non significatifs du code ignorés,DERIVE,ECART_JUSTIFIE,ECART_JUSTIFIE,0.92,AUCUNE,0,"Niveau 1 : LibelléDirection='UnitAdmin00371' ≠ divisionName='00371-UnitAdmin00371'. Niveau 2 : écart expliqué par R_CONCAT_DIVISION [Mapping.xlsx › Mapping, ligne 12] : CodeDirection + '-' + LibelléDirection → attendu '371-UnitAdmin00371' (zéros non significatifs du code ignorés).",,,,Aucune action.,,False,,,"{""CodeDirection"": ""371"", ""LibelléDirection"": ""UnitAdmin00371""}","{""code_destination"": ""00371"", ""libelle_destination"": ""UnitAdmin00371""}","Employe_Source_Anonymise_VF.xlsx ligne 23 ; Employe_Destination_Anonymise_VF.xlsx ligne 23 ; Mapping.xlsx › Mapping, ligne 12","Mapping.xlsx › Mapping, ligne 12",base ECART_JUSTIFIE=0.92 ; ×appariement 1.00 = 0.92,,,,,,ECART_JUSTIFIE
C-7683990-S23-D23-divisionCode,7683990,Pre7683990 Nom7683990,COMPARAISON_CHAMP,divisionCode,S · poste 23841 · emploi 6754 · début 2025-11-17,23,23,APPARIE,1.0,CodeImputation,2883,2883,2883,2883,2883,,IDENTIQUE,R_DIRECT,Copie directe (mapping N/A),COMPARAISON_BRUTE,MATCH,,CERTAIN,CONFORME,CONFORME,0.99,AUCUNE,0,"Niveau 1 : valeurs identiques (CodeImputation='2883', divisionCode='2883').",,,,Aucune action.,,False,,,"{""CodeImputation"": ""2883""}",,"Employe_Source_Anonymise_VF.xlsx ligne 23 ; Employe_Destination_Anonymise_VF.xlsx ligne 23 ; Mapping.xlsx › Mapping, ligne 13","Mapping.xlsx › Mapping, ligne 13",base CONFORME=0.99 ; ×appariement 1.00 = 0.99,,,,,,CONFORME
C-7683990-S23-D23-positionId,7683990,Pre7683990 Nom7683990,COMPARAISON_CHAMP,positionId,S · poste 23841 · emploi 6754 · début 2025-11-17,23,23,APPARIE,1.0,CodeEmploi,6754,6754,6754,6754,6754,,IDENTIQUE,R_DIRECT,Copie directe (mapping N/A),COMPARAISON_BRUTE,MATCH,,CERTAIN,CONFORME,CONFORME,0.99,AUCUNE,0,"Niveau 1 : valeurs identiques (CodeEmploi='6754', positionId='6754').",,,,Aucune action.,,False,,,"{""CodeEmploi"": ""6754""}",,"Employe_Source_Anonymise_VF.xlsx ligne 23 ; Employe_Destination_Anonymise_VF.xlsx ligne 23 ; Mapping.xlsx › Mapping, ligne 14","Mapping.xlsx › Mapping, ligne 14",base CONFORME=0.99 ; ×appariement 1.00 = 0.99,,,,,,CONFORME
C-7683990-S23-D23-positionCode,7683990,Pre7683990 Nom7683990,COMPARAISON_CHAMP,positionCode,S · poste 23841 · emploi 6754 · début 2025-11-17,23,23,APPARIE,1.0,CodeEmploi,6754,6754,6754,6754,6754,,IDENTIQUE,R_DIRECT,Copie directe (mapping N/A),COMPARAISON_BRUTE,MATCH,,CERTAIN,CONFORME,CONFORME,0.99,AUCUNE,0,"Niveau 1 : valeurs identiques (CodeEmploi='6754', positionCode='6754').",,,,Aucune action.,,False,,,"{""CodeEmploi"": ""6754""}",,"Employe_Source_Anonymise_VF.xlsx ligne 23 ; Employe_Destination_Anonymise_VF.xlsx ligne 23 ; Mapping.xlsx › Mapping, ligne 16","Mapping.xlsx › Mapping, ligne 16",base CONFORME=0.99 ; ×appariement 1.00 = 0.99,,,,,,CONFORME
C-7683990-S23-D23-statusReasonCode,7683990,Pre7683990 Nom7683990,COMPARAISON_CHAMP,statusReasonCode,S · poste 23841 · emploi 6754 · début 2025-11-17,23,23,APPARIE,1.0,"CodeStatutEmploi, CodeRaisonStatut, DateEffetRaison",703,,703,,,,DESTINATION_VIDE,R_SITUATION_EMPLOI,Table 'Règles situation d'emploi' + jointure motifs,REGLE_DETERMINISTE,MATCH,,DERIVE,ECART_JUSTIFIE,ECART_JUSTIFIE,0.92,AUCUNE,0,"Niveau 1 : CodeRaisonStatut='703' ≠ statusReasonCode='∅'. Niveau 2 : écart expliqué par R_SITUATION_EMPLOI [Mapping.xlsx › Mapping, lignes 17-21] : situation 'Actif' (codes d'accès [0, 1], ligne 2) → cf_CAD = null → attendu '∅'.",,,,Aucune action.,,False,,,"{""CodeSuspensionAccès"": ""1"", ""CodeStatutEmploi"": ""1"", ""CodeRaisonStatut"": ""703"", ""DateEffetRaison"": ""2003-10-18"", ""DateRetourAnticipée"": """"}","{""motif_trouve"": false}","Employe_Source_Anonymise_VF.xlsx ligne 23 ; Employe_Destination_Anonymise_VF.xlsx ligne 23 ; Mapping.xlsx › Mapping, lignes 17-21 ; Mapping.xlsx › Règles situation d'emploi","Mapping.xlsx › Mapping, lignes 17-21",base ECART_JUSTIFIE=0.92 ; ×appariement 1.00 = 0.92,,,,,,ECART_JUSTIFIE
C-7683990-S23-D23-expectedReturnDate,7683990,Pre7683990 Nom7683990,COMPARAISON_CHAMP,expectedReturnDate,S · poste 23841 · emploi 6754 · début 2025-11-17,23,23,APPARIE,1.0,DateRetourAnticipée,,,,,,,VIDE_DES_DEUX_COTES,R_SITUATION_EMPLOI,Table 'Règles situation d'emploi' + jointure motifs,REGLE_DETERMINISTE,MATCH,,DERIVE,CONFORME,CONFORME,0.95,AUCUNE,0,Niveau 1 : valeur vide des deux côtés (DateRetourAnticipée / expectedReturnDate).,,,,Aucune action.,,False,,,"{""CodeSuspensionAccès"": ""1"", ""CodeStatutEmploi"": ""1"", ""CodeRaisonStatut"": ""703"", ""DateEffetRaison"": ""2003-10-18"", ""DateRetourAnticipée"": """"}","{""motif_trouve"": false}","Employe_Source_Anonymise_VF.xlsx ligne 23 ; Employe_Destination_Anonymise_VF.xlsx ligne 23 ; Mapping.xlsx › Mapping, ligne 22 ; Mapping.xlsx › Règles situation d'emploi","Mapping.xlsx › Mapping, ligne 22",base CONFORME=0.95 ; ×appariement 1.00 = 0.95,,,,,,CONFORME
C-7683990-S23-D23-detailedStatus,7683990,Pre7683990 Nom7683990,COMPARAISON_CHAMP,detailedStatus,S · poste 23841 · emploi 6754 · début 2025-11-17,23,23,APPARIE,1.0,-,,Actif,,actif,Actif,,NON_COMPARABLE,R_SITUATION_EMPLOI,Table 'Règles situation d'emploi' + jointure motifs,REGLE_DETERMINISTE,MATCH,,DERIVE,CONFORME,CONFORME,0.95,AUCUNE,0,"Niveau 2 : R_SITUATION_EMPLOI [Mapping.xlsx › Mapping, ligne 23] dérive 'Actif' (situation 'Actif' (codes d'accès [0, 1], ligne 2)) ; identique à la destination.",,,,Aucune action.,,False,,,"{""CodeSuspensionAccès"": ""1"", ""CodeStatutEmploi"": ""1"", ""CodeRaisonStatut"": ""703"", ""DateEffetRaison"": ""2003-10-18"", ""DateRetourAnticipée"": """"}","{""motif_trouve"": false}","Employe_Source_Anonymise_VF.xlsx ligne 23 ; Employe_Destination_Anonymise_VF.xlsx ligne 23 ; Mapping.xlsx › Mapping, ligne 23 ; Mapping.xlsx › Règles situation d'emploi","Mapping.xlsx › Mapping, ligne 23",base CONFORME=0.95 ; ×appariement 1.00 = 0.95,,,,,,CONFORME
C-7683990-S23-D23-contractTypeCode,7683990,Pre7683990 Nom7683990,COMPARAISON_CHAMP,contractTypeCode,S · poste 23841 · emploi 6754 · début 2025-11-17,23,23,APPARIE,1.0,"CatégorieEmploi, EMPT_CD, EstPermanent, PERM_IND, EstTempsPlein, FT_IND",V,JWN,v,jwn,JWN,,DIFFERENT,R_CONTRACT_TYPE,Type d'employé : table SI PERM_IND / FT_IND / EMPTP_CD,REGLE_DETERMINISTE,MATCH,,DERIVE,ECART_JUSTIFIE,ECART_JUSTIFIE,0.92,AUCUNE,0,"Niveau 1 : CatégorieEmploi='V' ≠ contractTypeCode='JWN'. Niveau 2 : écart expliqué par R_CONTRACT_TYPE [Mapping.xlsx › Mapping, lignes 24-40] : ligne de règle appliquée : SI PERM_IND=1 et FT_IND=1 et EMPTP_CD=""V"" --> Mettre ""JWN"" → attendu 'JWN'.",,,,Aucune action.,,False,,,"{""CatégorieEmploi"": ""V"", ""EstPermanent"": ""Oui (1)"", ""EstTempsPlein"": ""Oui (1)""}",,"Employe_Source_Anonymise_VF.xlsx ligne 23 ; Employe_Destination_Anonymise_VF.xlsx ligne 23 ; Mapping.xlsx › Mapping, lignes 24-40","Mapping.xlsx › Mapping, lignes 24-40",base ECART_JUSTIFIE=0.92 ; ×appariement 1.00 = 0.92,,,,,,ECART_JUSTIFIE
C-7683990-S23-D23-isPrimaryAssignment,7683990,Pre7683990 Nom7683990,COMPARAISON_CHAMP,isPrimaryAssignment,S · poste 23841 · emploi 6754 · début 2025-11-17,23,23,APPARIE,1.0,TypeAffectation,S,false,S,false,false,,DIFFERENT,R_ASSIGNMENT_TYPE,TypeAffectation P/A/S → indicateurs primaire/temporaire,REGLE_DETERMINISTE,MATCH,,DERIVE,ECART_JUSTIFIE,ECART_JUSTIFIE,0.92,AUCUNE,0,"Niveau 1 : TypeAffectation='S' ≠ isPrimaryAssignment='false'. Niveau 2 : écart expliqué par R_ASSIGNMENT_TYPE [Mapping.xlsx › Mapping, lignes 41-45] : Type aff = S → primaire=false, temporaire=false → attendu 'false'.",,,,Aucune action.,,False,,,"{""TypeAffectation"": ""S""}",,"Employe_Source_Anonymise_VF.xlsx ligne 23 ; Employe_Destination_Anonymise_VF.xlsx ligne 23 ; Mapping.xlsx › Mapping, lignes 41-45","Mapping.xlsx › Mapping, lignes 41-45",base ECART_JUSTIFIE=0.92 ; ×appariement 1.00 = 0.92,,,,,,ECART_JUSTIFIE
C-7683990-S23-D23-isTemporaryAssignment,7683990,Pre7683990 Nom7683990,COMPARAISON_CHAMP,isTemporaryAssignment,S · poste 23841 · emploi 6754 · début 2025-11-17,23,23,APPARIE,1.0,TypeAffectation,S,false,S,false,false,,DIFFERENT,R_ASSIGNMENT_TYPE,TypeAffectation P/A/S → indicateurs primaire/temporaire,REGLE_DETERMINISTE,MATCH,,DERIVE,ECART_JUSTIFIE,ECART_JUSTIFIE,0.92,AUCUNE,0,"Niveau 1 : TypeAffectation='S' ≠ isTemporaryAssignment='false'. Niveau 2 : écart expliqué par R_ASSIGNMENT_TYPE [Mapping.xlsx › Mapping, lignes 41-45] : Type aff = S → primaire=false, temporaire=false → attendu 'false'.",,,,Aucune action.,,False,,,"{""TypeAffectation"": ""S""}",,"Employe_Source_Anonymise_VF.xlsx ligne 23 ; Employe_Destination_Anonymise_VF.xlsx ligne 23 ; Mapping.xlsx › Mapping, lignes 41-45","Mapping.xlsx › Mapping, lignes 41-45",base ECART_JUSTIFIE=0.92 ; ×appariement 1.00 = 0.92,,,,,,ECART_JUSTIFIE
C-7683990-S23-D23-assignmentStartDate,7683990,Pre7683990 Nom7683990,COMPARAISON_CHAMP,assignmentStartDate,S · poste 23841 · emploi 6754 · début 2025-11-17,23,23,APPARIE,1.0,DateEntréePoste,2025-11-17,2025-11-17,2025-11-17,2025-11-17,2025-11-17,,IDENTIQUE,R_ASSIGNMENT_START,Date d'effet : DateEntréePoste vs date d'effet de l'unité adm. (détail du poste),REGLE_DETERMINISTE,MATCH,,DERIVE,CONFORME,CONFORME,0.99,AUCUNE,0,"Niveau 1 : valeurs identiques (DateEntréePoste='2025-11-17', assignmentStartDate='2025-11-17') ; Niveau 2 : R_ASSIGNMENT_START [Mapping.xlsx › Mapping, lignes 46-48] confirme la valeur attendue '2025-11-17' (MAX(DateEntréePoste 2025-11-17, date d'effet du détail du poste courant 2002-12-14) = 2025-11-17 → date d'effet du poste (source) [enregistrement courant (ligne 110) différent du précédent (ligne 109) sur : CodePosteSecondaire, MatriculeGestionnaire]).",,,,Aucune action.,,False,,,"{""DateEntréePoste"": ""2025-11-17"", ""CodePoste"": ""23841"", ""CodeDirection"": ""371""}","{""date_effet_detail_courant"": ""2002-12-14"", ""ligne_detail_courant"": 110, ""methode_detail_poste"": ""enregistrement courant (ligne 110) différent du précédent (ligne 109) sur : CodePosteSecondaire, MatriculeGestionnaire"", ""historique"": ""1991-02-20 (unité 371) → 1993-04-17 (unité 371) → 1996-05-18 (unité 371) → 2000-01-13 (unité 371) → 2002-12-14 (unité 371)"", ""EFFDT_min"": ""1991-02-20"", ""EFFDT_max"": ""2002-12-14"", ""lignes_detail_poste"": [106, 107, 108, 109, 110], ""valeur_lecture_litterale_MIN"": ""2002-12-14""}","Employe_Source_Anonymise_VF.xlsx ligne 23 ; Employe_Destination_Anonymise_VF.xlsx ligne 23 ; Mapping.xlsx › Mapping, lignes 46-48 ; détail_du_poste.xlsx lignes 106-110","Mapping.xlsx › Mapping, lignes 46-48",base CONFORME=0.99 ; ×appariement 1.00 = 0.99,,,,,,CONFORME
C-7683990-S23-D23-payGradeId,7683990,Pre7683990 Nom7683990,COMPARAISON_CHAMP,payGradeId,S · poste 23841 · emploi 6754 · début 2025-11-17,23,23,APPARIE,1.0,ÉchelleSalariale,293,293,293,293,293,,IDENTIQUE,R_DIRECT,Copie directe (mapping N/A),COMPARAISON_BRUTE,MATCH,,CERTAIN,CONFORME,CONFORME,0.99,AUCUNE,0,"Niveau 1 : valeurs identiques (ÉchelleSalariale='293', payGradeId='293').",,,,Aucune action.,,False,,,"{""ÉchelleSalariale"": ""293""}",,"Employe_Source_Anonymise_VF.xlsx ligne 23 ; Employe_Destination_Anonymise_VF.xlsx ligne 23 ; Mapping.xlsx › Mapping, ligne 49","Mapping.xlsx › Mapping, ligne 49",base CONFORME=0.99 ; ×appariement 1.00 = 0.99,,,,,,CONFORME
C-7683990-S23-D23-weeklyHoursOverride,7683990,Pre7683990 Nom7683990,COMPARAISON_CHAMP,weeklyHoursOverride,S · poste 23841 · emploi 6754 · début 2025-11-17,23,23,APPARIE,1.0,HeuresNormeHebdo,40,40,40,40,40,,IDENTIQUE,R_DIRECT,Copie directe (mapping N/A),COMPARAISON_BRUTE,MATCH,,CERTAIN,CONFORME,CONFORME,0.99,AUCUNE,0,"Niveau 1 : valeurs identiques (HeuresNormeHebdo='40', weeklyHoursOverride='40').",,,,Aucune action.,,False,,,"{""HeuresNormeHebdo"": ""40""}","{""heures_semaine_poste"": 40, ""CodeQuart"": ""23""}","Employe_Source_Anonymise_VF.xlsx ligne 23 ; Employe_Destination_Anonymise_VF.xlsx ligne 23 ; Mapping.xlsx › Mapping, ligne 51 ; détail_du_poste.xlsx (contexte) lignes 110","Mapping.xlsx › Mapping, ligne 51",base CONFORME=0.99 ; ×appariement 1.00 = 0.99,,,,,,CONFORME
C-7683990-S23-D23-dailyHoursOverride,7683990,Pre7683990 Nom7683990,COMPARAISON_CHAMP,dailyHoursOverride,S · poste 23841 · emploi 6754 · début 2025-11-17,23,23,APPARIE,1.0,HeuresNormeQuotidienne,8,8,8,8,8,,IDENTIQUE,R_DIRECT,Copie directe (mapping N/A),COMPARAISON_BRUTE,MATCH,,CERTAIN,CONFORME,CONFORME,0.99,AUCUNE,0,"Niveau 1 : valeurs identiques (HeuresNormeQuotidienne='8', dailyHoursOverride='8').",,,,Aucune action.,,False,,,"{""HeuresNormeQuotidienne"": ""8""}","{""heures_jour_poste"": 8, ""CodeQuart"": ""23""}","Employe_Source_Anonymise_VF.xlsx ligne 23 ; Employe_Destination_Anonymise_VF.xlsx ligne 23 ; Mapping.xlsx › Mapping, ligne 52 ; détail_du_poste.xlsx (contexte) lignes 110","Mapping.xlsx › Mapping, ligne 52",base CONFORME=0.99 ; ×appariement 1.00 = 0.99,,,,,,CONFORME
C-7683990-S23-D23-assignmentEndDate,7683990,Pre7683990 Nom7683990,COMPARAISON_CHAMP,assignmentEndDate,S · poste 23841 · emploi 6754 · début 2025-11-17,23,23,APPARIE,1.0,DateSortiePoste,,,,,,,VIDE_DES_DEUX_COTES,R_ASSIGNMENT_END,"Date de fin : MIN(DateSortiePoste, fin de l'unité adm. courante)",REGLE_DETERMINISTE,MATCH,,DERIVE,CONFORME,CONFORME,0.95,AUCUNE,0,Niveau 1 : valeur vide des deux côtés (DateSortiePoste / assignmentEndDate).,,,,Aucune action.,,False,,,"{""DateSortiePoste"": """", ""CodePoste"": ""23841""}","{""fin_unite_adm"": """", ""methode_unite_adm"": ""aucun changement d'unité dans l'historique → MIN(EFFDT)""}","Employe_Source_Anonymise_VF.xlsx ligne 23 ; Employe_Destination_Anonymise_VF.xlsx ligne 23 ; Mapping.xlsx › Mapping, lignes 53-55 ; détail_du_poste.xlsx lignes 106-110","Mapping.xlsx › Mapping, lignes 53-55",base CONFORME=0.95 ; ×appariement 1.00 = 0.95,,,,,,CONFORME
C-7683990-S23-D23-termEndDate,7683990,Pre7683990 Nom7683990,COMPARAISON_CHAMP,termEndDate,S · poste 23841 · emploi 6754 · début 2025-11-17,23,23,APPARIE,1.0,DateSortiePoste,,,,,,,VIDE_DES_DEUX_COTES,R_ASSIGNMENT_END,"Date de fin : MIN(DateSortiePoste, fin de l'unité adm. courante)",REGLE_DETERMINISTE,MATCH,,DERIVE,CONFORME,CONFORME,0.95,AUCUNE,0,Niveau 1 : valeur vide des deux côtés (DateSortiePoste / termEndDate).,,,,Aucune action.,,False,,,"{""DateSortiePoste"": """", ""CodePoste"": ""23841""}","{""fin_unite_adm"": """", ""methode_unite_adm"": ""aucun changement d'unité dans l'historique → MIN(EFFDT)""}","Employe_Source_Anonymise_VF.xlsx ligne 23 ; Employe_Destination_Anonymise_VF.xlsx ligne 23 ; Mapping.xlsx › Mapping, lignes 56-58 ; détail_du_poste.xlsx lignes 106-110","Mapping.xlsx › Mapping, lignes 56-58",base CONFORME=0.95 ; ×appariement 1.00 = 0.95,,,,,,CONFORME
C-7683990-S24-D21-givenName,7683990,Pre7683990 Nom7683990,COMPARAISON_CHAMP,givenName,S · poste 98689 · emploi 6031 · début 2024-02-12,24,21,APPARIE,1.0,PrénomUsuel,Pre7683990,Pre7683990,pre7683990,pre7683990,Pre7683990,,IDENTIQUE,R_DIRECT,Copie directe (mapping N/A),COMPARAISON_BRUTE,MATCH,,CERTAIN,CONFORME,CONFORME,0.99,AUCUNE,0,"Niveau 1 : valeurs identiques (PrénomUsuel='Pre7683990', givenName='Pre7683990').",,,,Aucune action.,,False,,,"{""PrénomUsuel"": ""Pre7683990""}",,"Employe_Source_Anonymise_VF.xlsx ligne 24 ; Employe_Destination_Anonymise_VF.xlsx ligne 21 ; Mapping.xlsx › Mapping, ligne 2","Mapping.xlsx › Mapping, ligne 2",base CONFORME=0.99 ; ×appariement 1.00 = 0.99,,,,,,CONFORME
C-7683990-S24-D21-surname,7683990,Pre7683990 Nom7683990,COMPARAISON_CHAMP,surname,S · poste 98689 · emploi 6031 · début 2024-02-12,24,21,APPARIE,1.0,NomFamille,Nom7683990,Nom7683990,nom7683990,nom7683990,Nom7683990,,IDENTIQUE,R_DIRECT,Copie directe (mapping N/A),COMPARAISON_BRUTE,MATCH,,CERTAIN,CONFORME,CONFORME,0.99,AUCUNE,0,"Niveau 1 : valeurs identiques (NomFamille='Nom7683990', surname='Nom7683990').",,,,Aucune action.,,False,,,"{""NomFamille"": ""Nom7683990""}",,"Employe_Source_Anonymise_VF.xlsx ligne 24 ; Employe_Destination_Anonymise_VF.xlsx ligne 21 ; Mapping.xlsx › Mapping, ligne 3","Mapping.xlsx › Mapping, ligne 3",base CONFORME=0.99 ; ×appariement 1.00 = 0.99,,,,,,CONFORME
C-7683990-S24-D21-onboardDate,7683990,Pre7683990 Nom7683990,COMPARAISON_CHAMP,onboardDate,S · poste 98689 · emploi 6031 · début 2024-02-12,24,21,APPARIE,1.0,DateEmbaucheRécente,1990-01-07,1990-01-07T00:00:00.000Z,1990-01-07,1990-01-07,1990-01-07,,IDENTIQUE_APRES_NORMALISATION,R_DIRECT,Copie directe (mapping N/A),COMPARAISON_BRUTE,MATCH,,CERTAIN,CONFORME,CONFORME,0.95,AUCUNE,0,Niveau 1 : différence de format uniquement ('1990-01-07' vs '1990-01-07T00:00:00.000Z' → '1990-01-07').,,,,Aucune action.,,False,,,"{""DateEmbaucheRécente"": ""1990-01-07""}",,"Employe_Source_Anonymise_VF.xlsx ligne 24 ; Employe_Destination_Anonymise_VF.xlsx ligne 21 ; Mapping.xlsx › Mapping, ligne 7","Mapping.xlsx › Mapping, ligne 7",base CONFORME=0.95 ; ×appariement 1.00 = 0.95,,,,,,CONFORME
C-7683990-S24-D21-siteName,7683990,Pre7683990 Nom7683990,COMPARAISON_CHAMP,siteName,S · poste 98689 · emploi 6031 · début 2024-02-12,24,21,APPARIE,1.0,LibelléSite,Emplacement48,Emplacement48,emplacement48,emplacement48,Emplacement48,,IDENTIQUE,R_DIRECT,Copie directe (mapping N/A),COMPARAISON_BRUTE,MATCH,,CERTAIN,CONFORME,CONFORME,0.99,AUCUNE,0,"Niveau 1 : valeurs identiques (LibelléSite='Emplacement48', siteName='Emplacement48').",,,,Aucune action.,,False,,,"{""LibelléSite"": ""Emplacement48""}",,"Employe_Source_Anonymise_VF.xlsx ligne 24 ; Employe_Destination_Anonymise_VF.xlsx ligne 21 ; Mapping.xlsx › Mapping, ligne 9","Mapping.xlsx › Mapping, ligne 9",base CONFORME=0.99 ; ×appariement 1.00 = 0.99,,,,,,CONFORME
C-7683990-S24-D21-siteCode,7683990,Pre7683990 Nom7683990,COMPARAISON_CHAMP,siteCode,S · poste 98689 · emploi 6031 · début 2024-02-12,24,21,APPARIE,1.0,CodeSite,48,48,48,48,48,,IDENTIQUE,R_DIRECT,Copie directe (mapping N/A),COMPARAISON_BRUTE,MATCH,,CERTAIN,CONFORME,CONFORME,0.99,AUCUNE,0,"Niveau 1 : valeurs identiques (CodeSite='48', siteCode='48').",,,,Aucune action.,,False,,,"{""CodeSite"": ""48""}",,"Employe_Source_Anonymise_VF.xlsx ligne 24 ; Employe_Destination_Anonymise_VF.xlsx ligne 21 ; Mapping.xlsx › Mapping, ligne 10","Mapping.xlsx › Mapping, ligne 10",base CONFORME=0.99 ; ×appariement 1.00 = 0.99,,,,,,CONFORME
C-7683990-S24-D21-divisionId,7683990,Pre7683990 Nom7683990,COMPARAISON_CHAMP,divisionId,S · poste 98689 · emploi 6031 · début 2024-02-12,24,21,APPARIE,1.0,CodeDirection,371,371,371,371,371,,IDENTIQUE,R_DIRECT,Copie directe (mapping N/A),COMPARAISON_BRUTE,MATCH,,CERTAIN,CONFORME,CONFORME,0.99,AUCUNE,0,"Niveau 1 : valeurs identiques (CodeDirection='371', divisionId='371').",,,,Aucune action.,,False,,,"{""CodeDirection"": ""371""}",,"Employe_Source_Anonymise_VF.xlsx ligne 24 ; Employe_Destination_Anonymise_VF.xlsx ligne 21 ; Mapping.xlsx › Mapping, ligne 11","Mapping.xlsx › Mapping, ligne 11",base CONFORME=0.99 ; ×appariement 1.00 = 0.99,,,,,,CONFORME
C-7683990-S24-D21-divisionName,7683990,Pre7683990 Nom7683990,COMPARAISON_CHAMP,divisionName,S · poste 98689 · emploi 6031 · début 2024-02-12,24,21,APPARIE,1.0,LibelléDirection,UnitAdmin00371,00371-UnitAdmin00371,unitadmin00371,00371-unitadmin00371,371-UnitAdmin00371,,DIFFERENT,R_CONCAT_DIVISION,Concaténation CodeDirection + '-' + LibelléDirection,REGLE_DETERMINISTE,MATCH,zéros non significatifs du code ignorés,DERIVE,ECART_JUSTIFIE,ECART_JUSTIFIE,0.92,AUCUNE,0,"Niveau 1 : LibelléDirection='UnitAdmin00371' ≠ divisionName='00371-UnitAdmin00371'. Niveau 2 : écart expliqué par R_CONCAT_DIVISION [Mapping.xlsx › Mapping, ligne 12] : CodeDirection + '-' + LibelléDirection → attendu '371-UnitAdmin00371' (zéros non significatifs du code ignorés).",,,,Aucune action.,,False,,,"{""CodeDirection"": ""371"", ""LibelléDirection"": ""UnitAdmin00371""}","{""code_destination"": ""00371"", ""libelle_destination"": ""UnitAdmin00371""}","Employe_Source_Anonymise_VF.xlsx ligne 24 ; Employe_Destination_Anonymise_VF.xlsx ligne 21 ; Mapping.xlsx › Mapping, ligne 12","Mapping.xlsx › Mapping, ligne 12",base ECART_JUSTIFIE=0.92 ; ×appariement 1.00 = 0.92,,,,,,ECART_JUSTIFIE
C-7683990-S24-D21-divisionCode,7683990,Pre7683990 Nom7683990,COMPARAISON_CHAMP,divisionCode,S · poste 98689 · emploi 6031 · début 2024-02-12,24,21,APPARIE,1.0,CodeImputation,2883,2883,2883,2883,2883,,IDENTIQUE,R_DIRECT,Copie directe (mapping N/A),COMPARAISON_BRUTE,MATCH,,CERTAIN,CONFORME,CONFORME,0.99,AUCUNE,0,"Niveau 1 : valeurs identiques (CodeImputation='2883', divisionCode='2883').",,,,Aucune action.,,False,,,"{""CodeImputation"": ""2883""}",,"Employe_Source_Anonymise_VF.xlsx ligne 24 ; Employe_Destination_Anonymise_VF.xlsx ligne 21 ; Mapping.xlsx › Mapping, ligne 13","Mapping.xlsx › Mapping, ligne 13",base CONFORME=0.99 ; ×appariement 1.00 = 0.99,,,,,,CONFORME
C-7683990-S24-D21-positionId,7683990,Pre7683990 Nom7683990,COMPARAISON_CHAMP,positionId,S · poste 98689 · emploi 6031 · début 2024-02-12,24,21,APPARIE,1.0,CodeEmploi,6031,6031,6031,6031,6031,,IDENTIQUE,R_DIRECT,Copie directe (mapping N/A),COMPARAISON_BRUTE,MATCH,,CERTAIN,CONFORME,CONFORME,0.99,AUCUNE,0,"Niveau 1 : valeurs identiques (CodeEmploi='6031', positionId='6031').",,,,Aucune action.,,False,,,"{""CodeEmploi"": ""6031""}",,"Employe_Source_Anonymise_VF.xlsx ligne 24 ; Employe_Destination_Anonymise_VF.xlsx ligne 21 ; Mapping.xlsx › Mapping, ligne 14","Mapping.xlsx › Mapping, ligne 14",base CONFORME=0.99 ; ×appariement 1.00 = 0.99,,,,,,CONFORME
C-7683990-S24-D21-positionCode,7683990,Pre7683990 Nom7683990,COMPARAISON_CHAMP,positionCode,S · poste 98689 · emploi 6031 · début 2024-02-12,24,21,APPARIE,1.0,CodeEmploi,6031,6031,6031,6031,6031,,IDENTIQUE,R_DIRECT,Copie directe (mapping N/A),COMPARAISON_BRUTE,MATCH,,CERTAIN,CONFORME,CONFORME,0.99,AUCUNE,0,"Niveau 1 : valeurs identiques (CodeEmploi='6031', positionCode='6031').",,,,Aucune action.,,False,,,"{""CodeEmploi"": ""6031""}",,"Employe_Source_Anonymise_VF.xlsx ligne 24 ; Employe_Destination_Anonymise_VF.xlsx ligne 21 ; Mapping.xlsx › Mapping, ligne 16","Mapping.xlsx › Mapping, ligne 16",base CONFORME=0.99 ; ×appariement 1.00 = 0.99,,,,,,CONFORME
C-7683990-S24-D21-statusReasonCode,7683990,Pre7683990 Nom7683990,COMPARAISON_CHAMP,statusReasonCode,S · poste 98689 · emploi 6031 · début 2024-02-12,24,21,APPARIE,1.0,"CodeStatutEmploi, CodeRaisonStatut, DateEffetRaison",703,,703,,,,DESTINATION_VIDE,R_SITUATION_EMPLOI,Table 'Règles situation d'emploi' + jointure motifs,REGLE_DETERMINISTE,MATCH,,DERIVE,ECART_JUSTIFIE,ECART_JUSTIFIE,0.92,AUCUNE,0,"Niveau 1 : CodeRaisonStatut='703' ≠ statusReasonCode='∅'. Niveau 2 : écart expliqué par R_SITUATION_EMPLOI [Mapping.xlsx › Mapping, lignes 17-21] : situation 'Actif' (codes d'accès [0, 1], ligne 2) → cf_CAD = null → attendu '∅'.",,,,Aucune action.,,False,,,"{""CodeSuspensionAccès"": ""1"", ""CodeStatutEmploi"": ""1"", ""CodeRaisonStatut"": ""703"", ""DateEffetRaison"": ""1991-10-31"", ""DateRetourAnticipée"": """"}","{""motif_trouve"": false}","Employe_Source_Anonymise_VF.xlsx ligne 24 ; Employe_Destination_Anonymise_VF.xlsx ligne 21 ; Mapping.xlsx › Mapping, lignes 17-21 ; Mapping.xlsx › Règles situation d'emploi","Mapping.xlsx › Mapping, lignes 17-21",base ECART_JUSTIFIE=0.92 ; ×appariement 1.00 = 0.92,,,,,,ECART_JUSTIFIE
C-7683990-S24-D21-expectedReturnDate,7683990,Pre7683990 Nom7683990,COMPARAISON_CHAMP,expectedReturnDate,S · poste 98689 · emploi 6031 · début 2024-02-12,24,21,APPARIE,1.0,DateRetourAnticipée,,,,,,,VIDE_DES_DEUX_COTES,R_SITUATION_EMPLOI,Table 'Règles situation d'emploi' + jointure motifs,REGLE_DETERMINISTE,MATCH,,DERIVE,CONFORME,CONFORME,0.95,AUCUNE,0,Niveau 1 : valeur vide des deux côtés (DateRetourAnticipée / expectedReturnDate).,,,,Aucune action.,,False,,,"{""CodeSuspensionAccès"": ""1"", ""CodeStatutEmploi"": ""1"", ""CodeRaisonStatut"": ""703"", ""DateEffetRaison"": ""1991-10-31"", ""DateRetourAnticipée"": """"}","{""motif_trouve"": false}","Employe_Source_Anonymise_VF.xlsx ligne 24 ; Employe_Destination_Anonymise_VF.xlsx ligne 21 ; Mapping.xlsx › Mapping, ligne 22 ; Mapping.xlsx › Règles situation d'emploi","Mapping.xlsx › Mapping, ligne 22",base CONFORME=0.95 ; ×appariement 1.00 = 0.95,,,,,,CONFORME
C-7683990-S24-D21-detailedStatus,7683990,Pre7683990 Nom7683990,COMPARAISON_CHAMP,detailedStatus,S · poste 98689 · emploi 6031 · début 2024-02-12,24,21,APPARIE,1.0,-,,Actif,,actif,Actif,,NON_COMPARABLE,R_SITUATION_EMPLOI,Table 'Règles situation d'emploi' + jointure motifs,REGLE_DETERMINISTE,MATCH,,DERIVE,CONFORME,CONFORME,0.95,AUCUNE,0,"Niveau 2 : R_SITUATION_EMPLOI [Mapping.xlsx › Mapping, ligne 23] dérive 'Actif' (situation 'Actif' (codes d'accès [0, 1], ligne 2)) ; identique à la destination.",,,,Aucune action.,,False,,,"{""CodeSuspensionAccès"": ""1"", ""CodeStatutEmploi"": ""1"", ""CodeRaisonStatut"": ""703"", ""DateEffetRaison"": ""1991-10-31"", ""DateRetourAnticipée"": """"}","{""motif_trouve"": false}","Employe_Source_Anonymise_VF.xlsx ligne 24 ; Employe_Destination_Anonymise_VF.xlsx ligne 21 ; Mapping.xlsx › Mapping, ligne 23 ; Mapping.xlsx › Règles situation d'emploi","Mapping.xlsx › Mapping, ligne 23",base CONFORME=0.95 ; ×appariement 1.00 = 0.95,,,,,,CONFORME
C-7683990-S24-D21-contractTypeCode,7683990,Pre7683990 Nom7683990,COMPARAISON_CHAMP,contractTypeCode,S · poste 98689 · emploi 6031 · début 2024-02-12,24,21,APPARIE,1.0,"CatégorieEmploi, EMPT_CD, EstPermanent, PERM_IND, EstTempsPlein, FT_IND",V,JWN,v,jwn,JWN,,DIFFERENT,R_CONTRACT_TYPE,Type d'employé : table SI PERM_IND / FT_IND / EMPTP_CD,REGLE_DETERMINISTE,MATCH,,DERIVE,ECART_JUSTIFIE,ECART_JUSTIFIE,0.92,AUCUNE,0,"Niveau 1 : CatégorieEmploi='V' ≠ contractTypeCode='JWN'. Niveau 2 : écart expliqué par R_CONTRACT_TYPE [Mapping.xlsx › Mapping, lignes 24-40] : ligne de règle appliquée : SI PERM_IND=1 et FT_IND=1 et EMPTP_CD=""V"" --> Mettre ""JWN"" → attendu 'JWN'.",,,,Aucune action.,,False,,,"{""CatégorieEmploi"": ""V"", ""EstPermanent"": ""Oui (1)"", ""EstTempsPlein"": ""Oui (1)""}",,"Employe_Source_Anonymise_VF.xlsx ligne 24 ; Employe_Destination_Anonymise_VF.xlsx ligne 21 ; Mapping.xlsx › Mapping, lignes 24-40","Mapping.xlsx › Mapping, lignes 24-40",base ECART_JUSTIFIE=0.92 ; ×appariement 1.00 = 0.92,,,,,,ECART_JUSTIFIE
C-7683990-S24-D21-isPrimaryAssignment,7683990,Pre7683990 Nom7683990,COMPARAISON_CHAMP,isPrimaryAssignment,S · poste 98689 · emploi 6031 · début 2024-02-12,24,21,APPARIE,1.0,TypeAffectation,S,false,S,false,false,,DIFFERENT,R_ASSIGNMENT_TYPE,TypeAffectation P/A/S → indicateurs primaire/temporaire,REGLE_DETERMINISTE,MATCH,,DERIVE,ECART_JUSTIFIE,ECART_JUSTIFIE,0.92,AUCUNE,0,"Niveau 1 : TypeAffectation='S' ≠ isPrimaryAssignment='false'. Niveau 2 : écart expliqué par R_ASSIGNMENT_TYPE [Mapping.xlsx › Mapping, lignes 41-45] : Type aff = S → primaire=false, temporaire=false → attendu 'false'.",,,,Aucune action.,,False,,,"{""TypeAffectation"": ""S""}",,"Employe_Source_Anonymise_VF.xlsx ligne 24 ; Employe_Destination_Anonymise_VF.xlsx ligne 21 ; Mapping.xlsx › Mapping, lignes 41-45","Mapping.xlsx › Mapping, lignes 41-45",base ECART_JUSTIFIE=0.92 ; ×appariement 1.00 = 0.92,,,,,,ECART_JUSTIFIE
C-7683990-S24-D21-isTemporaryAssignment,7683990,Pre7683990 Nom7683990,COMPARAISON_CHAMP,isTemporaryAssignment,S · poste 98689 · emploi 6031 · début 2024-02-12,24,21,APPARIE,1.0,TypeAffectation,S,false,S,false,false,,DIFFERENT,R_ASSIGNMENT_TYPE,TypeAffectation P/A/S → indicateurs primaire/temporaire,REGLE_DETERMINISTE,MATCH,,DERIVE,ECART_JUSTIFIE,ECART_JUSTIFIE,0.92,AUCUNE,0,"Niveau 1 : TypeAffectation='S' ≠ isTemporaryAssignment='false'. Niveau 2 : écart expliqué par R_ASSIGNMENT_TYPE [Mapping.xlsx › Mapping, lignes 41-45] : Type aff = S → primaire=false, temporaire=false → attendu 'false'.",,,,Aucune action.,,False,,,"{""TypeAffectation"": ""S""}",,"Employe_Source_Anonymise_VF.xlsx ligne 24 ; Employe_Destination_Anonymise_VF.xlsx ligne 21 ; Mapping.xlsx › Mapping, lignes 41-45","Mapping.xlsx › Mapping, lignes 41-45",base ECART_JUSTIFIE=0.92 ; ×appariement 1.00 = 0.92,,,,,,ECART_JUSTIFIE
C-7683990-S24-D21-assignmentStartDate,7683990,Pre7683990 Nom7683990,COMPARAISON_CHAMP,assignmentStartDate,S · poste 98689 · emploi 6031 · début 2024-02-12,24,21,APPARIE,1.0,DateEntréePoste,2024-02-12,2024-02-12,2024-02-12,2024-02-12,2024-02-12,,IDENTIQUE,R_ASSIGNMENT_START,Date d'effet : DateEntréePoste vs date d'effet de l'unité adm. (détail du poste),REGLE_DETERMINISTE,MATCH,,DERIVE,CONFORME,CONFORME,0.99,AUCUNE,0,"Niveau 1 : valeurs identiques (DateEntréePoste='2024-02-12', assignmentStartDate='2024-02-12') ; Niveau 2 : R_ASSIGNMENT_START [Mapping.xlsx › Mapping, lignes 46-48] confirme la valeur attendue '2024-02-12' (MAX(DateEntréePoste 2024-02-12, date d'effet du détail du poste courant 1990-05-20) = 2024-02-12 → date d'effet du poste (source) [enregistrement courant (ligne 115) différent du précédent (ligne 114) sur : CodePosteSecondaire, MatriculeGestionnaire]).",,,,Aucune action.,,False,,,"{""DateEntréePoste"": ""2024-02-12"", ""CodePoste"": ""98689"", ""CodeDirection"": ""371""}","{""date_effet_detail_courant"": ""1990-05-20"", ""ligne_detail_courant"": 115, ""methode_detail_poste"": ""enregistrement courant (ligne 115) différent du précédent (ligne 114) sur : CodePosteSecondaire, MatriculeGestionnaire"", ""historique"": ""1984-11-24 (unité 371) → 1987-07-01 (unité 371) → 1988-03-21 (unité 371) → 1988-10-09 (unité 371) → 1990-05-20 (unité 371)"", ""EFFDT_min"": ""1984-11-24"", ""EFFDT_max"": ""1990-05-20"", ""lignes_detail_poste"": [111, 112, 113, 114, 115], ""valeur_lecture_litterale_MIN"": ""1990-05-20""}","Employe_Source_Anonymise_VF.xlsx ligne 24 ; Employe_Destination_Anonymise_VF.xlsx ligne 21 ; Mapping.xlsx › Mapping, lignes 46-48 ; détail_du_poste.xlsx lignes 111-115","Mapping.xlsx › Mapping, lignes 46-48",base CONFORME=0.99 ; ×appariement 1.00 = 0.99,,,,,,CONFORME
C-7683990-S24-D21-payGradeId,7683990,Pre7683990 Nom7683990,COMPARAISON_CHAMP,payGradeId,S · poste 98689 · emploi 6031 · début 2024-02-12,24,21,APPARIE,1.0,ÉchelleSalariale,293,293,293,293,293,,IDENTIQUE,R_DIRECT,Copie directe (mapping N/A),COMPARAISON_BRUTE,MATCH,,CERTAIN,CONFORME,CONFORME,0.99,AUCUNE,0,"Niveau 1 : valeurs identiques (ÉchelleSalariale='293', payGradeId='293').",,,,Aucune action.,,False,,,"{""ÉchelleSalariale"": ""293""}",,"Employe_Source_Anonymise_VF.xlsx ligne 24 ; Employe_Destination_Anonymise_VF.xlsx ligne 21 ; Mapping.xlsx › Mapping, ligne 49","Mapping.xlsx › Mapping, ligne 49",base CONFORME=0.99 ; ×appariement 1.00 = 0.99,,,,,,CONFORME
C-7683990-S24-D21-weeklyHoursOverride,7683990,Pre7683990 Nom7683990,COMPARAISON_CHAMP,weeklyHoursOverride,S · poste 98689 · emploi 6031 · début 2024-02-12,24,21,APPARIE,1.0,HeuresNormeHebdo,40,40,40,40,40,,IDENTIQUE,R_DIRECT,Copie directe (mapping N/A),COMPARAISON_BRUTE,MATCH,,CERTAIN,CONFORME,CONFORME,0.99,AUCUNE,0,"Niveau 1 : valeurs identiques (HeuresNormeHebdo='40', weeklyHoursOverride='40').",,,,Aucune action.,,False,,,"{""HeuresNormeHebdo"": ""40""}","{""heures_semaine_poste"": 40, ""CodeQuart"": ""23""}","Employe_Source_Anonymise_VF.xlsx ligne 24 ; Employe_Destination_Anonymise_VF.xlsx ligne 21 ; Mapping.xlsx › Mapping, ligne 51 ; détail_du_poste.xlsx (contexte) lignes 115","Mapping.xlsx › Mapping, ligne 51",base CONFORME=0.99 ; ×appariement 1.00 = 0.99,,,,,,CONFORME
C-7683990-S24-D21-dailyHoursOverride,7683990,Pre7683990 Nom7683990,COMPARAISON_CHAMP,dailyHoursOverride,S · poste 98689 · emploi 6031 · début 2024-02-12,24,21,APPARIE,1.0,HeuresNormeQuotidienne,8,8,8,8,8,,IDENTIQUE,R_DIRECT,Copie directe (mapping N/A),COMPARAISON_BRUTE,MATCH,,CERTAIN,CONFORME,CONFORME,0.99,AUCUNE,0,"Niveau 1 : valeurs identiques (HeuresNormeQuotidienne='8', dailyHoursOverride='8').",,,,Aucune action.,,False,,,"{""HeuresNormeQuotidienne"": ""8""}","{""heures_jour_poste"": 8, ""CodeQuart"": ""23""}","Employe_Source_Anonymise_VF.xlsx ligne 24 ; Employe_Destination_Anonymise_VF.xlsx ligne 21 ; Mapping.xlsx › Mapping, ligne 52 ; détail_du_poste.xlsx (contexte) lignes 115","Mapping.xlsx › Mapping, ligne 52",base CONFORME=0.99 ; ×appariement 1.00 = 0.99,,,,,,CONFORME
C-7683990-S24-D21-assignmentEndDate,7683990,Pre7683990 Nom7683990,COMPARAISON_CHAMP,assignmentEndDate,S · poste 98689 · emploi 6031 · début 2024-02-12,24,21,APPARIE,1.0,DateSortiePoste,,,,,,,VIDE_DES_DEUX_COTES,R_ASSIGNMENT_END,"Date de fin : MIN(DateSortiePoste, fin de l'unité adm. courante)",REGLE_DETERMINISTE,MATCH,,DERIVE,CONFORME,CONFORME,0.95,AUCUNE,0,Niveau 1 : valeur vide des deux côtés (DateSortiePoste / assignmentEndDate).,,,,Aucune action.,,False,,,"{""DateSortiePoste"": """", ""CodePoste"": ""98689""}","{""fin_unite_adm"": """", ""methode_unite_adm"": ""aucun changement d'unité dans l'historique → MIN(EFFDT)""}","Employe_Source_Anonymise_VF.xlsx ligne 24 ; Employe_Destination_Anonymise_VF.xlsx ligne 21 ; Mapping.xlsx › Mapping, lignes 53-55 ; détail_du_poste.xlsx lignes 111-115","Mapping.xlsx › Mapping, lignes 53-55",base CONFORME=0.95 ; ×appariement 1.00 = 0.95,,,,,,CONFORME
C-7683990-S24-D21-termEndDate,7683990,Pre7683990 Nom7683990,COMPARAISON_CHAMP,termEndDate,S · poste 98689 · emploi 6031 · début 2024-02-12,24,21,APPARIE,1.0,DateSortiePoste,,,,,,,VIDE_DES_DEUX_COTES,R_ASSIGNMENT_END,"Date de fin : MIN(DateSortiePoste, fin de l'unité adm. courante)",REGLE_DETERMINISTE,MATCH,,DERIVE,CONFORME,CONFORME,0.95,AUCUNE,0,Niveau 1 : valeur vide des deux côtés (DateSortiePoste / termEndDate).,,,,Aucune action.,,False,,,"{""DateSortiePoste"": """", ""CodePoste"": ""98689""}","{""fin_unite_adm"": """", ""methode_unite_adm"": ""aucun changement d'unité dans l'historique → MIN(EFFDT)""}","Employe_Source_Anonymise_VF.xlsx ligne 24 ; Employe_Destination_Anonymise_VF.xlsx ligne 21 ; Mapping.xlsx › Mapping, lignes 56-58 ; détail_du_poste.xlsx lignes 111-115","Mapping.xlsx › Mapping, lignes 56-58",base CONFORME=0.95 ; ×appariement 1.00 = 0.95,,,,,,CONFORME
C-8142123-S5-D4-givenName,8142123,Pre8142123 Nom8142123,COMPARAISON_CHAMP,givenName,P · poste 26800 · emploi 6203 · début 2009-03-30,5,4,APPARIE,1.0,PrénomUsuel,Pre8142123,Pre8142123,pre8142123,pre8142123,Pre8142123,,IDENTIQUE,R_DIRECT,Copie directe (mapping N/A),COMPARAISON_BRUTE,MATCH,,CERTAIN,CONFORME,CONFORME,0.99,AUCUNE,0,"Niveau 1 : valeurs identiques (PrénomUsuel='Pre8142123', givenName='Pre8142123').",,,,Aucune action.,,False,,,"{""PrénomUsuel"": ""Pre8142123""}",,"Employe_Source_Anonymise_VF.xlsx ligne 5 ; Employe_Destination_Anonymise_VF.xlsx ligne 4 ; Mapping.xlsx › Mapping, ligne 2","Mapping.xlsx › Mapping, ligne 2",base CONFORME=0.99 ; ×appariement 1.00 = 0.99,,,,,,CONFORME
C-8142123-S5-D4-surname,8142123,Pre8142123 Nom8142123,COMPARAISON_CHAMP,surname,P · poste 26800 · emploi 6203 · début 2009-03-30,5,4,APPARIE,1.0,NomFamille,Nom8142123,Nom8142123,nom8142123,nom8142123,Nom8142123,,IDENTIQUE,R_DIRECT,Copie directe (mapping N/A),COMPARAISON_BRUTE,MATCH,,CERTAIN,CONFORME,CONFORME,0.99,AUCUNE,0,"Niveau 1 : valeurs identiques (NomFamille='Nom8142123', surname='Nom8142123').",,,,Aucune action.,,False,,,"{""NomFamille"": ""Nom8142123""}",,"Employe_Source_Anonymise_VF.xlsx ligne 5 ; Employe_Destination_Anonymise_VF.xlsx ligne 4 ; Mapping.xlsx › Mapping, ligne 3","Mapping.xlsx › Mapping, ligne 3",base CONFORME=0.99 ; ×appariement 1.00 = 0.99,,,,,,CONFORME
C-8142123-S5-D4-onboardDate,8142123,Pre8142123 Nom8142123,COMPARAISON_CHAMP,onboardDate,P · poste 26800 · emploi 6203 · début 2009-03-30,5,4,APPARIE,1.0,DateEmbaucheRécente,1985-09-01,1985-09-01T00:00:00.000Z,1985-09-01,1985-09-01,1985-09-01,,IDENTIQUE_APRES_NORMALISATION,R_DIRECT,Copie directe (mapping N/A),COMPARAISON_BRUTE,MATCH,,CERTAIN,CONFORME,CONFORME,0.95,AUCUNE,0,Niveau 1 : différence de format uniquement ('1985-09-01' vs '1985-09-01T00:00:00.000Z' → '1985-09-01').,,,,Aucune action.,,False,,,"{""DateEmbaucheRécente"": ""1985-09-01""}",,"Employe_Source_Anonymise_VF.xlsx ligne 5 ; Employe_Destination_Anonymise_VF.xlsx ligne 4 ; Mapping.xlsx › Mapping, ligne 7","Mapping.xlsx › Mapping, ligne 7",base CONFORME=0.95 ; ×appariement 1.00 = 0.95,,,,,,CONFORME
C-8142123-S5-D4-siteName,8142123,Pre8142123 Nom8142123,COMPARAISON_CHAMP,siteName,P · poste 26800 · emploi 6203 · début 2009-03-30,5,4,APPARIE,1.0,LibelléSite,Emplacement48,Emplacement48,emplacement48,emplacement48,Emplacement48,,IDENTIQUE,R_DIRECT,Copie directe (mapping N/A),COMPARAISON_BRUTE,MATCH,,CERTAIN,CONFORME,CONFORME,0.99,AUCUNE,0,"Niveau 1 : valeurs identiques (LibelléSite='Emplacement48', siteName='Emplacement48').",,,,Aucune action.,,False,,,"{""LibelléSite"": ""Emplacement48""}",,"Employe_Source_Anonymise_VF.xlsx ligne 5 ; Employe_Destination_Anonymise_VF.xlsx ligne 4 ; Mapping.xlsx › Mapping, ligne 9","Mapping.xlsx › Mapping, ligne 9",base CONFORME=0.99 ; ×appariement 1.00 = 0.99,,,,,,CONFORME
C-8142123-S5-D4-siteCode,8142123,Pre8142123 Nom8142123,COMPARAISON_CHAMP,siteCode,P · poste 26800 · emploi 6203 · début 2009-03-30,5,4,APPARIE,1.0,CodeSite,48,48,48,48,48,,IDENTIQUE,R_DIRECT,Copie directe (mapping N/A),COMPARAISON_BRUTE,MATCH,,CERTAIN,CONFORME,CONFORME,0.99,AUCUNE,0,"Niveau 1 : valeurs identiques (CodeSite='48', siteCode='48').",,,,Aucune action.,,False,,,"{""CodeSite"": ""48""}",,"Employe_Source_Anonymise_VF.xlsx ligne 5 ; Employe_Destination_Anonymise_VF.xlsx ligne 4 ; Mapping.xlsx › Mapping, ligne 10","Mapping.xlsx › Mapping, ligne 10",base CONFORME=0.99 ; ×appariement 1.00 = 0.99,,,,,,CONFORME
C-8142123-S5-D4-divisionId,8142123,Pre8142123 Nom8142123,COMPARAISON_CHAMP,divisionId,P · poste 26800 · emploi 6203 · début 2009-03-30,5,4,APPARIE,1.0,CodeDirection,348,348,348,348,348,,IDENTIQUE,R_DIRECT,Copie directe (mapping N/A),COMPARAISON_BRUTE,MATCH,,CERTAIN,CONFORME,CONFORME,0.99,AUCUNE,0,"Niveau 1 : valeurs identiques (CodeDirection='348', divisionId='348').",,,,Aucune action.,,False,,,"{""CodeDirection"": ""348""}",,"Employe_Source_Anonymise_VF.xlsx ligne 5 ; Employe_Destination_Anonymise_VF.xlsx ligne 4 ; Mapping.xlsx › Mapping, ligne 11","Mapping.xlsx › Mapping, ligne 11",base CONFORME=0.99 ; ×appariement 1.00 = 0.99,,,,,,CONFORME
C-8142123-S5-D4-divisionName,8142123,Pre8142123 Nom8142123,COMPARAISON_CHAMP,divisionName,P · poste 26800 · emploi 6203 · début 2009-03-30,5,4,APPARIE,1.0,LibelléDirection,UnitAdmin00348,00348-UnitAdmin00348,unitadmin00348,00348-unitadmin00348,348-UnitAdmin00348,,DIFFERENT,R_CONCAT_DIVISION,Concaténation CodeDirection + '-' + LibelléDirection,REGLE_DETERMINISTE,MATCH,zéros non significatifs du code ignorés,DERIVE,ECART_JUSTIFIE,ECART_JUSTIFIE,0.92,AUCUNE,0,"Niveau 1 : LibelléDirection='UnitAdmin00348' ≠ divisionName='00348-UnitAdmin00348'. Niveau 2 : écart expliqué par R_CONCAT_DIVISION [Mapping.xlsx › Mapping, ligne 12] : CodeDirection + '-' + LibelléDirection → attendu '348-UnitAdmin00348' (zéros non significatifs du code ignorés).",,,,Aucune action.,,False,,,"{""CodeDirection"": ""348"", ""LibelléDirection"": ""UnitAdmin00348""}","{""code_destination"": ""00348"", ""libelle_destination"": ""UnitAdmin00348""}","Employe_Source_Anonymise_VF.xlsx ligne 5 ; Employe_Destination_Anonymise_VF.xlsx ligne 4 ; Mapping.xlsx › Mapping, ligne 12","Mapping.xlsx › Mapping, ligne 12",base ECART_JUSTIFIE=0.92 ; ×appariement 1.00 = 0.92,,,,,,ECART_JUSTIFIE
C-8142123-S5-D4-divisionCode,8142123,Pre8142123 Nom8142123,COMPARAISON_CHAMP,divisionCode,P · poste 26800 · emploi 6203 · début 2009-03-30,5,4,APPARIE,1.0,CodeImputation,2950,2950,2950,2950,2950,,IDENTIQUE,R_DIRECT,Copie directe (mapping N/A),COMPARAISON_BRUTE,MATCH,,CERTAIN,CONFORME,CONFORME,0.99,AUCUNE,0,"Niveau 1 : valeurs identiques (CodeImputation='2950', divisionCode='2950').",,,,Aucune action.,,False,,,"{""CodeImputation"": ""2950""}",,"Employe_Source_Anonymise_VF.xlsx ligne 5 ; Employe_Destination_Anonymise_VF.xlsx ligne 4 ; Mapping.xlsx › Mapping, ligne 13","Mapping.xlsx › Mapping, ligne 13",base CONFORME=0.99 ; ×appariement 1.00 = 0.99,,,,,,CONFORME
C-8142123-S5-D4-positionId,8142123,Pre8142123 Nom8142123,COMPARAISON_CHAMP,positionId,P · poste 26800 · emploi 6203 · début 2009-03-30,5,4,APPARIE,1.0,CodeEmploi,6203,6203,6203,6203,6203,,IDENTIQUE,R_DIRECT,Copie directe (mapping N/A),COMPARAISON_BRUTE,MATCH,,CERTAIN,CONFORME,CONFORME,0.99,AUCUNE,0,"Niveau 1 : valeurs identiques (CodeEmploi='6203', positionId='6203').",,,,Aucune action.,,False,,,"{""CodeEmploi"": ""6203""}",,"Employe_Source_Anonymise_VF.xlsx ligne 5 ; Employe_Destination_Anonymise_VF.xlsx ligne 4 ; Mapping.xlsx › Mapping, ligne 14","Mapping.xlsx › Mapping, ligne 14",base CONFORME=0.99 ; ×appariement 1.00 = 0.99,,,,,,CONFORME
C-8142123-S5-D4-positionCode,8142123,Pre8142123 Nom8142123,COMPARAISON_CHAMP,positionCode,P · poste 26800 · emploi 6203 · début 2009-03-30,5,4,APPARIE,1.0,CodeEmploi,6203,6203,6203,6203,6203,,IDENTIQUE,R_DIRECT,Copie directe (mapping N/A),COMPARAISON_BRUTE,MATCH,,CERTAIN,CONFORME,CONFORME,0.99,AUCUNE,0,"Niveau 1 : valeurs identiques (CodeEmploi='6203', positionCode='6203').",,,,Aucune action.,,False,,,"{""CodeEmploi"": ""6203""}",,"Employe_Source_Anonymise_VF.xlsx ligne 5 ; Employe_Destination_Anonymise_VF.xlsx ligne 4 ; Mapping.xlsx › Mapping, ligne 16","Mapping.xlsx › Mapping, ligne 16",base CONFORME=0.99 ; ×appariement 1.00 = 0.99,,,,,,CONFORME
C-8142123-S5-D4-statusReasonCode,8142123,Pre8142123 Nom8142123,COMPARAISON_CHAMP,statusReasonCode,P · poste 26800 · emploi 6203 · début 2009-03-30,5,4,APPARIE,1.0,"CodeStatutEmploi, CodeRaisonStatut, DateEffetRaison",703,,703,,,,DESTINATION_VIDE,R_SITUATION_EMPLOI,Table 'Règles situation d'emploi' + jointure motifs,REGLE_DETERMINISTE,MATCH,,DERIVE,ECART_JUSTIFIE,ECART_JUSTIFIE,0.92,AUCUNE,0,"Niveau 1 : CodeRaisonStatut='703' ≠ statusReasonCode='∅'. Niveau 2 : écart expliqué par R_SITUATION_EMPLOI [Mapping.xlsx › Mapping, lignes 17-21] : situation 'Actif' (codes d'accès [0, 1], ligne 2) → cf_CAD = null → attendu '∅'.",,,,Aucune action.,,False,,,"{""CodeSuspensionAccès"": ""1"", ""CodeStatutEmploi"": ""1"", ""CodeRaisonStatut"": ""703"", ""DateEffetRaison"": ""1997-02-23"", ""DateRetourAnticipée"": """"}","{""motif_trouve"": false}","Employe_Source_Anonymise_VF.xlsx ligne 5 ; Employe_Destination_Anonymise_VF.xlsx ligne 4 ; Mapping.xlsx › Mapping, lignes 17-21 ; Mapping.xlsx › Règles situation d'emploi","Mapping.xlsx › Mapping, lignes 17-21",base ECART_JUSTIFIE=0.92 ; ×appariement 1.00 = 0.92,,,,,,ECART_JUSTIFIE
C-8142123-S5-D4-expectedReturnDate,8142123,Pre8142123 Nom8142123,COMPARAISON_CHAMP,expectedReturnDate,P · poste 26800 · emploi 6203 · début 2009-03-30,5,4,APPARIE,1.0,DateRetourAnticipée,,,,,,,VIDE_DES_DEUX_COTES,R_SITUATION_EMPLOI,Table 'Règles situation d'emploi' + jointure motifs,REGLE_DETERMINISTE,MATCH,,DERIVE,CONFORME,CONFORME,0.95,AUCUNE,0,Niveau 1 : valeur vide des deux côtés (DateRetourAnticipée / expectedReturnDate).,,,,Aucune action.,,False,,,"{""CodeSuspensionAccès"": ""1"", ""CodeStatutEmploi"": ""1"", ""CodeRaisonStatut"": ""703"", ""DateEffetRaison"": ""1997-02-23"", ""DateRetourAnticipée"": """"}","{""motif_trouve"": false}","Employe_Source_Anonymise_VF.xlsx ligne 5 ; Employe_Destination_Anonymise_VF.xlsx ligne 4 ; Mapping.xlsx › Mapping, ligne 22 ; Mapping.xlsx › Règles situation d'emploi","Mapping.xlsx › Mapping, ligne 22",base CONFORME=0.95 ; ×appariement 1.00 = 0.95,,,,,,CONFORME
C-8142123-S5-D4-detailedStatus,8142123,Pre8142123 Nom8142123,COMPARAISON_CHAMP,detailedStatus,P · poste 26800 · emploi 6203 · début 2009-03-30,5,4,APPARIE,1.0,-,,Actif,,actif,Actif,,NON_COMPARABLE,R_SITUATION_EMPLOI,Table 'Règles situation d'emploi' + jointure motifs,REGLE_DETERMINISTE,MATCH,,DERIVE,CONFORME,CONFORME,0.95,AUCUNE,0,"Niveau 2 : R_SITUATION_EMPLOI [Mapping.xlsx › Mapping, ligne 23] dérive 'Actif' (situation 'Actif' (codes d'accès [0, 1], ligne 2)) ; identique à la destination.",,,,Aucune action.,,False,,,"{""CodeSuspensionAccès"": ""1"", ""CodeStatutEmploi"": ""1"", ""CodeRaisonStatut"": ""703"", ""DateEffetRaison"": ""1997-02-23"", ""DateRetourAnticipée"": """"}","{""motif_trouve"": false}","Employe_Source_Anonymise_VF.xlsx ligne 5 ; Employe_Destination_Anonymise_VF.xlsx ligne 4 ; Mapping.xlsx › Mapping, ligne 23 ; Mapping.xlsx › Règles situation d'emploi","Mapping.xlsx › Mapping, ligne 23",base CONFORME=0.95 ; ×appariement 1.00 = 0.95,,,,,,CONFORME
C-8142123-S5-D4-contractTypeCode,8142123,Pre8142123 Nom8142123,COMPARAISON_CHAMP,contractTypeCode,P · poste 26800 · emploi 6203 · début 2009-03-30,5,4,APPARIE,1.0,"CatégorieEmploi, EMPT_CD, EstPermanent, PERM_IND, EstTempsPlein, FT_IND",V,JWN,v,jwn,JWN,,DIFFERENT,R_CONTRACT_TYPE,Type d'employé : table SI PERM_IND / FT_IND / EMPTP_CD,REGLE_DETERMINISTE,MATCH,,DERIVE,ECART_JUSTIFIE,ECART_JUSTIFIE,0.92,AUCUNE,0,"Niveau 1 : CatégorieEmploi='V' ≠ contractTypeCode='JWN'. Niveau 2 : écart expliqué par R_CONTRACT_TYPE [Mapping.xlsx › Mapping, lignes 24-40] : ligne de règle appliquée : SI PERM_IND=1 et FT_IND=1 et EMPTP_CD=""V"" --> Mettre ""JWN"" → attendu 'JWN'.",,,,Aucune action.,,False,,,"{""CatégorieEmploi"": ""V"", ""EstPermanent"": ""Oui (1)"", ""EstTempsPlein"": ""Oui (1)""}",,"Employe_Source_Anonymise_VF.xlsx ligne 5 ; Employe_Destination_Anonymise_VF.xlsx ligne 4 ; Mapping.xlsx › Mapping, lignes 24-40","Mapping.xlsx › Mapping, lignes 24-40",base ECART_JUSTIFIE=0.92 ; ×appariement 1.00 = 0.92,,,,,,ECART_JUSTIFIE
C-8142123-S5-D4-isPrimaryAssignment,8142123,Pre8142123 Nom8142123,COMPARAISON_CHAMP,isPrimaryAssignment,P · poste 26800 · emploi 6203 · début 2009-03-30,5,4,APPARIE,1.0,TypeAffectation,P,true,P,true,true,,DIFFERENT,R_ASSIGNMENT_TYPE,TypeAffectation P/A/S → indicateurs primaire/temporaire,REGLE_DETERMINISTE,MATCH,,DERIVE,ECART_JUSTIFIE,ECART_JUSTIFIE,0.92,AUCUNE,0,"Niveau 1 : TypeAffectation='P' ≠ isPrimaryAssignment='true'. Niveau 2 : écart expliqué par R_ASSIGNMENT_TYPE [Mapping.xlsx › Mapping, lignes 41-45] : Type aff = P → primaire=true, temporaire=false → attendu 'true'.",,,,Aucune action.,,False,,,"{""TypeAffectation"": ""P""}",,"Employe_Source_Anonymise_VF.xlsx ligne 5 ; Employe_Destination_Anonymise_VF.xlsx ligne 4 ; Mapping.xlsx › Mapping, lignes 41-45","Mapping.xlsx › Mapping, lignes 41-45",base ECART_JUSTIFIE=0.92 ; ×appariement 1.00 = 0.92,,,,,,ECART_JUSTIFIE
C-8142123-S5-D4-isTemporaryAssignment,8142123,Pre8142123 Nom8142123,COMPARAISON_CHAMP,isTemporaryAssignment,P · poste 26800 · emploi 6203 · début 2009-03-30,5,4,APPARIE,1.0,TypeAffectation,P,false,P,false,false,,DIFFERENT,R_ASSIGNMENT_TYPE,TypeAffectation P/A/S → indicateurs primaire/temporaire,REGLE_DETERMINISTE,MATCH,,DERIVE,ECART_JUSTIFIE,ECART_JUSTIFIE,0.92,AUCUNE,0,"Niveau 1 : TypeAffectation='P' ≠ isTemporaryAssignment='false'. Niveau 2 : écart expliqué par R_ASSIGNMENT_TYPE [Mapping.xlsx › Mapping, lignes 41-45] : Type aff = P → primaire=true, temporaire=false → attendu 'false'.",,,,Aucune action.,,False,,,"{""TypeAffectation"": ""P""}",,"Employe_Source_Anonymise_VF.xlsx ligne 5 ; Employe_Destination_Anonymise_VF.xlsx ligne 4 ; Mapping.xlsx › Mapping, lignes 41-45","Mapping.xlsx › Mapping, lignes 41-45",base ECART_JUSTIFIE=0.92 ; ×appariement 1.00 = 0.92,,,,,,ECART_JUSTIFIE
C-8142123-S5-D4-assignmentStartDate,8142123,Pre8142123 Nom8142123,COMPARAISON_CHAMP,assignmentStartDate,P · poste 26800 · emploi 6203 · début 2009-03-30,5,4,APPARIE,1.0,DateEntréePoste,2009-03-30,2009-03-30,2009-03-30,2009-03-30,2009-03-30,,IDENTIQUE,R_ASSIGNMENT_START,Date d'effet : DateEntréePoste vs date d'effet de l'unité adm. (détail du poste),REGLE_DETERMINISTE,MATCH,,DERIVE,CONFORME,CONFORME,0.99,AUCUNE,0,"Niveau 1 : valeurs identiques (DateEntréePoste='2009-03-30', assignmentStartDate='2009-03-30') ; Niveau 2 : R_ASSIGNMENT_START [Mapping.xlsx › Mapping, lignes 46-48] confirme la valeur attendue '2009-03-30' (MAX(DateEntréePoste 2009-03-30, date d'effet du détail du poste courant 1976-09-05) = 2009-03-30 → date d'effet du poste (source) [enregistrement courant (ligne 16) différent du précédent (ligne 15) sur : CodePosteSecondaire, MatriculeGestionnaire]).",,,,Aucune action.,,False,,,"{""DateEntréePoste"": ""2009-03-30"", ""CodePoste"": ""26800"", ""CodeDirection"": ""348""}","{""date_effet_detail_courant"": ""1976-09-05"", ""ligne_detail_courant"": 16, ""methode_detail_poste"": ""enregistrement courant (ligne 16) différent du précédent (ligne 15) sur : CodePosteSecondaire, MatriculeGestionnaire"", ""historique"": ""1968-02-04 (unité 348) → 1969-01-08 (unité 348) → 1971-05-20 (unité 348) → 1972-06-15 (unité 348) → 1972-12-14 (unité 348) → 1976-09-05 (unité 348)"", ""EFFDT_min"": ""1968-02-04"", ""EFFDT_max"": ""1976-09-05"", ""lignes_detail_poste"": [11, 12, 13, 14, 15, 16], ""valeur_lecture_litterale_MIN"": ""1976-09-05""}","Employe_Source_Anonymise_VF.xlsx ligne 5 ; Employe_Destination_Anonymise_VF.xlsx ligne 4 ; Mapping.xlsx › Mapping, lignes 46-48 ; détail_du_poste.xlsx lignes 11-16","Mapping.xlsx › Mapping, lignes 46-48",base CONFORME=0.99 ; ×appariement 1.00 = 0.99,,,,,,CONFORME
C-8142123-S5-D4-payGradeId,8142123,Pre8142123 Nom8142123,COMPARAISON_CHAMP,payGradeId,P · poste 26800 · emploi 6203 · début 2009-03-30,5,4,APPARIE,1.0,ÉchelleSalariale,223,223,223,223,223,,IDENTIQUE,R_DIRECT,Copie directe (mapping N/A),COMPARAISON_BRUTE,MATCH,,CERTAIN,CONFORME,CONFORME,0.99,AUCUNE,0,"Niveau 1 : valeurs identiques (ÉchelleSalariale='223', payGradeId='223').",,,,Aucune action.,,False,,,"{""ÉchelleSalariale"": ""223""}",,"Employe_Source_Anonymise_VF.xlsx ligne 5 ; Employe_Destination_Anonymise_VF.xlsx ligne 4 ; Mapping.xlsx › Mapping, ligne 49","Mapping.xlsx › Mapping, ligne 49",base CONFORME=0.99 ; ×appariement 1.00 = 0.99,,,,,,CONFORME
C-8142123-S5-D4-weeklyHoursOverride,8142123,Pre8142123 Nom8142123,COMPARAISON_CHAMP,weeklyHoursOverride,P · poste 26800 · emploi 6203 · début 2009-03-30,5,4,APPARIE,1.0,HeuresNormeHebdo,40,40,40,40,40,,IDENTIQUE,R_DIRECT,Copie directe (mapping N/A),COMPARAISON_BRUTE,MATCH,,CERTAIN,CONFORME,CONFORME,0.99,AUCUNE,0,"Niveau 1 : valeurs identiques (HeuresNormeHebdo='40', weeklyHoursOverride='40').",,,,Aucune action.,,False,,,"{""HeuresNormeHebdo"": ""40""}","{""heures_semaine_poste"": 40, ""CodeQuart"": ""23""}","Employe_Source_Anonymise_VF.xlsx ligne 5 ; Employe_Destination_Anonymise_VF.xlsx ligne 4 ; Mapping.xlsx › Mapping, ligne 51 ; détail_du_poste.xlsx (contexte) lignes 16","Mapping.xlsx › Mapping, ligne 51",base CONFORME=0.99 ; ×appariement 1.00 = 0.99,,,,,,CONFORME
C-8142123-S5-D4-dailyHoursOverride,8142123,Pre8142123 Nom8142123,COMPARAISON_CHAMP,dailyHoursOverride,P · poste 26800 · emploi 6203 · début 2009-03-30,5,4,APPARIE,1.0,HeuresNormeQuotidienne,8,8,8,8,8,,IDENTIQUE,R_DIRECT,Copie directe (mapping N/A),COMPARAISON_BRUTE,MATCH,,CERTAIN,CONFORME,CONFORME,0.99,AUCUNE,0,"Niveau 1 : valeurs identiques (HeuresNormeQuotidienne='8', dailyHoursOverride='8').",,,,Aucune action.,,False,,,"{""HeuresNormeQuotidienne"": ""8""}","{""heures_jour_poste"": 8, ""CodeQuart"": ""23""}","Employe_Source_Anonymise_VF.xlsx ligne 5 ; Employe_Destination_Anonymise_VF.xlsx ligne 4 ; Mapping.xlsx › Mapping, ligne 52 ; détail_du_poste.xlsx (contexte) lignes 16","Mapping.xlsx › Mapping, ligne 52",base CONFORME=0.99 ; ×appariement 1.00 = 0.99,,,,,,CONFORME
C-8142123-S5-D4-assignmentEndDate,8142123,Pre8142123 Nom8142123,COMPARAISON_CHAMP,assignmentEndDate,P · poste 26800 · emploi 6203 · début 2009-03-30,5,4,APPARIE,1.0,DateSortiePoste,,,,,,,VIDE_DES_DEUX_COTES,R_ASSIGNMENT_END,"Date de fin : MIN(DateSortiePoste, fin de l'unité adm. courante)",REGLE_DETERMINISTE,MATCH,,DERIVE,CONFORME,CONFORME,0.95,AUCUNE,0,Niveau 1 : valeur vide des deux côtés (DateSortiePoste / assignmentEndDate).,,,,Aucune action.,,False,,,"{""DateSortiePoste"": """", ""CodePoste"": ""26800""}","{""fin_unite_adm"": """", ""methode_unite_adm"": ""aucun changement d'unité dans l'historique → MIN(EFFDT)""}","Employe_Source_Anonymise_VF.xlsx ligne 5 ; Employe_Destination_Anonymise_VF.xlsx ligne 4 ; Mapping.xlsx › Mapping, lignes 53-55 ; détail_du_poste.xlsx lignes 11-16","Mapping.xlsx › Mapping, lignes 53-55",base CONFORME=0.95 ; ×appariement 1.00 = 0.95,,,,,,CONFORME
C-8142123-S5-D4-termEndDate,8142123,Pre8142123 Nom8142123,COMPARAISON_CHAMP,termEndDate,P · poste 26800 · emploi 6203 · début 2009-03-30,5,4,APPARIE,1.0,DateSortiePoste,,,,,,,VIDE_DES_DEUX_COTES,R_ASSIGNMENT_END,"Date de fin : MIN(DateSortiePoste, fin de l'unité adm. courante)",REGLE_DETERMINISTE,MATCH,,DERIVE,CONFORME,CONFORME,0.95,AUCUNE,0,Niveau 1 : valeur vide des deux côtés (DateSortiePoste / termEndDate).,,,,Aucune action.,,False,,,"{""DateSortiePoste"": """", ""CodePoste"": ""26800""}","{""fin_unite_adm"": """", ""methode_unite_adm"": ""aucun changement d'unité dans l'historique → MIN(EFFDT)""}","Employe_Source_Anonymise_VF.xlsx ligne 5 ; Employe_Destination_Anonymise_VF.xlsx ligne 4 ; Mapping.xlsx › Mapping, lignes 56-58 ; détail_du_poste.xlsx lignes 11-16","Mapping.xlsx › Mapping, lignes 56-58",base CONFORME=0.95 ; ×appariement 1.00 = 0.95,,,,,,CONFORME
C-8644330-S21-D20-givenName,8644330,Pre8644330 Nom8644330,COMPARAISON_CHAMP,givenName,P · poste 67970 · emploi 6031 · début 2001-02-05,21,20,APPARIE,1.0,PrénomUsuel,Pre8644330,Pre8644330,pre8644330,pre8644330,Pre8644330,,IDENTIQUE,R_DIRECT,Copie directe (mapping N/A),COMPARAISON_BRUTE,MATCH,,CERTAIN,CONFORME,CONFORME,0.99,AUCUNE,0,"Niveau 1 : valeurs identiques (PrénomUsuel='Pre8644330', givenName='Pre8644330').",,,,Aucune action.,,False,,,"{""PrénomUsuel"": ""Pre8644330""}",,"Employe_Source_Anonymise_VF.xlsx ligne 21 ; Employe_Destination_Anonymise_VF.xlsx ligne 20 ; Mapping.xlsx › Mapping, ligne 2","Mapping.xlsx › Mapping, ligne 2",base CONFORME=0.99 ; ×appariement 1.00 = 0.99,,,,,,CONFORME
C-8644330-S21-D20-surname,8644330,Pre8644330 Nom8644330,COMPARAISON_CHAMP,surname,P · poste 67970 · emploi 6031 · début 2001-02-05,21,20,APPARIE,1.0,NomFamille,Nom8644330,Nom8644330,nom8644330,nom8644330,Nom8644330,,IDENTIQUE,R_DIRECT,Copie directe (mapping N/A),COMPARAISON_BRUTE,MATCH,,CERTAIN,CONFORME,CONFORME,0.99,AUCUNE,0,"Niveau 1 : valeurs identiques (NomFamille='Nom8644330', surname='Nom8644330').",,,,Aucune action.,,False,,,"{""NomFamille"": ""Nom8644330""}",,"Employe_Source_Anonymise_VF.xlsx ligne 21 ; Employe_Destination_Anonymise_VF.xlsx ligne 20 ; Mapping.xlsx › Mapping, ligne 3","Mapping.xlsx › Mapping, ligne 3",base CONFORME=0.99 ; ×appariement 1.00 = 0.99,,,,,,CONFORME
C-8644330-S21-D20-onboardDate,8644330,Pre8644330 Nom8644330,COMPARAISON_CHAMP,onboardDate,P · poste 67970 · emploi 6031 · début 2001-02-05,21,20,APPARIE,1.0,DateEmbaucheRécente,1989-09-19,1989-09-19T00:00:00.000Z,1989-09-19,1989-09-19,1989-09-19,,IDENTIQUE_APRES_NORMALISATION,R_DIRECT,Copie directe (mapping N/A),COMPARAISON_BRUTE,MATCH,,CERTAIN,CONFORME,CONFORME,0.95,AUCUNE,0,Niveau 1 : différence de format uniquement ('1989-09-19' vs '1989-09-19T00:00:00.000Z' → '1989-09-19').,,,,Aucune action.,,False,,,"{""DateEmbaucheRécente"": ""1989-09-19""}",,"Employe_Source_Anonymise_VF.xlsx ligne 21 ; Employe_Destination_Anonymise_VF.xlsx ligne 20 ; Mapping.xlsx › Mapping, ligne 7","Mapping.xlsx › Mapping, ligne 7",base CONFORME=0.95 ; ×appariement 1.00 = 0.95,,,,,,CONFORME
C-8644330-S21-D20-siteName,8644330,Pre8644330 Nom8644330,COMPARAISON_CHAMP,siteName,P · poste 67970 · emploi 6031 · début 2001-02-05,21,20,APPARIE,1.0,LibelléSite,Emplacement48,Emplacement48,emplacement48,emplacement48,Emplacement48,,IDENTIQUE,R_DIRECT,Copie directe (mapping N/A),COMPARAISON_BRUTE,MATCH,,CERTAIN,CONFORME,CONFORME,0.99,AUCUNE,0,"Niveau 1 : valeurs identiques (LibelléSite='Emplacement48', siteName='Emplacement48').",,,,Aucune action.,,False,,,"{""LibelléSite"": ""Emplacement48""}",,"Employe_Source_Anonymise_VF.xlsx ligne 21 ; Employe_Destination_Anonymise_VF.xlsx ligne 20 ; Mapping.xlsx › Mapping, ligne 9","Mapping.xlsx › Mapping, ligne 9",base CONFORME=0.99 ; ×appariement 1.00 = 0.99,,,,,,CONFORME
C-8644330-S21-D20-siteCode,8644330,Pre8644330 Nom8644330,COMPARAISON_CHAMP,siteCode,P · poste 67970 · emploi 6031 · début 2001-02-05,21,20,APPARIE,1.0,CodeSite,48,48,48,48,48,,IDENTIQUE,R_DIRECT,Copie directe (mapping N/A),COMPARAISON_BRUTE,MATCH,,CERTAIN,CONFORME,CONFORME,0.99,AUCUNE,0,"Niveau 1 : valeurs identiques (CodeSite='48', siteCode='48').",,,,Aucune action.,,False,,,"{""CodeSite"": ""48""}",,"Employe_Source_Anonymise_VF.xlsx ligne 21 ; Employe_Destination_Anonymise_VF.xlsx ligne 20 ; Mapping.xlsx › Mapping, ligne 10","Mapping.xlsx › Mapping, ligne 10",base CONFORME=0.99 ; ×appariement 1.00 = 0.99,,,,,,CONFORME
C-8644330-S21-D20-divisionId,8644330,Pre8644330 Nom8644330,COMPARAISON_CHAMP,divisionId,P · poste 67970 · emploi 6031 · début 2001-02-05,21,20,APPARIE,1.0,CodeDirection,371,371,371,371,371,,IDENTIQUE,R_DIRECT,Copie directe (mapping N/A),COMPARAISON_BRUTE,MATCH,,CERTAIN,CONFORME,CONFORME,0.99,AUCUNE,0,"Niveau 1 : valeurs identiques (CodeDirection='371', divisionId='371').",,,,Aucune action.,,False,,,"{""CodeDirection"": ""371""}",,"Employe_Source_Anonymise_VF.xlsx ligne 21 ; Employe_Destination_Anonymise_VF.xlsx ligne 20 ; Mapping.xlsx › Mapping, ligne 11","Mapping.xlsx › Mapping, ligne 11",base CONFORME=0.99 ; ×appariement 1.00 = 0.99,,,,,,CONFORME
C-8644330-S21-D20-divisionName,8644330,Pre8644330 Nom8644330,COMPARAISON_CHAMP,divisionName,P · poste 67970 · emploi 6031 · début 2001-02-05,21,20,APPARIE,1.0,LibelléDirection,UnitAdmin00371,00371-UnitAdmin00371,unitadmin00371,00371-unitadmin00371,371-UnitAdmin00371,,DIFFERENT,R_CONCAT_DIVISION,Concaténation CodeDirection + '-' + LibelléDirection,REGLE_DETERMINISTE,MATCH,zéros non significatifs du code ignorés,DERIVE,ECART_JUSTIFIE,ECART_JUSTIFIE,0.92,AUCUNE,0,"Niveau 1 : LibelléDirection='UnitAdmin00371' ≠ divisionName='00371-UnitAdmin00371'. Niveau 2 : écart expliqué par R_CONCAT_DIVISION [Mapping.xlsx › Mapping, ligne 12] : CodeDirection + '-' + LibelléDirection → attendu '371-UnitAdmin00371' (zéros non significatifs du code ignorés).",,,,Aucune action.,,False,,,"{""CodeDirection"": ""371"", ""LibelléDirection"": ""UnitAdmin00371""}","{""code_destination"": ""00371"", ""libelle_destination"": ""UnitAdmin00371""}","Employe_Source_Anonymise_VF.xlsx ligne 21 ; Employe_Destination_Anonymise_VF.xlsx ligne 20 ; Mapping.xlsx › Mapping, ligne 12","Mapping.xlsx › Mapping, ligne 12",base ECART_JUSTIFIE=0.92 ; ×appariement 1.00 = 0.92,,,,,,ECART_JUSTIFIE
C-8644330-S21-D20-divisionCode,8644330,Pre8644330 Nom8644330,COMPARAISON_CHAMP,divisionCode,P · poste 67970 · emploi 6031 · début 2001-02-05,21,20,APPARIE,1.0,CodeImputation,2883,2883,2883,2883,2883,,IDENTIQUE,R_DIRECT,Copie directe (mapping N/A),COMPARAISON_BRUTE,MATCH,,CERTAIN,CONFORME,CONFORME,0.99,AUCUNE,0,"Niveau 1 : valeurs identiques (CodeImputation='2883', divisionCode='2883').",,,,Aucune action.,,False,,,"{""CodeImputation"": ""2883""}",,"Employe_Source_Anonymise_VF.xlsx ligne 21 ; Employe_Destination_Anonymise_VF.xlsx ligne 20 ; Mapping.xlsx › Mapping, ligne 13","Mapping.xlsx › Mapping, ligne 13",base CONFORME=0.99 ; ×appariement 1.00 = 0.99,,,,,,CONFORME
C-8644330-S21-D20-positionId,8644330,Pre8644330 Nom8644330,COMPARAISON_CHAMP,positionId,P · poste 67970 · emploi 6031 · début 2001-02-05,21,20,APPARIE,1.0,CodeEmploi,6031,6031,6031,6031,6031,,IDENTIQUE,R_DIRECT,Copie directe (mapping N/A),COMPARAISON_BRUTE,MATCH,,CERTAIN,CONFORME,CONFORME,0.99,AUCUNE,0,"Niveau 1 : valeurs identiques (CodeEmploi='6031', positionId='6031').",,,,Aucune action.,,False,,,"{""CodeEmploi"": ""6031""}",,"Employe_Source_Anonymise_VF.xlsx ligne 21 ; Employe_Destination_Anonymise_VF.xlsx ligne 20 ; Mapping.xlsx › Mapping, ligne 14","Mapping.xlsx › Mapping, ligne 14",base CONFORME=0.99 ; ×appariement 1.00 = 0.99,,,,,,CONFORME
C-8644330-S21-D20-positionCode,8644330,Pre8644330 Nom8644330,COMPARAISON_CHAMP,positionCode,P · poste 67970 · emploi 6031 · début 2001-02-05,21,20,APPARIE,1.0,CodeEmploi,6031,6031,6031,6031,6031,,IDENTIQUE,R_DIRECT,Copie directe (mapping N/A),COMPARAISON_BRUTE,MATCH,,CERTAIN,CONFORME,CONFORME,0.99,AUCUNE,0,"Niveau 1 : valeurs identiques (CodeEmploi='6031', positionCode='6031').",,,,Aucune action.,,False,,,"{""CodeEmploi"": ""6031""}",,"Employe_Source_Anonymise_VF.xlsx ligne 21 ; Employe_Destination_Anonymise_VF.xlsx ligne 20 ; Mapping.xlsx › Mapping, ligne 16","Mapping.xlsx › Mapping, ligne 16",base CONFORME=0.99 ; ×appariement 1.00 = 0.99,,,,,,CONFORME
C-8644330-S21-D20-statusReasonCode,8644330,Pre8644330 Nom8644330,COMPARAISON_CHAMP,statusReasonCode,P · poste 67970 · emploi 6031 · début 2001-02-05,21,20,APPARIE,1.0,"CodeStatutEmploi, CodeRaisonStatut, DateEffetRaison",703,,703,,,,DESTINATION_VIDE,R_SITUATION_EMPLOI,Table 'Règles situation d'emploi' + jointure motifs,REGLE_DETERMINISTE,MATCH,,DERIVE,ECART_JUSTIFIE,ECART_JUSTIFIE,0.92,AUCUNE,0,"Niveau 1 : CodeRaisonStatut='703' ≠ statusReasonCode='∅'. Niveau 2 : écart expliqué par R_SITUATION_EMPLOI [Mapping.xlsx › Mapping, lignes 17-21] : situation 'Actif' (codes d'accès [0, 1], ligne 2) → cf_CAD = null → attendu '∅'.",,,,Aucune action.,,False,,,"{""CodeSuspensionAccès"": ""1"", ""CodeStatutEmploi"": ""1"", ""CodeRaisonStatut"": ""703"", ""DateEffetRaison"": ""1995-02-06"", ""DateRetourAnticipée"": """"}","{""motif_trouve"": false}","Employe_Source_Anonymise_VF.xlsx ligne 21 ; Employe_Destination_Anonymise_VF.xlsx ligne 20 ; Mapping.xlsx › Mapping, lignes 17-21 ; Mapping.xlsx › Règles situation d'emploi","Mapping.xlsx › Mapping, lignes 17-21",base ECART_JUSTIFIE=0.92 ; ×appariement 1.00 = 0.92,,,,,,ECART_JUSTIFIE
C-8644330-S21-D20-expectedReturnDate,8644330,Pre8644330 Nom8644330,COMPARAISON_CHAMP,expectedReturnDate,P · poste 67970 · emploi 6031 · début 2001-02-05,21,20,APPARIE,1.0,DateRetourAnticipée,,,,,,,VIDE_DES_DEUX_COTES,R_SITUATION_EMPLOI,Table 'Règles situation d'emploi' + jointure motifs,REGLE_DETERMINISTE,MATCH,,DERIVE,CONFORME,CONFORME,0.95,AUCUNE,0,Niveau 1 : valeur vide des deux côtés (DateRetourAnticipée / expectedReturnDate).,,,,Aucune action.,,False,,,"{""CodeSuspensionAccès"": ""1"", ""CodeStatutEmploi"": ""1"", ""CodeRaisonStatut"": ""703"", ""DateEffetRaison"": ""1995-02-06"", ""DateRetourAnticipée"": """"}","{""motif_trouve"": false}","Employe_Source_Anonymise_VF.xlsx ligne 21 ; Employe_Destination_Anonymise_VF.xlsx ligne 20 ; Mapping.xlsx › Mapping, ligne 22 ; Mapping.xlsx › Règles situation d'emploi","Mapping.xlsx › Mapping, ligne 22",base CONFORME=0.95 ; ×appariement 1.00 = 0.95,,,,,,CONFORME
C-8644330-S21-D20-detailedStatus,8644330,Pre8644330 Nom8644330,COMPARAISON_CHAMP,detailedStatus,P · poste 67970 · emploi 6031 · début 2001-02-05,21,20,APPARIE,1.0,-,,Actif,,actif,Actif,,NON_COMPARABLE,R_SITUATION_EMPLOI,Table 'Règles situation d'emploi' + jointure motifs,REGLE_DETERMINISTE,MATCH,,DERIVE,CONFORME,CONFORME,0.95,AUCUNE,0,"Niveau 2 : R_SITUATION_EMPLOI [Mapping.xlsx › Mapping, ligne 23] dérive 'Actif' (situation 'Actif' (codes d'accès [0, 1], ligne 2)) ; identique à la destination.",,,,Aucune action.,,False,,,"{""CodeSuspensionAccès"": ""1"", ""CodeStatutEmploi"": ""1"", ""CodeRaisonStatut"": ""703"", ""DateEffetRaison"": ""1995-02-06"", ""DateRetourAnticipée"": """"}","{""motif_trouve"": false}","Employe_Source_Anonymise_VF.xlsx ligne 21 ; Employe_Destination_Anonymise_VF.xlsx ligne 20 ; Mapping.xlsx › Mapping, ligne 23 ; Mapping.xlsx › Règles situation d'emploi","Mapping.xlsx › Mapping, ligne 23",base CONFORME=0.95 ; ×appariement 1.00 = 0.95,,,,,,CONFORME
C-8644330-S21-D20-contractTypeCode,8644330,Pre8644330 Nom8644330,COMPARAISON_CHAMP,contractTypeCode,P · poste 67970 · emploi 6031 · début 2001-02-05,21,20,APPARIE,1.0,"CatégorieEmploi, EMPT_CD, EstPermanent, PERM_IND, EstTempsPlein, FT_IND",V,JWN,v,jwn,JWN,,DIFFERENT,R_CONTRACT_TYPE,Type d'employé : table SI PERM_IND / FT_IND / EMPTP_CD,REGLE_DETERMINISTE,MATCH,,DERIVE,ECART_JUSTIFIE,ECART_JUSTIFIE,0.92,AUCUNE,0,"Niveau 1 : CatégorieEmploi='V' ≠ contractTypeCode='JWN'. Niveau 2 : écart expliqué par R_CONTRACT_TYPE [Mapping.xlsx › Mapping, lignes 24-40] : ligne de règle appliquée : SI PERM_IND=1 et FT_IND=1 et EMPTP_CD=""V"" --> Mettre ""JWN"" → attendu 'JWN'.",,,,Aucune action.,,False,,,"{""CatégorieEmploi"": ""V"", ""EstPermanent"": ""Oui (1)"", ""EstTempsPlein"": ""Oui (1)""}",,"Employe_Source_Anonymise_VF.xlsx ligne 21 ; Employe_Destination_Anonymise_VF.xlsx ligne 20 ; Mapping.xlsx › Mapping, lignes 24-40","Mapping.xlsx › Mapping, lignes 24-40",base ECART_JUSTIFIE=0.92 ; ×appariement 1.00 = 0.92,,,,,,ECART_JUSTIFIE
C-8644330-S21-D20-isPrimaryAssignment,8644330,Pre8644330 Nom8644330,COMPARAISON_CHAMP,isPrimaryAssignment,P · poste 67970 · emploi 6031 · début 2001-02-05,21,20,APPARIE,1.0,TypeAffectation,P,true,P,true,true,,DIFFERENT,R_ASSIGNMENT_TYPE,TypeAffectation P/A/S → indicateurs primaire/temporaire,REGLE_DETERMINISTE,MATCH,,DERIVE,ECART_JUSTIFIE,ECART_JUSTIFIE,0.92,AUCUNE,0,"Niveau 1 : TypeAffectation='P' ≠ isPrimaryAssignment='true'. Niveau 2 : écart expliqué par R_ASSIGNMENT_TYPE [Mapping.xlsx › Mapping, lignes 41-45] : Type aff = P → primaire=true, temporaire=false → attendu 'true'.",,,,Aucune action.,,False,,,"{""TypeAffectation"": ""P""}",,"Employe_Source_Anonymise_VF.xlsx ligne 21 ; Employe_Destination_Anonymise_VF.xlsx ligne 20 ; Mapping.xlsx › Mapping, lignes 41-45","Mapping.xlsx › Mapping, lignes 41-45",base ECART_JUSTIFIE=0.92 ; ×appariement 1.00 = 0.92,,,,,,ECART_JUSTIFIE
C-8644330-S21-D20-isTemporaryAssignment,8644330,Pre8644330 Nom8644330,COMPARAISON_CHAMP,isTemporaryAssignment,P · poste 67970 · emploi 6031 · début 2001-02-05,21,20,APPARIE,1.0,TypeAffectation,P,false,P,false,false,,DIFFERENT,R_ASSIGNMENT_TYPE,TypeAffectation P/A/S → indicateurs primaire/temporaire,REGLE_DETERMINISTE,MATCH,,DERIVE,ECART_JUSTIFIE,ECART_JUSTIFIE,0.92,AUCUNE,0,"Niveau 1 : TypeAffectation='P' ≠ isTemporaryAssignment='false'. Niveau 2 : écart expliqué par R_ASSIGNMENT_TYPE [Mapping.xlsx › Mapping, lignes 41-45] : Type aff = P → primaire=true, temporaire=false → attendu 'false'.",,,,Aucune action.,,False,,,"{""TypeAffectation"": ""P""}",,"Employe_Source_Anonymise_VF.xlsx ligne 21 ; Employe_Destination_Anonymise_VF.xlsx ligne 20 ; Mapping.xlsx › Mapping, lignes 41-45","Mapping.xlsx › Mapping, lignes 41-45",base ECART_JUSTIFIE=0.92 ; ×appariement 1.00 = 0.92,,,,,,ECART_JUSTIFIE
C-8644330-S21-D20-assignmentStartDate,8644330,Pre8644330 Nom8644330,COMPARAISON_CHAMP,assignmentStartDate,P · poste 67970 · emploi 6031 · début 2001-02-05,21,20,APPARIE,1.0,DateEntréePoste,2001-02-05,2001-02-05,2001-02-05,2001-02-05,2001-02-05,,IDENTIQUE,R_ASSIGNMENT_START,Date d'effet : DateEntréePoste vs date d'effet de l'unité adm. (détail du poste),REGLE_DETERMINISTE,MATCH,,DERIVE,CONFORME,CONFORME,0.99,AUCUNE,0,"Niveau 1 : valeurs identiques (DateEntréePoste='2001-02-05', assignmentStartDate='2001-02-05') ; Niveau 2 : R_ASSIGNMENT_START [Mapping.xlsx › Mapping, lignes 46-48] confirme la valeur attendue '2001-02-05' (MAX(DateEntréePoste 2001-02-05, date d'effet du détail du poste courant 1994-01-05) = 2001-02-05 → date d'effet du poste (source) [enregistrement courant (ligne 100) différent du précédent (ligne 99) sur : CodePosteSecondaire, MatriculeGestionnaire]).",,,,Aucune action.,,False,,,"{""DateEntréePoste"": ""2001-02-05"", ""CodePoste"": ""67970"", ""CodeDirection"": ""371""}","{""date_effet_detail_courant"": ""1994-01-05"", ""ligne_detail_courant"": 100, ""methode_detail_poste"": ""enregistrement courant (ligne 100) différent du précédent (ligne 99) sur : CodePosteSecondaire, MatriculeGestionnaire"", ""historique"": ""1987-08-19 (unité 371) → 1989-01-23 (unité 371) → 1990-01-15 (unité 371) → 1993-02-13 (unité 371) → 1994-01-05 (unité 371)"", ""EFFDT_min"": ""1987-08-19"", ""EFFDT_max"": ""1994-01-05"", ""lignes_detail_poste"": [96, 97, 98, 99, 100], ""valeur_lecture_litterale_MIN"": ""1994-01-05""}","Employe_Source_Anonymise_VF.xlsx ligne 21 ; Employe_Destination_Anonymise_VF.xlsx ligne 20 ; Mapping.xlsx › Mapping, lignes 46-48 ; détail_du_poste.xlsx lignes 96-100","Mapping.xlsx › Mapping, lignes 46-48",base CONFORME=0.99 ; ×appariement 1.00 = 0.99,,,,,,CONFORME
C-8644330-S21-D20-payGradeId,8644330,Pre8644330 Nom8644330,COMPARAISON_CHAMP,payGradeId,P · poste 67970 · emploi 6031 · début 2001-02-05,21,20,APPARIE,1.0,ÉchelleSalariale,293,293,293,293,293,,IDENTIQUE,R_DIRECT,Copie directe (mapping N/A),COMPARAISON_BRUTE,MATCH,,CERTAIN,CONFORME,CONFORME,0.99,AUCUNE,0,"Niveau 1 : valeurs identiques (ÉchelleSalariale='293', payGradeId='293').",,,,Aucune action.,,False,,,"{""ÉchelleSalariale"": ""293""}",,"Employe_Source_Anonymise_VF.xlsx ligne 21 ; Employe_Destination_Anonymise_VF.xlsx ligne 20 ; Mapping.xlsx › Mapping, ligne 49","Mapping.xlsx › Mapping, ligne 49",base CONFORME=0.99 ; ×appariement 1.00 = 0.99,,,,,,CONFORME
C-8644330-S21-D20-weeklyHoursOverride,8644330,Pre8644330 Nom8644330,COMPARAISON_CHAMP,weeklyHoursOverride,P · poste 67970 · emploi 6031 · début 2001-02-05,21,20,APPARIE,1.0,HeuresNormeHebdo,40,40,40,40,40,,IDENTIQUE,R_DIRECT,Copie directe (mapping N/A),COMPARAISON_BRUTE,MATCH,,CERTAIN,CONFORME,CONFORME,0.99,AUCUNE,0,"Niveau 1 : valeurs identiques (HeuresNormeHebdo='40', weeklyHoursOverride='40').",,,,Aucune action.,,False,,,"{""HeuresNormeHebdo"": ""40""}","{""heures_semaine_poste"": 40, ""CodeQuart"": ""23""}","Employe_Source_Anonymise_VF.xlsx ligne 21 ; Employe_Destination_Anonymise_VF.xlsx ligne 20 ; Mapping.xlsx › Mapping, ligne 51 ; détail_du_poste.xlsx (contexte) lignes 100","Mapping.xlsx › Mapping, ligne 51",base CONFORME=0.99 ; ×appariement 1.00 = 0.99,,,,,,CONFORME
C-8644330-S21-D20-dailyHoursOverride,8644330,Pre8644330 Nom8644330,COMPARAISON_CHAMP,dailyHoursOverride,P · poste 67970 · emploi 6031 · début 2001-02-05,21,20,APPARIE,1.0,HeuresNormeQuotidienne,8,8,8,8,8,,IDENTIQUE,R_DIRECT,Copie directe (mapping N/A),COMPARAISON_BRUTE,MATCH,,CERTAIN,CONFORME,CONFORME,0.99,AUCUNE,0,"Niveau 1 : valeurs identiques (HeuresNormeQuotidienne='8', dailyHoursOverride='8').",,,,Aucune action.,,False,,,"{""HeuresNormeQuotidienne"": ""8""}","{""heures_jour_poste"": 8, ""CodeQuart"": ""23""}","Employe_Source_Anonymise_VF.xlsx ligne 21 ; Employe_Destination_Anonymise_VF.xlsx ligne 20 ; Mapping.xlsx › Mapping, ligne 52 ; détail_du_poste.xlsx (contexte) lignes 100","Mapping.xlsx › Mapping, ligne 52",base CONFORME=0.99 ; ×appariement 1.00 = 0.99,,,,,,CONFORME
C-8644330-S21-D20-assignmentEndDate,8644330,Pre8644330 Nom8644330,COMPARAISON_CHAMP,assignmentEndDate,P · poste 67970 · emploi 6031 · début 2001-02-05,21,20,APPARIE,1.0,DateSortiePoste,,,,,,,VIDE_DES_DEUX_COTES,R_ASSIGNMENT_END,"Date de fin : MIN(DateSortiePoste, fin de l'unité adm. courante)",REGLE_DETERMINISTE,MATCH,,DERIVE,CONFORME,CONFORME,0.95,AUCUNE,0,Niveau 1 : valeur vide des deux côtés (DateSortiePoste / assignmentEndDate).,,,,Aucune action.,,False,,,"{""DateSortiePoste"": """", ""CodePoste"": ""67970""}","{""fin_unite_adm"": """", ""methode_unite_adm"": ""aucun changement d'unité dans l'historique → MIN(EFFDT)""}","Employe_Source_Anonymise_VF.xlsx ligne 21 ; Employe_Destination_Anonymise_VF.xlsx ligne 20 ; Mapping.xlsx › Mapping, lignes 53-55 ; détail_du_poste.xlsx lignes 96-100","Mapping.xlsx › Mapping, lignes 53-55",base CONFORME=0.95 ; ×appariement 1.00 = 0.95,,,,,,CONFORME
C-8644330-S21-D20-termEndDate,8644330,Pre8644330 Nom8644330,COMPARAISON_CHAMP,termEndDate,P · poste 67970 · emploi 6031 · début 2001-02-05,21,20,APPARIE,1.0,DateSortiePoste,,,,,,,VIDE_DES_DEUX_COTES,R_ASSIGNMENT_END,"Date de fin : MIN(DateSortiePoste, fin de l'unité adm. courante)",REGLE_DETERMINISTE,MATCH,,DERIVE,CONFORME,CONFORME,0.95,AUCUNE,0,Niveau 1 : valeur vide des deux côtés (DateSortiePoste / termEndDate).,,,,Aucune action.,,False,,,"{""DateSortiePoste"": """", ""CodePoste"": ""67970""}","{""fin_unite_adm"": """", ""methode_unite_adm"": ""aucun changement d'unité dans l'historique → MIN(EFFDT)""}","Employe_Source_Anonymise_VF.xlsx ligne 21 ; Employe_Destination_Anonymise_VF.xlsx ligne 20 ; Mapping.xlsx › Mapping, lignes 56-58 ; détail_du_poste.xlsx lignes 96-100","Mapping.xlsx › Mapping, lignes 56-58",base CONFORME=0.95 ; ×appariement 1.00 = 0.95,,,,,,CONFORME
C-9989151-S4-D3-givenName,9989151,Pre9989151 Nom9989151,COMPARAISON_CHAMP,givenName,P · poste 31109 · emploi 6203 · début 2009-03-30,4,3,APPARIE,1.0,PrénomUsuel,Pre9989151,Pre9989151,pre9989151,pre9989151,Pre9989151,,IDENTIQUE,R_DIRECT,Copie directe (mapping N/A),COMPARAISON_BRUTE,MATCH,,CERTAIN,CONFORME,CONFORME,0.99,AUCUNE,0,"Niveau 1 : valeurs identiques (PrénomUsuel='Pre9989151', givenName='Pre9989151').",,,,Aucune action.,,False,,,"{""PrénomUsuel"": ""Pre9989151""}",,"Employe_Source_Anonymise_VF.xlsx ligne 4 ; Employe_Destination_Anonymise_VF.xlsx ligne 3 ; Mapping.xlsx › Mapping, ligne 2","Mapping.xlsx › Mapping, ligne 2",base CONFORME=0.99 ; ×appariement 1.00 = 0.99,,,,,,CONFORME
C-9989151-S4-D3-surname,9989151,Pre9989151 Nom9989151,COMPARAISON_CHAMP,surname,P · poste 31109 · emploi 6203 · début 2009-03-30,4,3,APPARIE,1.0,NomFamille,Nom9989151,Nom9989151,nom9989151,nom9989151,Nom9989151,,IDENTIQUE,R_DIRECT,Copie directe (mapping N/A),COMPARAISON_BRUTE,MATCH,,CERTAIN,CONFORME,CONFORME,0.99,AUCUNE,0,"Niveau 1 : valeurs identiques (NomFamille='Nom9989151', surname='Nom9989151').",,,,Aucune action.,,False,,,"{""NomFamille"": ""Nom9989151""}",,"Employe_Source_Anonymise_VF.xlsx ligne 4 ; Employe_Destination_Anonymise_VF.xlsx ligne 3 ; Mapping.xlsx › Mapping, ligne 3","Mapping.xlsx › Mapping, ligne 3",base CONFORME=0.99 ; ×appariement 1.00 = 0.99,,,,,,CONFORME
C-9989151-S4-D3-onboardDate,9989151,Pre9989151 Nom9989151,COMPARAISON_CHAMP,onboardDate,P · poste 31109 · emploi 6203 · début 2009-03-30,4,3,APPARIE,1.0,DateEmbaucheRécente,2003-12-12,2003-12-12T00:00:00.000Z,2003-12-12,2003-12-12,2003-12-12,,IDENTIQUE_APRES_NORMALISATION,R_DIRECT,Copie directe (mapping N/A),COMPARAISON_BRUTE,MATCH,,CERTAIN,CONFORME,CONFORME,0.95,AUCUNE,0,Niveau 1 : différence de format uniquement ('2003-12-12' vs '2003-12-12T00:00:00.000Z' → '2003-12-12').,,,,Aucune action.,,False,,,"{""DateEmbaucheRécente"": ""2003-12-12""}",,"Employe_Source_Anonymise_VF.xlsx ligne 4 ; Employe_Destination_Anonymise_VF.xlsx ligne 3 ; Mapping.xlsx › Mapping, ligne 7","Mapping.xlsx › Mapping, ligne 7",base CONFORME=0.95 ; ×appariement 1.00 = 0.95,,,,,,CONFORME
C-9989151-S4-D3-siteName,9989151,Pre9989151 Nom9989151,COMPARAISON_CHAMP,siteName,P · poste 31109 · emploi 6203 · début 2009-03-30,4,3,APPARIE,1.0,LibelléSite,Emplacement48,Emplacement48,emplacement48,emplacement48,Emplacement48,,IDENTIQUE,R_DIRECT,Copie directe (mapping N/A),COMPARAISON_BRUTE,MATCH,,CERTAIN,CONFORME,CONFORME,0.99,AUCUNE,0,"Niveau 1 : valeurs identiques (LibelléSite='Emplacement48', siteName='Emplacement48').",,,,Aucune action.,,False,,,"{""LibelléSite"": ""Emplacement48""}",,"Employe_Source_Anonymise_VF.xlsx ligne 4 ; Employe_Destination_Anonymise_VF.xlsx ligne 3 ; Mapping.xlsx › Mapping, ligne 9","Mapping.xlsx › Mapping, ligne 9",base CONFORME=0.99 ; ×appariement 1.00 = 0.99,,,,,,CONFORME
C-9989151-S4-D3-siteCode,9989151,Pre9989151 Nom9989151,COMPARAISON_CHAMP,siteCode,P · poste 31109 · emploi 6203 · début 2009-03-30,4,3,APPARIE,1.0,CodeSite,48,48,48,48,48,,IDENTIQUE,R_DIRECT,Copie directe (mapping N/A),COMPARAISON_BRUTE,MATCH,,CERTAIN,CONFORME,CONFORME,0.99,AUCUNE,0,"Niveau 1 : valeurs identiques (CodeSite='48', siteCode='48').",,,,Aucune action.,,False,,,"{""CodeSite"": ""48""}",,"Employe_Source_Anonymise_VF.xlsx ligne 4 ; Employe_Destination_Anonymise_VF.xlsx ligne 3 ; Mapping.xlsx › Mapping, ligne 10","Mapping.xlsx › Mapping, ligne 10",base CONFORME=0.99 ; ×appariement 1.00 = 0.99,,,,,,CONFORME
C-9989151-S4-D3-divisionId,9989151,Pre9989151 Nom9989151,COMPARAISON_CHAMP,divisionId,P · poste 31109 · emploi 6203 · début 2009-03-30,4,3,APPARIE,1.0,CodeDirection,348,348,348,348,348,,IDENTIQUE,R_DIRECT,Copie directe (mapping N/A),COMPARAISON_BRUTE,MATCH,,CERTAIN,CONFORME,CONFORME,0.99,AUCUNE,0,"Niveau 1 : valeurs identiques (CodeDirection='348', divisionId='348').",,,,Aucune action.,,False,,,"{""CodeDirection"": ""348""}",,"Employe_Source_Anonymise_VF.xlsx ligne 4 ; Employe_Destination_Anonymise_VF.xlsx ligne 3 ; Mapping.xlsx › Mapping, ligne 11","Mapping.xlsx › Mapping, ligne 11",base CONFORME=0.99 ; ×appariement 1.00 = 0.99,,,,,,CONFORME
C-9989151-S4-D3-divisionName,9989151,Pre9989151 Nom9989151,COMPARAISON_CHAMP,divisionName,P · poste 31109 · emploi 6203 · début 2009-03-30,4,3,APPARIE,1.0,LibelléDirection,UnitAdmin00348,00348-UnitAdmin00348,unitadmin00348,00348-unitadmin00348,348-UnitAdmin00348,,DIFFERENT,R_CONCAT_DIVISION,Concaténation CodeDirection + '-' + LibelléDirection,REGLE_DETERMINISTE,MATCH,zéros non significatifs du code ignorés,DERIVE,ECART_JUSTIFIE,ECART_JUSTIFIE,0.92,AUCUNE,0,"Niveau 1 : LibelléDirection='UnitAdmin00348' ≠ divisionName='00348-UnitAdmin00348'. Niveau 2 : écart expliqué par R_CONCAT_DIVISION [Mapping.xlsx › Mapping, ligne 12] : CodeDirection + '-' + LibelléDirection → attendu '348-UnitAdmin00348' (zéros non significatifs du code ignorés).",,,,Aucune action.,,False,,,"{""CodeDirection"": ""348"", ""LibelléDirection"": ""UnitAdmin00348""}","{""code_destination"": ""00348"", ""libelle_destination"": ""UnitAdmin00348""}","Employe_Source_Anonymise_VF.xlsx ligne 4 ; Employe_Destination_Anonymise_VF.xlsx ligne 3 ; Mapping.xlsx › Mapping, ligne 12","Mapping.xlsx › Mapping, ligne 12",base ECART_JUSTIFIE=0.92 ; ×appariement 1.00 = 0.92,,,,,,ECART_JUSTIFIE
C-9989151-S4-D3-divisionCode,9989151,Pre9989151 Nom9989151,COMPARAISON_CHAMP,divisionCode,P · poste 31109 · emploi 6203 · début 2009-03-30,4,3,APPARIE,1.0,CodeImputation,2950,2950,2950,2950,2950,,IDENTIQUE,R_DIRECT,Copie directe (mapping N/A),COMPARAISON_BRUTE,MATCH,,CERTAIN,CONFORME,CONFORME,0.99,AUCUNE,0,"Niveau 1 : valeurs identiques (CodeImputation='2950', divisionCode='2950').",,,,Aucune action.,,False,,,"{""CodeImputation"": ""2950""}",,"Employe_Source_Anonymise_VF.xlsx ligne 4 ; Employe_Destination_Anonymise_VF.xlsx ligne 3 ; Mapping.xlsx › Mapping, ligne 13","Mapping.xlsx › Mapping, ligne 13",base CONFORME=0.99 ; ×appariement 1.00 = 0.99,,,,,,CONFORME
C-9989151-S4-D3-positionId,9989151,Pre9989151 Nom9989151,COMPARAISON_CHAMP,positionId,P · poste 31109 · emploi 6203 · début 2009-03-30,4,3,APPARIE,1.0,CodeEmploi,6203,6203,6203,6203,6203,,IDENTIQUE,R_DIRECT,Copie directe (mapping N/A),COMPARAISON_BRUTE,MATCH,,CERTAIN,CONFORME,CONFORME,0.99,AUCUNE,0,"Niveau 1 : valeurs identiques (CodeEmploi='6203', positionId='6203').",,,,Aucune action.,,False,,,"{""CodeEmploi"": ""6203""}",,"Employe_Source_Anonymise_VF.xlsx ligne 4 ; Employe_Destination_Anonymise_VF.xlsx ligne 3 ; Mapping.xlsx › Mapping, ligne 14","Mapping.xlsx › Mapping, ligne 14",base CONFORME=0.99 ; ×appariement 1.00 = 0.99,,,,,,CONFORME
C-9989151-S4-D3-positionCode,9989151,Pre9989151 Nom9989151,COMPARAISON_CHAMP,positionCode,P · poste 31109 · emploi 6203 · début 2009-03-30,4,3,APPARIE,1.0,CodeEmploi,6203,6203,6203,6203,6203,,IDENTIQUE,R_DIRECT,Copie directe (mapping N/A),COMPARAISON_BRUTE,MATCH,,CERTAIN,CONFORME,CONFORME,0.99,AUCUNE,0,"Niveau 1 : valeurs identiques (CodeEmploi='6203', positionCode='6203').",,,,Aucune action.,,False,,,"{""CodeEmploi"": ""6203""}",,"Employe_Source_Anonymise_VF.xlsx ligne 4 ; Employe_Destination_Anonymise_VF.xlsx ligne 3 ; Mapping.xlsx › Mapping, ligne 16","Mapping.xlsx › Mapping, ligne 16",base CONFORME=0.99 ; ×appariement 1.00 = 0.99,,,,,,CONFORME
C-9989151-S4-D3-statusReasonCode,9989151,Pre9989151 Nom9989151,COMPARAISON_CHAMP,statusReasonCode,P · poste 31109 · emploi 6203 · début 2009-03-30,4,3,APPARIE,1.0,"CodeStatutEmploi, CodeRaisonStatut, DateEffetRaison",703,,703,,,,DESTINATION_VIDE,R_SITUATION_EMPLOI,Table 'Règles situation d'emploi' + jointure motifs,REGLE_DETERMINISTE,MATCH,,DERIVE,ECART_JUSTIFIE,ECART_JUSTIFIE,0.92,AUCUNE,0,"Niveau 1 : CodeRaisonStatut='703' ≠ statusReasonCode='∅'. Niveau 2 : écart expliqué par R_SITUATION_EMPLOI [Mapping.xlsx › Mapping, lignes 17-21] : situation 'Actif' (codes d'accès [0, 1], ligne 2) → cf_CAD = null → attendu '∅'.",,,,Aucune action.,,False,,,"{""CodeSuspensionAccès"": ""1"", ""CodeStatutEmploi"": ""1"", ""CodeRaisonStatut"": ""703"", ""DateEffetRaison"": ""2015-03-21"", ""DateRetourAnticipée"": """"}","{""motif_trouve"": false}","Employe_Source_Anonymise_VF.xlsx ligne 4 ; Employe_Destination_Anonymise_VF.xlsx ligne 3 ; Mapping.xlsx › Mapping, lignes 17-21 ; Mapping.xlsx › Règles situation d'emploi","Mapping.xlsx › Mapping, lignes 17-21",base ECART_JUSTIFIE=0.92 ; ×appariement 1.00 = 0.92,,,,,,ECART_JUSTIFIE
C-9989151-S4-D3-expectedReturnDate,9989151,Pre9989151 Nom9989151,COMPARAISON_CHAMP,expectedReturnDate,P · poste 31109 · emploi 6203 · début 2009-03-30,4,3,APPARIE,1.0,DateRetourAnticipée,,,,,,,VIDE_DES_DEUX_COTES,R_SITUATION_EMPLOI,Table 'Règles situation d'emploi' + jointure motifs,REGLE_DETERMINISTE,MATCH,,DERIVE,CONFORME,CONFORME,0.95,AUCUNE,0,Niveau 1 : valeur vide des deux côtés (DateRetourAnticipée / expectedReturnDate).,,,,Aucune action.,,False,,,"{""CodeSuspensionAccès"": ""1"", ""CodeStatutEmploi"": ""1"", ""CodeRaisonStatut"": ""703"", ""DateEffetRaison"": ""2015-03-21"", ""DateRetourAnticipée"": """"}","{""motif_trouve"": false}","Employe_Source_Anonymise_VF.xlsx ligne 4 ; Employe_Destination_Anonymise_VF.xlsx ligne 3 ; Mapping.xlsx › Mapping, ligne 22 ; Mapping.xlsx › Règles situation d'emploi","Mapping.xlsx › Mapping, ligne 22",base CONFORME=0.95 ; ×appariement 1.00 = 0.95,,,,,,CONFORME
C-9989151-S4-D3-detailedStatus,9989151,Pre9989151 Nom9989151,COMPARAISON_CHAMP,detailedStatus,P · poste 31109 · emploi 6203 · début 2009-03-30,4,3,APPARIE,1.0,-,,Actif,,actif,Actif,,NON_COMPARABLE,R_SITUATION_EMPLOI,Table 'Règles situation d'emploi' + jointure motifs,REGLE_DETERMINISTE,MATCH,,DERIVE,CONFORME,CONFORME,0.95,AUCUNE,0,"Niveau 2 : R_SITUATION_EMPLOI [Mapping.xlsx › Mapping, ligne 23] dérive 'Actif' (situation 'Actif' (codes d'accès [0, 1], ligne 2)) ; identique à la destination.",,,,Aucune action.,,False,,,"{""CodeSuspensionAccès"": ""1"", ""CodeStatutEmploi"": ""1"", ""CodeRaisonStatut"": ""703"", ""DateEffetRaison"": ""2015-03-21"", ""DateRetourAnticipée"": """"}","{""motif_trouve"": false}","Employe_Source_Anonymise_VF.xlsx ligne 4 ; Employe_Destination_Anonymise_VF.xlsx ligne 3 ; Mapping.xlsx › Mapping, ligne 23 ; Mapping.xlsx › Règles situation d'emploi","Mapping.xlsx › Mapping, ligne 23",base CONFORME=0.95 ; ×appariement 1.00 = 0.95,,,,,,CONFORME
C-9989151-S4-D3-contractTypeCode,9989151,Pre9989151 Nom9989151,COMPARAISON_CHAMP,contractTypeCode,P · poste 31109 · emploi 6203 · début 2009-03-30,4,3,APPARIE,1.0,"CatégorieEmploi, EMPT_CD, EstPermanent, PERM_IND, EstTempsPlein, FT_IND",V,JWN,v,jwn,JWN,,DIFFERENT,R_CONTRACT_TYPE,Type d'employé : table SI PERM_IND / FT_IND / EMPTP_CD,REGLE_DETERMINISTE,MATCH,,DERIVE,ECART_JUSTIFIE,ECART_JUSTIFIE,0.92,AUCUNE,0,"Niveau 1 : CatégorieEmploi='V' ≠ contractTypeCode='JWN'. Niveau 2 : écart expliqué par R_CONTRACT_TYPE [Mapping.xlsx › Mapping, lignes 24-40] : ligne de règle appliquée : SI PERM_IND=1 et FT_IND=1 et EMPTP_CD=""V"" --> Mettre ""JWN"" → attendu 'JWN'.",,,,Aucune action.,,False,,,"{""CatégorieEmploi"": ""V"", ""EstPermanent"": ""Oui (1)"", ""EstTempsPlein"": ""Oui (1)""}",,"Employe_Source_Anonymise_VF.xlsx ligne 4 ; Employe_Destination_Anonymise_VF.xlsx ligne 3 ; Mapping.xlsx › Mapping, lignes 24-40","Mapping.xlsx › Mapping, lignes 24-40",base ECART_JUSTIFIE=0.92 ; ×appariement 1.00 = 0.92,,,,,,ECART_JUSTIFIE
C-9989151-S4-D3-isPrimaryAssignment,9989151,Pre9989151 Nom9989151,COMPARAISON_CHAMP,isPrimaryAssignment,P · poste 31109 · emploi 6203 · début 2009-03-30,4,3,APPARIE,1.0,TypeAffectation,P,true,P,true,true,,DIFFERENT,R_ASSIGNMENT_TYPE,TypeAffectation P/A/S → indicateurs primaire/temporaire,REGLE_DETERMINISTE,MATCH,,DERIVE,ECART_JUSTIFIE,ECART_JUSTIFIE,0.92,AUCUNE,0,"Niveau 1 : TypeAffectation='P' ≠ isPrimaryAssignment='true'. Niveau 2 : écart expliqué par R_ASSIGNMENT_TYPE [Mapping.xlsx › Mapping, lignes 41-45] : Type aff = P → primaire=true, temporaire=false → attendu 'true'.",,,,Aucune action.,,False,,,"{""TypeAffectation"": ""P""}",,"Employe_Source_Anonymise_VF.xlsx ligne 4 ; Employe_Destination_Anonymise_VF.xlsx ligne 3 ; Mapping.xlsx › Mapping, lignes 41-45","Mapping.xlsx › Mapping, lignes 41-45",base ECART_JUSTIFIE=0.92 ; ×appariement 1.00 = 0.92,,,,,,ECART_JUSTIFIE
C-9989151-S4-D3-isTemporaryAssignment,9989151,Pre9989151 Nom9989151,COMPARAISON_CHAMP,isTemporaryAssignment,P · poste 31109 · emploi 6203 · début 2009-03-30,4,3,APPARIE,1.0,TypeAffectation,P,false,P,false,false,,DIFFERENT,R_ASSIGNMENT_TYPE,TypeAffectation P/A/S → indicateurs primaire/temporaire,REGLE_DETERMINISTE,MATCH,,DERIVE,ECART_JUSTIFIE,ECART_JUSTIFIE,0.92,AUCUNE,0,"Niveau 1 : TypeAffectation='P' ≠ isTemporaryAssignment='false'. Niveau 2 : écart expliqué par R_ASSIGNMENT_TYPE [Mapping.xlsx › Mapping, lignes 41-45] : Type aff = P → primaire=true, temporaire=false → attendu 'false'.",,,,Aucune action.,,False,,,"{""TypeAffectation"": ""P""}",,"Employe_Source_Anonymise_VF.xlsx ligne 4 ; Employe_Destination_Anonymise_VF.xlsx ligne 3 ; Mapping.xlsx › Mapping, lignes 41-45","Mapping.xlsx › Mapping, lignes 41-45",base ECART_JUSTIFIE=0.92 ; ×appariement 1.00 = 0.92,,,,,,ECART_JUSTIFIE
C-9989151-S4-D3-assignmentStartDate,9989151,Pre9989151 Nom9989151,COMPARAISON_CHAMP,assignmentStartDate,P · poste 31109 · emploi 6203 · début 2009-03-30,4,3,APPARIE,1.0,DateEntréePoste,2009-03-30,2021-03-30,2009-03-30,2021-03-30,2021-03-30,,DIFFERENT,R_ASSIGNMENT_START,Date d'effet : DateEntréePoste vs date d'effet de l'unité adm. (détail du poste),REGLE_DETERMINISTE,MATCH,,DERIVE,ECART_JUSTIFIE,ECART_JUSTIFIE,0.92,AUCUNE,0,"Niveau 1 : DateEntréePoste='2009-03-30' ≠ assignmentStartDate='2021-03-30'. Niveau 2 : écart expliqué par R_ASSIGNMENT_START [Mapping.xlsx › Mapping, lignes 46-48] : MAX(DateEntréePoste 2009-03-30, date d'effet du détail du poste courant 2021-03-30) = 2021-03-30 → date du détail du poste courant [enregistrement courant (ligne 10) différent du précédent (ligne 9) sur : CodePosteSecondaire, MatriculeGestionnaire] → attendu '2021-03-30'.",,,,Aucune action.,,False,,,"{""DateEntréePoste"": ""2009-03-30"", ""CodePoste"": ""31109"", ""CodeDirection"": ""348""}","{""date_effet_detail_courant"": ""2021-03-30"", ""ligne_detail_courant"": 10, ""methode_detail_poste"": ""enregistrement courant (ligne 10) différent du précédent (ligne 9) sur : CodePosteSecondaire, MatriculeGestionnaire"", ""historique"": ""2004-03-05 (unité 348) → 2007-03-02 (unité 348) → 2011-02-23 (unité 348) → 2014-09-15 (unité 348) → 2017-05-19 (unité 348) → 2021-03-30 (unité 348)"", ""EFFDT_min"": ""2003-06-18"", ""EFFDT_max"": ""2021-03-30"", ""lignes_detail_poste"": [4, 5, 6, 7, 8, 9, 10], ""valeur_lecture_litterale_MIN"": ""2009-03-30""}","Employe_Source_Anonymise_VF.xlsx ligne 4 ; Employe_Destination_Anonymise_VF.xlsx ligne 3 ; Mapping.xlsx › Mapping, lignes 46-48 ; détail_du_poste.xlsx lignes 4-10","Mapping.xlsx › Mapping, lignes 46-48",base ECART_JUSTIFIE=0.92 ; ×appariement 1.00 = 0.92,,,,,,ECART_JUSTIFIE
C-9989151-S4-D3-payGradeId,9989151,Pre9989151 Nom9989151,COMPARAISON_CHAMP,payGradeId,P · poste 31109 · emploi 6203 · début 2009-03-30,4,3,APPARIE,1.0,ÉchelleSalariale,223,223,223,223,223,,IDENTIQUE,R_DIRECT,Copie directe (mapping N/A),COMPARAISON_BRUTE,MATCH,,CERTAIN,CONFORME,CONFORME,0.99,AUCUNE,0,"Niveau 1 : valeurs identiques (ÉchelleSalariale='223', payGradeId='223').",,,,Aucune action.,,False,,,"{""ÉchelleSalariale"": ""223""}",,"Employe_Source_Anonymise_VF.xlsx ligne 4 ; Employe_Destination_Anonymise_VF.xlsx ligne 3 ; Mapping.xlsx › Mapping, ligne 49","Mapping.xlsx › Mapping, ligne 49",base CONFORME=0.99 ; ×appariement 1.00 = 0.99,,,,,,CONFORME
C-9989151-S4-D3-weeklyHoursOverride,9989151,Pre9989151 Nom9989151,COMPARAISON_CHAMP,weeklyHoursOverride,P · poste 31109 · emploi 6203 · début 2009-03-30,4,3,APPARIE,1.0,HeuresNormeHebdo,40,40,40,40,40,,IDENTIQUE,R_DIRECT,Copie directe (mapping N/A),COMPARAISON_BRUTE,MATCH,,CERTAIN,CONFORME,CONFORME,0.99,AUCUNE,0,"Niveau 1 : valeurs identiques (HeuresNormeHebdo='40', weeklyHoursOverride='40').",,,,Aucune action.,,False,,,"{""HeuresNormeHebdo"": ""40""}","{""heures_semaine_poste"": 40, ""CodeQuart"": ""23""}","Employe_Source_Anonymise_VF.xlsx ligne 4 ; Employe_Destination_Anonymise_VF.xlsx ligne 3 ; Mapping.xlsx › Mapping, ligne 51 ; détail_du_poste.xlsx (contexte) lignes 10","Mapping.xlsx › Mapping, ligne 51",base CONFORME=0.99 ; ×appariement 1.00 = 0.99,,,,,,CONFORME
C-9989151-S4-D3-dailyHoursOverride,9989151,Pre9989151 Nom9989151,COMPARAISON_CHAMP,dailyHoursOverride,P · poste 31109 · emploi 6203 · début 2009-03-30,4,3,APPARIE,1.0,HeuresNormeQuotidienne,8,8,8,8,8,,IDENTIQUE,R_DIRECT,Copie directe (mapping N/A),COMPARAISON_BRUTE,MATCH,,CERTAIN,CONFORME,CONFORME,0.99,AUCUNE,0,"Niveau 1 : valeurs identiques (HeuresNormeQuotidienne='8', dailyHoursOverride='8').",,,,Aucune action.,,False,,,"{""HeuresNormeQuotidienne"": ""8""}","{""heures_jour_poste"": 8, ""CodeQuart"": ""23""}","Employe_Source_Anonymise_VF.xlsx ligne 4 ; Employe_Destination_Anonymise_VF.xlsx ligne 3 ; Mapping.xlsx › Mapping, ligne 52 ; détail_du_poste.xlsx (contexte) lignes 10","Mapping.xlsx › Mapping, ligne 52",base CONFORME=0.99 ; ×appariement 1.00 = 0.99,,,,,,CONFORME
C-9989151-S4-D3-assignmentEndDate,9989151,Pre9989151 Nom9989151,COMPARAISON_CHAMP,assignmentEndDate,P · poste 31109 · emploi 6203 · début 2009-03-30,4,3,APPARIE,1.0,DateSortiePoste,,,,,,,VIDE_DES_DEUX_COTES,R_ASSIGNMENT_END,"Date de fin : MIN(DateSortiePoste, fin de l'unité adm. courante)",REGLE_DETERMINISTE,MATCH,,DERIVE,CONFORME,CONFORME,0.95,AUCUNE,0,Niveau 1 : valeur vide des deux côtés (DateSortiePoste / assignmentEndDate).,,,,Aucune action.,,False,,,"{""DateSortiePoste"": """", ""CodePoste"": ""31109""}","{""fin_unite_adm"": """", ""methode_unite_adm"": ""aucun changement d'unité dans l'historique → MIN(EFFDT)""}","Employe_Source_Anonymise_VF.xlsx ligne 4 ; Employe_Destination_Anonymise_VF.xlsx ligne 3 ; Mapping.xlsx › Mapping, lignes 53-55 ; détail_du_poste.xlsx lignes 4-10","Mapping.xlsx › Mapping, lignes 53-55",base CONFORME=0.95 ; ×appariement 1.00 = 0.95,,,,,,CONFORME
C-9989151-S4-D3-termEndDate,9989151,Pre9989151 Nom9989151,COMPARAISON_CHAMP,termEndDate,P · poste 31109 · emploi 6203 · début 2009-03-30,4,3,APPARIE,1.0,DateSortiePoste,,,,,,,VIDE_DES_DEUX_COTES,R_ASSIGNMENT_END,"Date de fin : MIN(DateSortiePoste, fin de l'unité adm. courante)",REGLE_DETERMINISTE,MATCH,,DERIVE,CONFORME,CONFORME,0.95,AUCUNE,0,Niveau 1 : valeur vide des deux côtés (DateSortiePoste / termEndDate).,,,,Aucune action.,,False,,,"{""DateSortiePoste"": """", ""CodePoste"": ""31109""}","{""fin_unite_adm"": """", ""methode_unite_adm"": ""aucun changement d'unité dans l'historique → MIN(EFFDT)""}","Employe_Source_Anonymise_VF.xlsx ligne 4 ; Employe_Destination_Anonymise_VF.xlsx ligne 3 ; Mapping.xlsx › Mapping, lignes 56-58 ; détail_du_poste.xlsx lignes 4-10","Mapping.xlsx › Mapping, lignes 56-58",base CONFORME=0.95 ; ×appariement 1.00 = 0.95,,,,,,CONFORME
